кластер;интенты;фраза;частотность;варианты написания
асфальт и битум;;холодный асфальт в мешках;859;холодный асфальт в мешках
асфальт и битум;;битумная эмульсия;806;битумная эмульсия
асфальт и битум;;горячий асфальт;369;горячий асфальт
асфальт и битум;;эмульсия битумно дорожная;115;эмульсия битумно дорожная
асфальт и битум;;эмульсия битумная катионная;71;эмульсия битумная катионная
асфальт и битум;;битумная эмульсия для крошки;57;битумная эмульсия для крошки
асфальт и битум;;битумная эмульсия эбдк с;54;битумная эмульсия эбдк с
асфальт и битум;;битумная эмульсия для асфальта;47;битумная эмульсия для асфальта
асфальт и битум;;битумная эмульсия эбдк б;44;битумная эмульсия эбдк б
асфальт и битум;;битумная эмульсия эбк;42;битумная эмульсия эбк
асфальт и битум;;битумная эмульсия для асфальтовой;40;битумная эмульсия для асфальтовой
асфальт и битум;;битумная эмульсия для асфальтовой крошки;40;битумная эмульсия для асфальтовой крошки
асфальт и битум;;эмульсия битумно катионная эбдк с;37;эмульсия битумно катионная эбдк с
асфальт и битум;;эмульсия битумно катионная эбдк б;27;эмульсия битумно катионная эбдк б
асфальт и битум;;горячий асфальт в мешках;25;горячий асфальт в мешках
асфальт и битум;;битумная эмульсия эбк 1;21;битумная эмульсия эбк 1
асфальт и битум;;холодный асфальт в мешках 50;19;холодный асфальт в мешках 50
асфальт и битум;;холодный асфальт в мешках 50 кг;19;холодный асфальт в мешках 50 кг
асфальт и битум;;битумная эмульсия сертификат;18;битумная эмульсия сертификат
асфальт и битум;;холодный асфальт в мешках отзывы;16;холодный асфальт в мешках отзывы
асфальт и битум;;розлив битумной эмульсии;16;розлив битумной эмульсии
асфальт и битум;;горячий и холодный асфальт;14;горячий и холодный асфальт
асфальт и битум;;асфальт горячий мелкозернистый;14;асфальт горячий мелкозернистый
асфальт и битум;;холодный асфальт в мешках 25 кг;13;холодный асфальт в мешках 25 кг
асфальт и битум;;битумная эмульсия для асфальтной крошки;13;битумная эмульсия для асфальтной крошки
асфальт и битум;;битумная эмульсия на щебень;13;битумная эмульсия на щебень
асфальт и битум;;холодный асфальт в мешках фасовкой 35 кг;12;холодный асфальт в мешках фасовкой 35 кг
асфальт и битум;;обработка битумной эмульсией;12;обработка битумной эмульсией
асфальт и битум;;битумная эмульсия эбдк м;12;битумная эмульсия эбдк м
асфальт и битум;;обувь для работы с горячим асфальтом;11;обувь для работы с горячим асфальтом
асфальт и битум;;холодный асфальт в мешках производство;11;холодный асфальт в мешках производство
асфальт и битум;;битумная эмульсия для асфальтовой крошки отзывы клиентов;11;битумная эмульсия для асфальтовой крошки отзывы клиентов
асфальт и битум;;весы битумной эмульсии;10;весы битумной эмульсии
асфальт и битум;;эмульсия битумная смета;10;эмульсия битумная смета
асфальт и битум;;битумная эмульсия применяется;10;битумная эмульсия применяется
асфальт и битум;;пролив битумной эмульсии;10;пролив битумной эмульсии
асфальт и битум;;покрытие битумной эмульсией;9;покрытие битумной эмульсией
асфальт и битум;;эмульсия битумно катионная эбдк м;9;эмульсия битумно катионная эбдк м
асфальт и битум;;холодный асфальт в мешках фасовкой 25 кг;8;холодный асфальт в мешках фасовкой 25 кг
асфальт и битум;;холодный асфальт в мешках озон;8;холодный асфальт в мешках озон
асфальт и битум;;холодный асфальт в мешках видео;8;холодный асфальт в мешках видео
асфальт и битум;;битумная эмульсия мастика;8;битумная эмульсия мастика
асфальт и битум;;битумная эмульсия эбк 2;8;битумная эмульсия эбк 2
асфальт и битум;;эмульсия битумная дорожная эбдк с;8;эмульсия битумная дорожная эбдк с
асфальт и битум;;эмульсия битумная дорожная катионная;8;эмульсия битумная дорожная катионная
асфальт и битум;;чем распылить битумную эмульсию;7;чем распылить битумную эмульсию
асфальт и битум;;битумная эмульсия для кровли;7;битумная эмульсия для кровли
асфальт и битум;;58952.1 2020 битумная эмульсия;7;58952.1 2020 битумная эмульсия
асфальт и битум;;битумные эмульсии применяют;7;битумные эмульсии применяют
асфальт и битум;;материал битумная эмульсия;6;материал битумная эмульсия
асфальт и битум;;битумная эмульсия сертификат соответствия;6;битумная эмульсия сертификат соответствия
асфальт и битум;;готовая эмульсия битумная;6;готовая эмульсия битумная
асфальт и битум;;битумная эмульсия паспорт;6;битумная эмульсия паспорт
асфальт и битум;;горячий асфальт для дороги;5;горячий асфальт для дороги
асфальт и битум;;эмульсия битумно дорожная эбдк б;5;эмульсия битумно дорожная эбдк б
асфальт и битум;;обработать битумная эмульсия;5;обработать битумная эмульсия
асфальт и битум;;эмульсия битумно катионная эбдк с 40кг;5;эмульсия битумно катионная эбдк с 40кг
асфальт и битум;;битумная эмульсия на 1м2;4;битумная эмульсия на 1м2
асфальт и битум;;эмульсия битумная дорожная эбк 1;4;эмульсия битумная дорожная эбк 1
асфальт и битум;;битумная эмульсия для дороги;4;битумная эмульсия для дороги
асфальт и битум;;битумная эмульсия в бочках;4;битумная эмульсия в бочках
асфальт и битум;;битумная эмульсия эбдк 1;4;битумная эмульсия эбдк 1
асфальт и битум;;температура горячего асфальта;3;температура горячего асфальта
асфальт и битум;;асфальт такой горячий что того гляди расплавится;3;асфальт такой горячий что того гляди расплавится
асфальт и битум;;ремонт горячим асфальтом;3;ремонт горячим асфальтом
асфальт и битум;;асфальт в мешках холодный в леруа;3;асфальт в мешках холодный в леруа
асфальт и битум;;битумная эмульсия для срезки асфальта;3;битумная эмульсия для срезки асфальта
асфальт и битум;;битумные эмульсии строительство;3;битумные эмульсии строительство
асфальт и битум;;холодная битумная эмульсия;3;холодная битумная эмульсия
асфальт и битум;;битумная эмульсия и битум;3;битумная эмульсия и битум
асфальт и битум;;битумная эмульсия паспорт качества;3;битумная эмульсия паспорт качества
асфальт и битум;;изготовление битумной эмульсии;3;изготовление битумной эмульсии
асфальт и битум;;эмульсия битумно дорожная сертификат;3;эмульсия битумно дорожная сертификат
асфальт и битум;;горячая битумная эмульсия;3;горячая битумная эмульсия
асфальт и битум;;битумная эмульсия эбдк сертификат;3;битумная эмульсия эбдк сертификат
асфальт и битум;;эмульсия битумная дорожная катионная эбдк б;3;эмульсия битумная дорожная катионная эбдк б
асфальт и битум;;обработка основания битумной эмульсией;3;обработка основания битумной эмульсией
асфальт и битум;;чем разбавить битумную эмульсию;3;чем разбавить битумную эмульсию
асфальт и битум;;горячий асфальт 5;2;горячий асфальт 5
асфальт и битум;;распылитель битумной эмульсии;2;распылитель битумной эмульсии
асфальт и битум;;битумная эмульсия расценка в смете;2;битумная эмульсия расценка в смете
асфальт и битум;;битумная эмульсия кровельная;2;битумная эмульсия кровельная
асфальт и битум;;проливка битумной эмульсии;2;проливка битумной эмульсии
асфальт и битум;;эмульсии битумные дорожные технические условия;2;эмульсии битумные дорожные технические условия
асфальт и битум;;эмульсии битумные технические условия;2;эмульсии битумные технические условия
асфальт и битум;;битумная эмульсия 200 л;2;битумная эмульсия 200 л
асфальт и битум;;битумная эмульсия тонны в литры;2;битумная эмульсия тонны в литры
асфальт и битум;;эмульсия битумная дорожная паспорт;2;эмульсия битумная дорожная паспорт
асфальт и битум;;битумно латексная эмульсия;2;битумно латексная эмульсия
асфальт и битум;;розлив битумной эмульсии расценка;2;розлив битумной эмульсии расценка
асфальт и битум;;эмульсия битумная дорожная сертификат соответствия;2;эмульсия битумная дорожная сертификат соответствия
асфальт и битум;;делаем битумную эмульсию;2;делаем битумную эмульсию
асфальт и битум;;температура битумной эмульсии;2;температура битумной эмульсии
асфальт и битум;;ямочный ремонт горячим асфальтом;1;ямочный ремонт горячим асфальтом
асфальт и битум;;запах горячего асфальта;1;запах горячего асфальта
асфальт и битум;;паспорт горячий асфальт;1;паспорт горячий асфальт
асфальт и битум;;асфальт холодный в мешках авито;1;асфальт холодный в мешках авито
асфальт и битум;;срок годности холодного асфальта в мешках;1;срок годности холодного асфальта в мешках
асфальт и битум;;битумные эмульсии производители;1;битумные эмульсии производители
асфальт и битум;;проливка битумной эмульсией расценка в смете;1;проливка битумной эмульсией расценка в смете
асфальт и битум;;битумные эмульсии пермь;1;битумные эмульсии пермь
асфальт и битум;;ооо битумные эмульсии;1;ооо битумные эмульсии
асфальт и битум;;анионная битумная эмульсия;1;анионная битумная эмульсия
асфальт и битум;;битум и битумная эмульсия разница;1;битум и битумная эмульсия разница
асфальт и битум;;битумная мастика эмульсия дорожная;1;битумная мастика эмульсия дорожная
асфальт и битум;;битумная эмульсия 20л;1;битумная эмульсия 20л
асфальт и битум;;битумная эмульсия для холодного асфальта;1;битумная эмульсия для холодного асфальта
асфальт и битум;;битумная эмульсия жидкая;1;битумная эмульсия жидкая
асфальт и битум;;битумная эмульсия леруа;1;битумная эмульсия леруа
асфальт и битум;;битумная эмульсия тюмень;1;битумная эмульсия тюмень
асфальт и битум;;битумный дорожный строительство эмульсия;1;битумный дорожный строительство эмульсия
асфальт и битум;;индекс распада битумной эмульсии;1;индекс распада битумной эмульсии
асфальт и битум;;нанесение битумной эмульсии;1;нанесение битумной эмульсии
асфальт и битум;;окпд 2 битумная эмульсия;1;окпд 2 битумная эмульсия
асфальт и битум;;разлив битумной эмульсии;1;разлив битумной эмульсии
асфальт и битум;;розлив битумной эмульсии расценка в смете;1;розлив битумной эмульсии расценка в смете
асфальт и битум;;типы битумной эмульсии;1;типы битумной эмульсии
асфальт и битум;;эмульсия битумная дорожная катионная эбдк с;1;эмульсия битумная дорожная катионная эбдк с
асфальт и битум;;эмульсия битумно катионная эбдк м сертификат;1;эмульсия битумно катионная эбдк м сертификат
асфальт и битум;;битумно полимерная эмульсия;1;битумно полимерная эмульсия
асфальт и битум;;розлив битумной эмульсии автогудронатором;1;розлив битумной эмульсии автогудронатором
асфальт и битум;;эмульсия на битумной основе;1;эмульсия на битумной основе
асфальт и битум;;битумная эмульсия для асфальта сертификат;1;битумная эмульсия для асфальта сертификат
асфальт и битум;;насос для битумной эмульсии;1;насос для битумной эмульсии
асфальт и битум;;проливка щебня битумной эмульсией;1;проливка щебня битумной эмульсией
асфальт и битум;;щебень пролитый битумной эмульсией;1;щебень пролитый битумной эмульсией
асфальт и битум;;эмульсия битумная дорожная эбк 2;1;эмульсия битумная дорожная эбк 2
асфальт и битум;;эмульсия битумно катионная эбдк б сертификат;1;эмульсия битумно катионная эбдк б сертификат
асфальт и битум;;эмульсия битумно катионная эбдк б расшифровка;1;эмульсия битумно катионная эбдк б расшифровка
асфальт и битум;;чем можно разбавить битумную эмульсию;1;чем можно разбавить битумную эмульсию
асфальт и битум;;чем наносить битумную эмульсию;1;чем наносить битумную эмульсию
асфальт и битум;;эмульгатор для битумных эмульсий;1;эмульгатор для битумных эмульсий
асфальт и битум;выбор;чем отличается битумный праймер от битумной эмульсии;7;чем отличается битумный праймер от битумной эмульсии
асфальт и битум;выбор;чем отличается эмульсия дорожная от праймера битумного;5;чем отличается эмульсия дорожная от праймера битумного
асфальт и битум;выбор;что лучше холодный или горячий асфальт;3;что лучше холодный или горячий асфальт
асфальт и битум;выбор;какой асфальт лучше холодный или горячий;3;какой асфальт лучше холодный или горячий
асфальт и битум;выбор;чем отличается холодный асфальт от горячего;1;чем отличается холодный асфальт от горячего
асфальт и битум;выбор;чем отличается битумная мастика от битумной эмульсии;1;чем отличается битумная мастика от битумной эмульсии
асфальт и битум;гео;холодный асфальт в мешках в екатеринбурге;265;холодный асфальт в мешках в екатеринбурге
асфальт и битум;гео;битумная эмульсия екатеринбург;49;битумная эмульсия екатеринбург
асфальт и битум;как сделать;холодный асфальт в мешках инструкция;31;холодный асфальт в мешках инструкция
асфальт и битум;как сделать;холодный асфальт в мешках укладка;28;холодный асфальт в мешках укладка
асфальт и битум;как сделать;асфальт в мешках холодный технология;25;асфальт в мешках холодный технология
асфальт и битум;как сделать;технология укладки холодного асфальта в мешках;23;технология укладки холодного асфальта в мешках
асфальт и битум;как сделать;как укладывать холодный асфальт в мешках;21;как укладывать холодный асфальт в мешках
асфальт и битум;как сделать;как класть холодный асфальт в мешках;13;как класть холодный асфальт в мешках
асфальт и битум;как сделать;как работать с холодным асфальтом в мешках;10;как работать с холодным асфальтом в мешках
асфальт и битум;как сделать;холодный асфальт в мешках как пользоваться;8;холодный асфальт в мешках как пользоваться
асфальт и битум;как сделать;битумная эмульсия своими руками;8;битумная эмульсия своими руками
асфальт и битум;как сделать;как сделать битумную эмульсию;7;как сделать битумную эмульсию
асфальт и битум;как сделать;холодный асфальт в мешках как использовать;5;холодный асфальт в мешках как использовать
асфальт и битум;как сделать;битумная эмульсия для асфальтовой крошки своими руками;4;битумная эмульсия для асфальтовой крошки своими руками
асфальт и битум;как сделать;укладка горячего асфальта;3;укладка горячего асфальта
асфальт и битум;как сделать;как сделать битумную эмульсию своими руками;3;как сделать битумную эмульсию своими руками
асфальт и битум;как сделать;битумная эмульсия технология;2;битумная эмульсия технология
асфальт и битум;как сделать;технология укладки асфальта на щебеночно песчаную смесь;1;технология укладки асфальта на щебеночно песчаную смесь
асфальт и битум;как сделать;приготовление битумной эмульсии;1;приготовление битумной эмульсии
асфальт и битум;как сделать|применение;холодный асфальт инструкция по применению в мешках;22;холодный асфальт инструкция по применению в мешках
асфальт и битум;коммерческий;холодный асфальт в мешках купить;402;холодный асфальт в мешках купить
асфальт и битум;коммерческий;горячий асфальт купить;106;горячий асфальт купить
асфальт и битум;коммерческий;битумная эмульсия купить;105;битумная эмульсия купить
асфальт и битум;коммерческий;холодный асфальт в мешках цена;81;холодный асфальт в мешках цена
асфальт и битум;коммерческий;горячий асфальт цена;60;горячий асфальт цена
асфальт и битум;коммерческий;цена горячего асфальта за тонну;36;цена горячего асфальта за тонну
асфальт и битум;коммерческий;купить асфальт горячий цена;33;купить асфальт горячий цена
асфальт и битум;коммерческий;битумная эмульсия цена;29;битумная эмульсия цена
асфальт и битум;коммерческий;холодный асфальт в мешках цена купить;28;холодный асфальт в мешках цена купить
асфальт и битум;коммерческий;где купить холодный асфальт в мешках;28;где купить холодный асфальт в мешках
асфальт и битум;коммерческий;купить асфальт горячий цена за тонну;26;купить асфальт горячий цена за тонну
асфальт и битум;коммерческий;доставка горячий асфальт;22;доставка горячий асфальт
асфальт и битум;коммерческий;битумная эмульсия для асфальта купить;21;битумная эмульсия для асфальта купить
асфальт и битум;коммерческий;купить горячий асфальт с доставкой;18;купить горячий асфальт с доставкой
асфальт и битум;коммерческий;где купить горячий асфальт;17;где купить горячий асфальт
асфальт и битум;коммерческий;битумная эмульсия для асфальтовой крошки купить;15;битумная эмульсия для асфальтовой крошки купить
асфальт и битум;коммерческий;битумная эмульсия для асфальтовой купить;15;битумная эмульсия для асфальтовой купить
асфальт и битум;коммерческий;холодный асфальт в мешках 50 кг цена;12;холодный асфальт в мешках 50 кг цена
асфальт и битум;коммерческий;асфальт горячий цена за тонну с доставкой;11;асфальт горячий цена за тонну с доставкой
асфальт и битум;коммерческий;купить эмульсию битумную дорожную;11;купить эмульсию битумную дорожную
асфальт и битум;коммерческий;стоимость горячего асфальта;10;стоимость горячего асфальта
асфальт и битум;коммерческий;купить холодный асфальт в мешках на озоне;8;купить холодный асфальт в мешках на озоне
асфальт и битум;коммерческий;холодный асфальт в мешках отзывы покупателей;8;холодный асфальт в мешках отзывы покупателей
асфальт и битум;коммерческий;где можно купить горячий асфальт;7;где можно купить горячий асфальт
асфальт и битум;коммерческий;цена холодного асфальта в мешках в екб;7;цена холодного асфальта в мешках в екб
асфальт и битум;коммерческий;холодный асфальт купить в мешках 50;7;холодный асфальт купить в мешках 50
асфальт и битум;коммерческий;холодный асфальт купить в мешках 50 кг;7;холодный асфальт купить в мешках 50 кг
асфальт и битум;коммерческий;где купить битумную эмульсию;7;где купить битумную эмульсию
асфальт и битум;коммерческий;цена битумной эмульсии за тонну;7;цена битумной эмульсии за тонну
асфальт и битум;коммерческий;купить битумную эмульсию праймер;6;купить битумную эмульсию праймер
асфальт и битум;коммерческий;горячий асфальт в мешках купить;5;горячий асфальт в мешках купить
асфальт и битум;коммерческий;какую обувь купить для горячего асфальта;5;какую обувь купить для горячего асфальта
асфальт и битум;коммерческий;горячий асфальт цена за м3;5;горячий асфальт цена за м3
асфальт и битум;коммерческий;холодный асфальт в мешках купить в новоуральске;5;холодный асфальт в мешках купить в новоуральске
асфальт и битум;коммерческий;горячий асфальт цена за 1 тонну;4;горячий асфальт цена за 1 тонну
асфальт и битум;коммерческий;битумная эмульсия цена за 1 тонну;4;битумная эмульсия цена за 1 тонну
асфальт и битум;коммерческий;стоимость тонны горячего асфальта;3;стоимость тонны горячего асфальта
асфальт и битум;коммерческий;стоимость холодного асфальта в мешках;3;стоимость холодного асфальта в мешках
асфальт и битум;коммерческий;купить холодный асфальт в мешках 25;3;купить холодный асфальт в мешках 25
асфальт и битум;коммерческий;стоимость эмульсии битумной;3;стоимость эмульсии битумной
асфальт и битум;коммерческий;эмульсия битумная дорожная цена;3;эмульсия битумная дорожная цена
асфальт и битум;коммерческий;доставка битумной эмульсии;3;доставка битумной эмульсии
асфальт и битум;коммерческий;купить битумную эмульсию в бочках;3;купить битумную эмульсию в бочках
асфальт и битум;коммерческий;куб горячего асфальта цена;2;куб горячего асфальта цена
асфальт и битум;коммерческий;холодный асфальт в мешках купить в перми;2;холодный асфальт в мешках купить в перми
асфальт и битум;коммерческий;купить холодный асфальт в мешках в челябинске;2;купить холодный асфальт в мешках в челябинске
асфальт и битум;коммерческий;холодный асфальт купить в мешках леруа мерлен;2;холодный асфальт купить в мешках леруа мерлен
асфальт и битум;коммерческий;купить холодный асфальт в мешках в краснодаре;2;купить холодный асфальт в мешках в краснодаре
асфальт и битум;коммерческий;битумная эмульсия эбк 2 купить;2;битумная эмульсия эбк 2 купить
асфальт и битум;коммерческий;битумная эмульсия эбдк б цена;2;битумная эмульсия эбдк б цена
асфальт и битум;коммерческий;асфальт горячий мелкозернистый цена;1;асфальт горячий мелкозернистый цена
асфальт и битум;коммерческий;асфальт в мешках цена леруа мерлен холодный;1;асфальт в мешках цена леруа мерлен холодный
асфальт и битум;коммерческий;холодный асфальт в мешках 33 кг купить;1;холодный асфальт в мешках 33 кг купить
асфальт и битум;коммерческий;холодный асфальт в мешках купить в оренбурге;1;холодный асфальт в мешках купить в оренбурге
асфальт и битум;коммерческий;битумная эмульсия 20л купить;1;битумная эмульсия 20л купить
асфальт и битум;коммерческий;битумная эмульсия эбдк с купить;1;битумная эмульсия эбдк с купить
асфальт и битум;коммерческий;битумная эмульсия для асфальтовой крошки где купить;1;битумная эмульсия для асфальтовой крошки где купить
асфальт и битум;коммерческий|гео;холодный асфальт купить в мешках екатеринбурге;256;холодный асфальт купить в мешках екатеринбурге
асфальт и битум;коммерческий|гео;купить горячий асфальт екатеринбург;32;купить горячий асфальт екатеринбург
асфальт и битум;коммерческий|гео;битумная эмульсия купить в екатеринбурге;16;битумная эмульсия купить в екатеринбурге
асфальт и битум;коммерческий|гео;холодный асфальт купить в екатеринбурге цена мешках;13;холодный асфальт купить в екатеринбурге цена мешках
асфальт и битум;коммерческий|гео;битумная эмульсия для асфальта купить екатеринбург;7;битумная эмульсия для асфальта купить екатеринбург
асфальт и битум;коммерческий|как сделать;холодный асфальт в мешках инструкция купить;5;холодный асфальт в мешках инструкция купить
асфальт и битум;коммерческий|как сделать;асфальт в мешках холодный технология укладки цена;1;асфальт в мешках холодный технология укладки цена
асфальт и битум;применение;применение холодного асфальта в мешках;25;применение холодного асфальта в мешках
асфальт и битум;применение;холодный асфальт в мешках для чего используется;3;холодный асфальт в мешках для чего используется
асфальт и битум;применение;битумная эмульсия применение;3;битумная эмульсия применение
асфальт и битум;применение;эмульсия битумная дорожная применение;1;эмульсия битумная дорожная применение
асфальт и битум;расчёт;расход битумной эмульсии;74;расход битумной эмульсии
асфальт и битум;расчёт;битумный м2 расход эмульсия;37;битумный м2 расход эмульсия
асфальт и битум;расчёт;расход битумной эмульсии на 1 м2;32;расход битумной эмульсии на 1 м2
асфальт и битум;расчёт;сколько стоит горячий асфальт;12;сколько стоит горячий асфальт
асфальт и битум;расчёт;расход битумной эмульсии на 1 м2 асфальта;12;расход битумной эмульсии на 1 м2 асфальта
асфальт и битум;расчёт;эмульсия битумно дорожная расход;12;эмульсия битумно дорожная расход
асфальт и битум;расчёт;вес битумной эмульсии;10;вес битумной эмульсии
асфальт и битум;расчёт;сколько стоит холодный асфальт в мешках;9;сколько стоит холодный асфальт в мешках
асфальт и битум;расчёт;эмульсия битумно дорожная расход на 1 м2;9;эмульсия битумно дорожная расход на 1 м2
асфальт и битум;расчёт;норма расхода битумной эмульсии;8;норма расхода битумной эмульсии
асфальт и битум;расчёт;расход горячего асфальта;7;расход горячего асфальта
асфальт и битум;расчёт;горячий асфальт тонны в кубы;7;горячий асфальт тонны в кубы
асфальт и битум;расчёт;расход холодный асфальт в мешках;7;расход холодный асфальт в мешках
асфальт и битум;расчёт;эмульсия битумно катионная эбдк с расход;7;эмульсия битумно катионная эбдк с расход
асфальт и битум;расчёт;битумная эмульсия расход на 1 м2 дороги;7;битумная эмульсия расход на 1 м2 дороги
асфальт и битум;расчёт;сколько весит куб горячего асфальта;5;сколько весит куб горячего асфальта
асфальт и битум;расчёт;сколько стоит куб горячего асфальта;5;сколько стоит куб горячего асфальта
асфальт и битум;расчёт;расчет горячего асфальта;5;расчет горячего асфальта
асфальт и битум;расчёт;сколько весит куб асфальта в тоннах горячего;4;сколько весит куб асфальта в тоннах горячего
асфальт и битум;расчёт;холодный асфальт в мешках расход на 1м2;4;холодный асфальт в мешках расход на 1м2
асфальт и битум;расчёт;вес эмульсии битумно дорожной;4;вес эмульсии битумно дорожной
асфальт и битум;расчёт;плотность битумной эмульсии;4;плотность битумной эмульсии
асфальт и битум;расчёт;расход эмульсии битумной на 1м2;4;расход эмульсии битумной на 1м2
асфальт и битум;расчёт;удельный вес битумной эмульсии;4;удельный вес битумной эмульсии
асфальт и битум;расчёт;калькулятор битумной эмульсии;4;калькулятор битумной эмульсии
асфальт и битум;расчёт;расчет битумной эмульсии;4;расчет битумной эмульсии
асфальт и битум;расчёт;вес горячего асфальта;3;вес горячего асфальта
асфальт и битум;расчёт;расход битумной эмульсии на 1 м2 щебня;3;расход битумной эмульсии на 1 м2 щебня
асфальт и битум;расчёт;расход эмульсии битумной на 1м2 асфальта;3;расход эмульсии битумной на 1м2 асфальта
асфальт и битум;расчёт;сколько хранится битумная эмульсия;3;сколько хранится битумная эмульсия
асфальт и битум;расчёт;калькулятор расхода битумной эмульсии;2;калькулятор расхода битумной эмульсии
асфальт и битум;расчёт;розлив битумной эмульсии расход;2;розлив битумной эмульсии расход
асфальт и битум;расчёт;сколько стоит битумная эмульсия;2;сколько стоит битумная эмульсия
асфальт и битум;расчёт;сколько тонн в кубе асфальта мелкозернистого горячего;1;сколько тонн в кубе асфальта мелкозернистого горячего
асфальт и битум;расчёт;сколько стоит камаз горячего асфальта;1;сколько стоит камаз горячего асфальта
асфальт и битум;расчёт;битумная эмульсия эбдк б расход;1;битумная эмульсия эбдк б расход
асфальт и битум;расчёт;битумная эмульсия эбк 1 расход;1;битумная эмульсия эбк 1 расход
асфальт и битум;расчёт;плотность битумной эмульсии эбдк;1;плотность битумной эмульсии эбдк
асфальт и битум;расчёт;расчет битумной эмульсии на 1 м2;1;расчет битумной эмульсии на 1 м2
асфальт и битум;расчёт;расход эмульсии битумной на 1м2 щебня;1;расход эмульсии битумной на 1м2 щебня
асфальт и битум;расчёт;розлив битумной эмульсии расход на м2;1;розлив битумной эмульсии расход на м2
асфальт и битум;расчёт|выбор;холодный асфальт в мешках какой объем;6;холодный асфальт в мешках какой объем
асфальт и битум;расчёт|характеристики;расход битумной эмульсии гост;6;расход битумной эмульсии гост
асфальт и битум;характеристики;гост р битумная эмульсия;16;гост р битумная эмульсия
асфальт и битум;характеристики;гост битумная эмульсия 2020;11;гост битумная эмульсия 2020
асфальт и битум;характеристики;гост 52128 2003 эмульсии битумные дорожные;9;гост 52128 2003 эмульсии битумные дорожные
асфальт и битум;характеристики;гост на битумную эмульсию;9;гост на битумную эмульсию
асфальт и битум;характеристики;характеристика битумной эмульсии;7;характеристика битумной эмульсии
асфальт и битум;характеристики;гост 58952.1 2020 битумная эмульсия;7;гост 58952.1 2020 битумная эмульсия
асфальт и битум;характеристики;эмульсии битумные дорожные гост 2020;6;эмульсии битумные дорожные гост 2020
асфальт и битум;характеристики;битумная эмульсия гост р 58952.1 2020;5;битумная эмульсия гост р 58952.1 2020
асфальт и битум;характеристики;битумная эмульсия эбдк б гост;5;битумная эмульсия эбдк б гост
асфальт и битум;характеристики;гост на эмульсию битумную дорожную;4;гост на эмульсию битумную дорожную
асфальт и битум;характеристики;виды битумной эмульсии;4;виды битумной эмульсии
асфальт и битум;характеристики;гост 58952.1 эмульсии битумные дорожные;4;гост 58952.1 эмульсии битумные дорожные
асфальт и битум;характеристики;гост эмульсия битумная дорожная 58952.1 2020;4;гост эмульсия битумная дорожная 58952.1 2020
асфальт и битум;характеристики;марки битумной эмульсии;4;марки битумной эмульсии
асфальт и битум;характеристики;гост горячего асфальта;3;гост горячего асфальта
асфальт и битум;характеристики;эбк 1 битумная эмульсия характеристики;3;эбк 1 битумная эмульсия характеристики
асфальт и битум;характеристики;гост эмульсии битумные дорожные технические условия;2;гост эмульсии битумные дорожные технические условия
асфальт и битум;характеристики;эмульсия битумно катионная эбдк б характеристики;1;эмульсия битумно катионная эбдк б характеристики
асфальт и битум;характеристики;состав битумной эмульсии;1;состав битумной эмульсии
бетон и раствор;;куб бетона;6037;куб бетона
бетон и раствор;;кубы бетона;6037;кубы бетона
бетон и раствор;;раствор цементный;2112;раствор цементный / цементный раствор
бетон и раствор;;цемент м500;1954;цемент м500
бетон и раствор;;смесь кладочная;1922;смесь кладочная / кладочная смесь
бетон и раствор;;миксер бетона;1634;миксер бетона
бетон и раствор;;куб в кубе бетон;1477;куб в кубе бетон
бетон и раствор;;1 куб бетона;1215;1 куб бетона
бетон и раствор;;куб бетона стоит;941;куб бетона стоит
бетон и раствор;;цемент на куб бетона;800;цемент на куб бетона
бетон и раствор;;бетон м200;591;бетон м200
бетон и раствор;;цементно песчаный раствор;557;цементно песчаный раствор
бетон и раствор;;на куб бетона нужно;555;на куб бетона нужно
бетон и раствор;;цемент м500 кг;525;цемент м500 кг
бетон и раствор;;куб бетона фундамент;490;куб бетона фундамент
бетон и раствор;;цемента 1 куба бетона;401;цемента 1 куба бетона
бетон и раствор;;мешок цемента м500;394;мешок цемента м500
бетон и раствор;;цемент м400;382;цемент м400
бетон и раствор;;цемент м500 50;358;цемент м500 50
бетон и раствор;;раствор известковый;329;раствор известковый / известковый раствор
бетон и раствор;;цемент м500 50 кг;329;цемент м500 50 кг
бетон и раствор;;кладочная смесь для печей;317;кладочная смесь для печей
бетон и раствор;;цемента на 1 куб бетона;312;цемента на 1 куб бетона
бетон и раствор;;кладочная смесь для кирпича;312;кладочная смесь для кирпича
бетон и раствор;;бетон миксер куба;310;бетон миксер куба
бетон и раствор;;бетон м400;293;бетон м400
бетон и раствор;;ступени бетонные;272;ступени бетонные
бетон и раствор;;на куб бетона надо;268;на куб бетона надо
бетон и раствор;;цемент м500 бетона;259;цемент м500 бетона
бетон и раствор;;автобетононасос;237;автобетононасос
бетон и раствор;;бетон м250;225;бетон м250
бетон и раствор;;цемент м500 мешок 50 кг;223;цемент м500 мешок 50 кг
бетон и раствор;;аренда бетононасоса;221;аренда бетононасоса
бетон и раствор;;бетононасос аренда;221;бетононасос аренда
бетон и раствор;;смесь кладочная терракот;217;смесь кладочная терракот
бетон и раствор;;куб бетона цемента надо;191;куб бетона цемента надо
бетон и раствор;;цемент м500 25;178;цемент м500 25
бетон и раствор;;м куб бетон;176;м куб бетон
бетон и раствор;;песок куб бетона;176;песок куб бетона
бетон и раствор;;3 куб бетон;175;3 куб бетон
бетон и раствор;;3 куба бетона;175;3 куба бетона
бетон и раствор;;смесь кладочная жаростойкая;174;смесь кладочная жаростойкая
бетон и раствор;;залить куб бетона;173;залить куб бетона
бетон и раствор;;цемент м500 25 кг;173;цемент м500 25 кг
бетон и раствор;;на 1 куб бетона нужно;169;на 1 куб бетона нужно
бетон и раствор;;куб бетона 300;164;куб бетона 300
бетон и раствор;;стационарный бетононасос;162;стационарный бетононасос
бетон и раствор;;1 куб бетона стоит;158;1 куб бетона стоит
бетон и раствор;;щебень на куб бетона;154;щебень на куб бетона
бетон и раствор;;готовый цементный раствор;152;готовый цементный раствор
бетон и раствор;;2 куб бетон;146;2 куб бетон
бетон и раствор;;2 куба бетона;146;2 куба бетона
бетон и раствор;;цемент бетон м200;126;цемент бетон м200
бетон и раствор;;куб бетона работа;123;куб бетона работа
бетон и раствор;;на 1 куб бетона нужно цемента;123;на 1 куб бетона нужно цемента
бетон и раствор;;кладочная смесь для каминов;118;кладочная смесь для каминов
бетон и раствор;;раствор кладочный цементный;118;раствор кладочный цементный
бетон и раствор;;кладочная смесь для печей и каминов;117;кладочная смесь для печей и каминов
бетон и раствор;;ведро цемента м500;117;ведро цемента м500
бетон и раствор;;куб бетона щебень песок;115;куб бетона щебень песок
бетон и раствор;;4 куб бетона;113;4 куб бетона
бетон и раствор;;4 куба бетона;113;4 куба бетона
бетон и раствор;;добавить цементный раствор;112;добавить цементный раствор
бетон и раствор;;раствор на отсеве;106;раствор на отсеве
бетон и раствор;;смесь кладочная глина;105;смесь кладочная глина
бетон и раствор;;цементно известковый раствор;105;цементно известковый раствор
бетон и раствор;;цемента в кубе бетона;102;цемента в кубе бетона
бетон и раствор;;маленький миксер бетона;101;маленький миксер бетона
бетон и раствор;;сухая кладочная смесь;100;сухая кладочная смесь
бетон и раствор;;шамотная кладочная смесь;98;шамотная кладочная смесь
бетон и раствор;;куб бетона м200;97;куб бетона м200
бетон и раствор;;бетон м150;96;бетон м150
бетон и раствор;;цементный раствор 1 1;95;цементный раствор 1 1
бетон и раствор;;куб метр бетона;92;куб метр бетона
бетон и раствор;;мешков цемента на куб бетона;91;мешков цемента на куб бетона
бетон и раствор;;кладочная смесь брозекс;89;кладочная смесь брозекс
бетон и раствор;;раствор готовый кладочный цементный;89;раствор готовый кладочный цементный
бетон и раствор;;раствор цементный м100;89;раствор цементный м100
бетон и раствор;;куб бетона нижнем;88;куб бетона нижнем
бетон и раствор;;на куб бетона цемента щебня;87;на куб бетона цемента щебня
бетон и раствор;;стоит куб бетона залить;86;стоит куб бетона залить
бетон и раствор;;цементно кладочная смесь;81;цементно кладочная смесь
бетон и раствор;;на 1 куб бетона надо;80;на 1 куб бетона надо
бетон и раствор;;кладочная смесь крепс;79;кладочная смесь крепс
бетон и раствор;;цемент м500 мешок 25 кг;79;цемент м500 мешок 25 кг
бетон и раствор;;бетон цемент м500 в ведрах;79;бетон цемент м500 в ведрах
бетон и раствор;;рассчитать кубы бетона;78;рассчитать кубы бетона
бетон и раствор;;цемент песок щебень на куб бетона;78;цемент песок щебень на куб бетона
бетон и раствор;;кладочная смесь печей терракот;78;кладочная смесь печей терракот
бетон и раствор;;бетон м100;77;бетон м100
бетон и раствор;;кладочная смесь печник;77;кладочная смесь печник
бетон и раствор;;смесь кладочная глино шамотная;77;смесь кладочная глино шамотная
бетон и раствор;;на куб бетона нужно песка;76;на куб бетона нужно песка
бетон и раствор;;куб бетона вручную;74;куб бетона вручную
бетон и раствор;;бетон миксер фундамент;74;бетон миксер фундамент
бетон и раствор;;песчано кладочная смесь;74;песчано кладочная смесь
бетон и раствор;;1 куб бетона для фундамента;73;1 куб бетона для фундамента
бетон и раствор;;смесь кладочная 150;73;смесь кладочная 150
бетон и раствор;;цемент пгс;72;цемент пгс
бетон и раствор;;терракот смесь кладочная жаростойкая;71;терракот смесь кладочная жаростойкая
бетон и раствор;;смесь кладочная жаростойкая для печей;71;смесь кладочная жаростойкая для печей
бетон и раствор;;миксер с подачей бетона;70;миксер с подачей бетона
бетон и раствор;;бетономешалка куб бетона;67;бетономешалка куб бетона
бетон и раствор;;жидкий цементный раствор;66;жидкий цементный раствор
бетон и раствор;;1 куб бетона мешков цемента;65;1 куб бетона мешков цемента
бетон и раствор;;кладочная смесь для блоков;65;кладочная смесь для блоков
бетон и раствор;;цемент м500 для фундамента;65;цемент м500 для фундамента
бетон и раствор;;камни бортовые бетонные бр бв;64;камни бортовые бетонные бр бв
бетон и раствор;;раствор цементный м150;64;раствор цементный м150
бетон и раствор;;куб бетона м 300;62;куб бетона м 300
бетон и раствор;;смесь кладочная м150;62;смесь кладочная м150
бетон и раствор;;правильный цементный раствор;62;правильный цементный раствор
бетон и раствор;;камни на цементном растворе;62;камни на цементном растворе
бетон и раствор;;бетон товарный;61;бетон товарный / товарный бетон
бетон и раствор;;материал на куб бетона;61;материал на куб бетона
бетон и раствор;;на 1 куб бетона надо цемента;61;на 1 куб бетона надо цемента
бетон и раствор;;бетон в30 м400;60;бетон в30 м400
бетон и раствор;;для 1 куба бетона нужно;60;для 1 куба бетона нужно
бетон и раствор;;цемент м500 и песок;60;цемент м500 и песок
бетон и раствор;;бетон м200 в15;58;бетон м200 в15
бетон и раствор;;кладочная смесь 25кг;58;кладочная смесь 25кг
бетон и раствор;;цементный раствор м200;58;цементный раствор м200
бетон и раствор;;мешок цемента м400;58;мешок цемента м400
бетон и раствор;;бетон пол куба;57;бетон пол куба
бетон и раствор;;цементный раствор руками;57;цементный раствор руками
бетон и раствор;;цемент м400 50;57;цемент м400 50
бетон и раствор;;для куба бетона надо;56;для куба бетона надо
бетон и раствор;;шамотная кладочная смесь терракот;56;шамотная кладочная смесь терракот
бетон и раствор;;куб готового бетона;55;куб готового бетона
бетон и раствор;;куб бетона 250;54;куб бетона 250
бетон и раствор;;пластификатор для цементного раствора;54;пластификатор для цементного раствора
бетон и раствор;;смесь кладочная глино шамотная терракот;53;смесь кладочная глино шамотная терракот
бетон и раствор;;кладочная смесь кгб;53;кладочная смесь кгб
бетон и раствор;;смесь кладочная жаростойкая для печей и каминов;53;смесь кладочная жаростойкая для печей и каминов
бетон и раствор;;кладочная песчано цементная смесь;53;кладочная песчано цементная смесь
бетон и раствор;;бетон цемент м400;51;бетон цемент м400
бетон и раствор;;песок на 1 куб бетона;51;песок на 1 куб бетона
бетон и раствор;;кладочная смесь м 150;51;кладочная смесь м 150
бетон и раствор;;1 куб м бетона;50;1 куб м бетона
бетон и раствор;;смесь кладочная крепс кгб;50;смесь кладочная крепс кгб
бетон и раствор;;куб бетона м400;47;куб бетона м400
бетон и раствор;;цементно песчаный раствор м200;47;цементно песчаный раствор м200
бетон и раствор;;цементно песчаный раствор м150;47;цементно песчаный раствор м150
бетон и раствор;;раствор кладочно цементный м100;47;раствор кладочно цементный м100
бетон и раствор;;какую кладочную смесь;44;какую кладочную смесь
бетон и раствор;;раствор кладочная смесь;43;раствор кладочная смесь
бетон и раствор;;раствор готовый кладочный цементный м100;43;раствор готовый кладочный цементный м100
бетон и раствор;;раствор готовый цементный м100;43;раствор готовый цементный м100
бетон и раствор;;цемент м400 50 кг;43;цемент м400 50 кг
бетон и раствор;;цемент на куб бетона м200;42;цемент на куб бетона м200
бетон и раствор;;1 куб бетона м200;42;1 куб бетона м200
бетон и раствор;;стекло в цементный раствор;42;стекло в цементный раствор
бетон и раствор;;залить цементным раствором;41;залить цементным раствором
бетон и раствор;;бетон м250 куб;40;бетон м250 куб
бетон и раствор;;заделка цементным раствором;40;заделка цементным раствором
бетон и раствор;;смесь кладочная терракот 20;39;смесь кладочная терракот 20
бетон и раствор;;цементно песчаный раствор 1 1;39;цементно песчаный раствор 1 1
бетон и раствор;;цементно песчаный раствор м;39;цементно песчаный раствор м
бетон и раствор;;услуги бетононасоса;38;услуги бетононасоса
бетон и раствор;;цемент м500 куб;38;цемент м500 куб
бетон и раствор;;кладочная смесь 50;37;кладочная смесь 50
бетон и раствор;;кладочная смесь линкер;36;кладочная смесь линкер
бетон и раствор;;кладочная смесь brozex;36;кладочная смесь brozex
бетон и раствор;;цементный раствор для кладки;36;цементный раствор для кладки
бетон и раствор;;цементный раствор для штукатурки;36;цементный раствор для штукатурки
бетон и раствор;;миксер бетона камаз;35;миксер бетона камаз
бетон и раствор;;кладочная смесь для кладки;35;кладочная смесь для кладки
бетон и раствор;;терракот смесь кладочная терракот 20 кг;34;терракот смесь кладочная терракот 20 кг
бетон и раствор;;готовая кладочная смесь;34;готовая кладочная смесь
бетон и раствор;;кладочная смесь для печей шамотная;34;кладочная смесь для печей шамотная
бетон и раствор;;смесь кладочная для печей и каминов терракот;34;смесь кладочная для печей и каминов терракот
бетон и раствор;;кладочная смесь 25;34;кладочная смесь 25
бетон и раствор;;раствор цементный 100;34;раствор цементный 100
бетон и раствор;;сертификат цементного раствора;33;сертификат цементного раствора
бетон и раствор;;газобетон смесь кладочная;32;газобетон смесь кладочная
бетон и раствор;;цементный раствор толщина;32;цементный раствор толщина
бетон и раствор;;гранитно бетонный щебень;31;гранитно бетонный щебень
бетон и раствор;;бр бв бетон в30 м400;31;бр бв бетон в30 м400
бетон и раствор;;миксер с лентой подачи бетона;31;миксер с лентой подачи бетона
бетон и раствор;;кладочная смесь глино шамотная для печей;31;кладочная смесь глино шамотная для печей
бетон и раствор;;печник смесь кладочная для печей;31;печник смесь кладочная для печей
бетон и раствор;;слой цементного раствора;31;слой цементного раствора
бетон и раствор;;цементный раствор для швов;31;цементный раствор для швов
бетон и раствор;;штукатурка камня цементным раствором;31;штукатурка камня цементным раствором
бетон и раствор;;цементно песчаный раствор м100;31;цементно песчаный раствор м100
бетон и раствор;;камни бортовые бр 100.20 8 бетон;30;камни бортовые бр 100.20 8 бетон
бетон и раствор;;смесь кладочная 25 кг;30;смесь кладочная 25 кг
бетон и раствор;;куб цементного раствора;30;куб цементного раствора
бетон и раствор;;цементный раствор соотношение;30;цементный раствор соотношение
бетон и раствор;;цемент м500 25кг;30;цемент м500 25кг
бетон и раствор;;бетон м200 в ведрах;29;бетон м200 в ведрах
бетон и раствор;;цемента кладочная смесь;29;цемента кладочная смесь
бетон и раствор;;смесь кладочная глино шамотная жаростойкая;29;смесь кладочная глино шамотная жаростойкая
бетон и раствор;;раствор кладочный цементный сертификат;29;раствор кладочный цементный сертификат
бетон и раствор;;стяжка из цементно песчаного раствора;29;стяжка из цементно песчаного раствора
бетон и раствор;;бетон b15 м200;28;бетон b15 м200
бетон и раствор;;кладочная смесь 50 кг;28;кладочная смесь 50 кг
бетон и раствор;;цементный раствор на цемент;28;цементный раствор на цемент
бетон и раствор;;цементный раствор расценка в смете;28;цементный раствор расценка в смете
бетон и раствор;;цемент м500 цем;28;цемент м500 цем
бетон и раствор;;стационарный бетононасос аренда;28;стационарный бетононасос аренда
бетон и раствор;;бетонные ступени для лестниц;27;бетонные ступени для лестниц
бетон и раствор;;кладочная смесь perfekta;27;кладочная смесь perfekta
бетон и раствор;;цементно песчаная смесь раствор;27;цементно песчаная смесь раствор
бетон и раствор;;цементный раствор 50;27;цементный раствор 50
бетон и раствор;;миксер на куб бетона;26;миксер на куб бетона
бетон и раствор;;шприц для цементного раствора;26;шприц для цементного раствора
бетон и раствор;;цемент м200 м500;26;цемент м200 м500
бетон и раствор;;бетон тяжелый м200;25;бетон тяжелый м200
бетон и раствор;;кладочная смесь перфекта;25;кладочная смесь перфекта
бетон и раствор;;брик кладочная смесь;25;брик кладочная смесь
бетон и раствор;;раствор готовый кладочный цементный сертификат;25;раствор готовый кладочный цементный сертификат
бетон и раствор;;раствор готовый цементный сертификат;25;раствор готовый цементный сертификат
бетон и раствор;;известковый раствор для штукатурки;25;известковый раствор для штукатурки
бетон и раствор;;раствор известкового камня;25;раствор известкового камня
бетон и раствор;;бетонная смесь на гранитном щебне;24;бетонная смесь на гранитном щебне
бетон и раствор;;щебень бетон м200;24;щебень бетон м200
бетон и раствор;;бетон м400 мешок;24;бетон м400 мешок
бетон и раствор;;кладочная смесь для ячеистых;24;кладочная смесь для ячеистых
бетон и раствор;;кладочная смесь серая;24;кладочная смесь серая
бетон и раствор;;кладочная смесь perel;24;кладочная смесь perel
бетон и раствор;;добавляют ли цементный раствор;24;добавляют ли цементный раствор
бетон и раствор;;добавка цементного раствора;24;добавка цементного раствора
бетон и раствор;;штукатурка стен цементно песчаным раствором;24;штукатурка стен цементно песчаным раствором
бетон и раствор;;цементно известковый раствор по камню;24;цементно известковый раствор по камню
бетон и раствор;;раствор из цемента м500;24;раствор из цемента м500
бетон и раствор;;цемент на 1 куб бетона м200;23;цемент на 1 куб бетона м200
бетон и раствор;;сухой бетон м400;23;сухой бетон м400
бетон и раствор;;цветная кладочная смесь;23;цветная кладочная смесь
бетон и раствор;;смесь для кладочных работ;23;смесь для кладочных работ
бетон и раствор;;раствор тяжелый цементный;23;раствор тяжелый цементный
бетон и раствор;;цементный раствор сертификат соответствия;23;цементный раствор сертификат соответствия
бетон и раствор;;цементный раствор для кирпичей;23;цементный раствор для кирпичей
бетон и раствор;;цементный раствор для стен;23;цементный раствор для стен
бетон и раствор;;очистить цементный раствор;23;очистить цементный раствор
бетон и раствор;;мешок цемента 50 кг м400;23;мешок цемента 50 кг м400
бетон и раствор;;кладочная смесь отзывы;22;кладочная смесь отзывы
бетон и раствор;;смесь кладочная для ячеистых блоков;22;смесь кладочная для ячеистых блоков
бетон и раствор;;кладочная смесь для кладки кирпича;22;кладочная смесь для кладки кирпича
бетон и раствор;;1 куб цементного раствора;22;1 куб цементного раствора
бетон и раствор;;цемент м500 для пола;22;цемент м500 для пола
бетон и раствор;;цемент м500 цем ii;22;цемент м500 цем ii
бетон и раствор;;цемент м500 цем ii a 42 5;22;цемент м500 цем ii a 42 5
бетон и раствор;;цемент на бетон м250;21;цемент на бетон м250
бетон и раствор;;смесь кладочная 5;21;смесь кладочная 5
бетон и раствор;;кладочная смесь 200;21;кладочная смесь 200
бетон и раствор;;штукатурно кладочная смесь;21;штукатурно кладочная смесь
бетон и раствор;;смесь кладочная глино шамотная 20 кг;21;смесь кладочная глино шамотная 20 кг
бетон и раствор;;смесь кладочная глино шамотная терракот 20;21;смесь кладочная глино шамотная терракот 20
бетон и раствор;;смесь терракот кладочная глино шамотная 20 кг;21;смесь терракот кладочная глино шамотная 20 кг
бетон и раствор;;оштукатуривание цементным раствором;21;оштукатуривание цементным раствором
бетон и раствор;;цементно песчаный раствор расценка;21;цементно песчаный раствор расценка
бетон и раствор;;известковый кладочный раствор;21;известковый кладочный раствор
бетон и раствор;;цемент портланд м500;21;цемент портланд м500
бетон и раствор;;цемент м500 сом;21;цемент м500 сом
бетон и раствор;;автобетононасос аренда;21;автобетононасос аренда
бетон и раствор;;услуги автобетононасоса;21;услуги автобетононасоса
бетон и раствор;;бетон тяжелый в15 м200;20;бетон тяжелый в15 м200
бетон и раствор;;сухой бетон м400 в мешках;20;сухой бетон м400 в мешках
бетон и раствор;;кладочная смесь плитонит;20;кладочная смесь плитонит
бетон и раствор;;клей кладочная смесь;20;клей кладочная смесь
бетон и раствор;;кладочная строительная смесь;20;кладочная строительная смесь
бетон и раствор;;сухой цементный раствор;20;сухой цементный раствор
бетон и раствор;;цементный раствор для пола;20;цементный раствор для пола
бетон и раствор;;цементный раствор 1 3;20;цементный раствор 1 3
бетон и раствор;;готовый известковый раствор;20;готовый известковый раствор
бетон и раствор;;цемента на куб бетона м500;20;цемента на куб бетона м500
бетон и раствор;;м500 цемент для стяжки;20;м500 цемент для стяжки
бетон и раствор;;терракот смесь кладочная жаростойкая для печей;19;терракот смесь кладочная жаростойкая для печей
бетон и раствор;;кладочная смесь в мешках;19;кладочная смесь в мешках
бетон и раствор;;печник кладочная жаростойкая смесь;19;печник кладочная жаростойкая смесь
бетон и раствор;;кладочные сухие строительные смеси;19;кладочные сухие строительные смеси
бетон и раствор;;раствор кладочный цементный сертификат соответствия;19;раствор кладочный цементный сертификат соответствия
бетон и раствор;;раствор готовый кладочный цементный м100 сертификат;19;раствор готовый кладочный цементный м100 сертификат
бетон и раствор;;раствор кладочный цементный м100 сертификат;19;раствор кладочный цементный м100 сертификат
бетон и раствор;;сертификат раствор цементный м100;19;сертификат раствор цементный м100
бетон и раствор;;цементный раствор 150;19;цементный раствор 150
бетон и раствор;;хороший цементный раствор;19;хороший цементный раствор
бетон и раствор;;цементный раствор соотношение песка;19;цементный раствор соотношение песка
бетон и раствор;;клей для цементного раствора;19;клей для цементного раствора
бетон и раствор;;цемрос цемент м500;19;цемрос цемент м500
бетон и раствор;;бетон на гранитном щебне;18;бетон на гранитном щебне
бетон и раствор;;тяжелый бетон на гранитном щебне;18;тяжелый бетон на гранитном щебне
бетон и раствор;;лучшая кладочная смесь;18;лучшая кладочная смесь
бетон и раствор;;сухая кладочная смесь цементная;18;сухая кладочная смесь цементная
бетон и раствор;;смесь кладочная глино песчаная;18;смесь кладочная глино песчаная
бетон и раствор;;кладочная смесь основит;18;кладочная смесь основит
бетон и раствор;;черная кладочная смесь;18;черная кладочная смесь
бетон и раствор;;кладочная смесь на 1 кирпич;18;кладочная смесь на 1 кирпич
бетон и раствор;;кладочная смесь brozex м150;18;кладочная смесь brozex м150
бетон и раствор;;цементный раствор мешки;18;цементный раствор мешки
бетон и раствор;;раствор готовый кладочный цементный сертификат соответствия;18;раствор готовый кладочный цементный сертификат соответствия
бетон и раствор;;растворы цементные готовые сертификат соответствия;18;растворы цементные готовые сертификат соответствия
бетон и раствор;;цементный раствор для плитки;18;цементный раствор для плитки
бетон и раствор;;цементный раствор для фундамента;18;цементный раствор для фундамента
бетон и раствор;;цементный раствор соотношение песка и цемента;18;цементный раствор соотношение песка и цемента
бетон и раствор;;штукатурка фасада известковым раствором;18;штукатурка фасада известковым раствором
бетон и раствор;;цемент м400 и м500;18;цемент м400 и м500
бетон и раствор;;цемент м500 для стяжки пола;18;цемент м500 для стяжки пола
бетон и раствор;;автобетононасос м;18;автобетононасос м
бетон и раствор;;ступень рядовая бетонная;17;ступень рядовая бетонная
бетон и раствор;;бетон миксер 3 куба;17;бетон миксер 3 куба
бетон и раствор;;песок для кладочной смеси;17;песок для кладочной смеси
бетон и раствор;;смесь кладочная глино шамотная 20кг;17;смесь кладочная глино шамотная 20кг
бетон и раствор;;смесь кладочная терракот 20кг;17;смесь кладочная терракот 20кг
бетон и раствор;;смесь терракот кладочная глино шамотная 20кг;17;смесь терракот кладочная глино шамотная 20кг
бетон и раствор;;шамотная кладочная смесь терракот 20кг;17;шамотная кладочная смесь терракот 20кг
бетон и раствор;;сертификат кладочная смесь;17;сертификат кладочная смесь
бетон и раствор;;готовый известково цементный раствор;17;готовый известково цементный раствор
бетон и раствор;;раствор кладочный цементно известковый;17;раствор кладочный цементно известковый
бетон и раствор;;штукатурка фасада цементным раствором;17;штукатурка фасада цементным раствором
бетон и раствор;;гэсн цементный раствор;17;гэсн цементный раствор
бетон и раствор;;без цементные растворы;17;без цементные растворы
бетон и раствор;;песочно цементный раствор;17;песочно цементный раствор
бетон и раствор;;затирка цементным раствором;17;затирка цементным раствором
бетон и раствор;;можно добавлять цементный раствор;17;можно добавлять цементный раствор
бетон и раствор;;мыло в цементный раствор;17;мыло в цементный раствор
бетон и раствор;;цемент м400 25 кг;17;цемент м400 25 кг
бетон и раствор;;смесь цемента м500;17;смесь цемента м500
бетон и раствор;;белый цемент м500;17;белый цемент м500
бетон и раствор;;машинист автобетононасоса;17;машинист автобетононасоса
бетон и раствор;;пгс на куб бетона;16;пгс на куб бетона
бетон и раствор;;миксер бетон тюмень;16;миксер бетон тюмень
бетон и раствор;;миксер с подачей бетона по шлангам;16;миксер с подачей бетона по шлангам
бетон и раствор;;перевозка бетона миксером;16;перевозка бетона миксером
бетон и раствор;;штукатурка кладочной смесью;16;штукатурка кладочной смесью
бетон и раствор;;крепс кладочная смесь кгб для газобетона 25кг;16;крепс кладочная смесь кгб для газобетона 25кг
бетон и раствор;;бетон из кладочной смеси;16;бетон из кладочной смеси
бетон и раствор;;цементный раствор по камню и бетону;16;цементный раствор по камню и бетону
бетон и раствор;;штукатурка по бетону цементным раствором;16;штукатурка по бетону цементным раствором
бетон и раствор;;штукатурка фасадов цементно известковым раствором;16;штукатурка фасадов цементно известковым раствором
бетон и раствор;;оштукатуривание стен цементным раствором;16;оштукатуривание стен цементным раствором
бетон и раствор;;смета цементно песчаный раствор;16;смета цементно песчаный раствор
бетон и раствор;;раствор кладочный цементный м100 сертификат соответствия;16;раствор кладочный цементный м100 сертификат соответствия
бетон и раствор;;раствор цементный м100 сертификат соответствия;16;раствор цементный м100 сертификат соответствия
бетон и раствор;;сертификат соответствия раствор готовый кладочный цементный м100;16;сертификат соответствия раствор готовый кладочный цементный м100
бетон и раствор;;цементно песчаный раствор 100;16;цементно песчаный раствор 100
бетон и раствор;;цементный раствор м 100;16;цементный раствор м 100
бетон и раствор;;заделка швов цементным раствором;16;заделка швов цементным раствором
бетон и раствор;;растворы строительные цементные;16;растворы строительные цементные
бетон и раствор;;известково песчаный раствор;16;известково песчаный раствор
бетон и раствор;;цемент м500 соотношение;16;цемент м500 соотношение
бетон и раствор;;бетон бст в15 м200;15;бетон бст в15 м200
бетон и раствор;;смеси бетонные тяжелого бетона в15 м200;15;смеси бетонные тяжелого бетона в15 м200
бетон и раствор;;бетон м250 в ведрах;15;бетон м250 в ведрах
бетон и раствор;;цемент м400 на куб бетона;15;цемент м400 на куб бетона
бетон и раствор;;бетон раствор миксер;15;бетон раствор миксер
бетон и раствор;;брозекс брик м 150 кладочная смесь;15;брозекс брик м 150 кладочная смесь
бетон и раствор;;белая кладочная смесь;15;белая кладочная смесь
бетон и раствор;;печная кладочная смесь;15;печная кладочная смесь
бетон и раствор;;перфекта линкер смесь кладочная;15;перфекта линкер смесь кладочная
бетон и раствор;;кладочная смесь для ячеистого бетона;15;кладочная смесь для ячеистого бетона
бетон и раствор;;смесь кладочная м 100;15;смесь кладочная м 100
бетон и раствор;;кладочная смесь м100;15;кладочная смесь м100
бетон и раствор;;смесь глино шамотная терракот кладочная жаростойкая;15;смесь глино шамотная терракот кладочная жаростойкая
бетон и раствор;;смесь кладочная жаростойкая 20 кг;15;смесь кладочная жаростойкая 20 кг
бетон и раствор;;кладочный раствор сухая смесь;15;кладочный раствор сухая смесь
бетон и раствор;;готовая кладочная смесь для кирпича;15;готовая кладочная смесь для кирпича
бетон и раствор;;почему цементный раствор;15;почему цементный раствор
бетон и раствор;;цементный раствор для кладки кирпича;15;цементный раствор для кладки кирпича
бетон и раствор;;бетон и цементно песчаный раствор;15;бетон и цементно песчаный раствор
бетон и раствор;;раствор готовый отделочный цементный;15;раствор готовый отделочный цементный
бетон и раствор;;раствор цементный отделочный;15;раствор цементный отделочный
бетон и раствор;;толщина цементно песчаного раствора;15;толщина цементно песчаного раствора
бетон и раствор;;простой цементный раствор;15;простой цементный раствор
бетон и раствор;;готовый цементно песчаный раствор;15;готовый цементно песчаный раствор
бетон и раствор;;цементный раствор м75;15;цементный раствор м75
бетон и раствор;;цементный раствор температура;15;цементный раствор температура
бетон и раствор;;раствор кладочный цементный м200;15;раствор кладочный цементный м200
бетон и раствор;;раствор известковый м100;15;раствор известковый м100
бетон и раствор;;известковый раствор цемент;15;известковый раствор цемент
бетон и раствор;;цемент м500 разница;15;цемент м500 разница
бетон и раствор;;бетонные ступени для крыльца;14;бетонные ступени для крыльца
бетон и раствор;;бетон м200 из цемента м500;14;бетон м200 из цемента м500
бетон и раствор;;бетон м200 в кубе;14;бетон м200 в кубе
бетон и раствор;;бетон м200 для фундамента;14;бетон м200 для фундамента
бетон и раствор;;бетономешалка миксер бетон;14;бетономешалка миксер бетон
бетон и раствор;;замес бетона миксером;14;замес бетона миксером
бетон и раствор;;кладочная смесь брозекс м150;14;кладочная смесь брозекс м150
бетон и раствор;;кладочная смесь для печи из кирпича;14;кладочная смесь для печи из кирпича
бетон и раствор;;зимние кладочные смеси;14;зимние кладочные смеси
бетон и раствор;;кладочная смесь наружной;14;кладочная смесь наружной
бетон и раствор;;белая кладочная смесь для кирпича;14;белая кладочная смесь для кирпича
бетон и раствор;;смесь кладочная м50;14;смесь кладочная м50
бетон и раствор;;смесь кладочная глино шамотная жаростойкая для печей;14;смесь кладочная глино шамотная жаростойкая для печей
бетон и раствор;;смесь кладочная шкц 150 200;14;смесь кладочная шкц 150 200
бетон и раствор;;смеси сухие кладочные цементно песчаные;14;смеси сухие кладочные цементно песчаные
бетон и раствор;;пва в цементный раствор;14;пва в цементный раствор
бетон и раствор;;цементный раствор для пистолета;14;цементный раствор для пистолета
бетон и раствор;;глиняно цементный раствор;14;глиняно цементный раствор
бетон и раствор;;ремонтный цементный раствор;14;ремонтный цементный раствор
бетон и раствор;;зачем цементный раствор;14;зачем цементный раствор
бетон и раствор;;галтель из цементно песчаного раствора;14;галтель из цементно песчаного раствора
бетон и раствор;;раствор отделочный известковый;14;раствор отделочный известковый
бетон и раствор;;цемент для стяжки м400;14;цемент для стяжки м400
бетон и раствор;;ремонт бетонных ступеней;13;ремонт бетонных ступеней
бетон и раствор;;бетон тяжелый м250;13;бетон тяжелый м250
бетон и раствор;;бетон м250 в20;13;бетон м250 в20
бетон и раствор;;услуги миксера бетона;13;услуги миксера бетона
бетон и раствор;;смесь кладочная жаростойкая терракот 20 кг;13;смесь кладочная жаростойкая терракот 20 кг
бетон и раствор;;глиняная кладочная смесь;13;глиняная кладочная смесь
бетон и раствор;;смесь кладочная для наружных работ;13;смесь кладочная для наружных работ
бетон и раствор;;кладочная смесь для печей раствор;13;кладочная смесь для печей раствор
бетон и раствор;;смесь кладочная перфекта белая;13;смесь кладочная перфекта белая
бетон и раствор;;bergauf кладочная смесь;13;bergauf кладочная смесь
бетон и раствор;;смесь кладочная песок цемент;13;смесь кладочная песок цемент
бетон и раствор;;откосы цементным раствором;13;откосы цементным раствором
бетон и раствор;;крепкие цементные растворы;13;крепкие цементные растворы
бетон и раствор;;цементно песчаный раствор м 100;13;цементно песчаный раствор м 100
бетон и раствор;;цементный раствор для стяжки;13;цементный раствор для стяжки
бетон и раствор;;добавить клей в цементный раствор;13;добавить клей в цементный раствор
бетон и раствор;;жидкое мыло в цементный раствор;13;жидкое мыло в цементный раствор
бетон и раствор;;готовый отделочный тяжелый цементный раствор;13;готовый отделочный тяжелый цементный раствор
бетон и раствор;;раствор отделочный тяжелый цементный;13;раствор отделочный тяжелый цементный
бетон и раствор;;раствор отделочный тяжелый цементный 1 1;13;раствор отделочный тяжелый цементный 1 1
бетон и раствор;;ремонт штукатурки цементно известковым раствором;13;ремонт штукатурки цементно известковым раствором
бетон и раствор;;ремонт штукатурки цементным раствором;13;ремонт штукатурки цементным раствором
бетон и раствор;;ремонт штукатурки известковым раствором;13;ремонт штукатурки известковым раствором
бетон и раствор;;раствор готовый отделочный известковый;13;раствор готовый отделочный известковый
бетон и раствор;;соотношение песка и цемента м500;13;соотношение песка и цемента м500
бетон и раствор;;цемент сульфатостойкий м500;13;цемент сульфатостойкий м500
бетон и раствор;;бетон м200 15;12;бетон м200 15
бетон и раствор;;фото миксера бетона;12;фото миксера бетона
бетон и раствор;;кладочная смесь коттедж;12;кладочная смесь коттедж
бетон и раствор;;смесь кладочная бежевая;12;смесь кладочная бежевая
бетон и раствор;;смесь кладочная для печей brozex;12;смесь кладочная для печей brozex
бетон и раствор;;черная кладочная смесь для кирпича;12;черная кладочная смесь для кирпича
бетон и раствор;;кладочно цементно песчаного раствора;12;кладочно цементно песчаного раствора
бетон и раствор;;можно ли в цементный раствор добавлять;12;можно ли в цементный раствор добавлять
бетон и раствор;;залить полы цементным раствором;12;залить полы цементным раствором
бетон и раствор;;цвет цементного раствора;12;цвет цементного раствора
бетон и раствор;;высыхание цементного раствора;12;высыхание цементного раствора
бетон и раствор;;ремонт бетона цементным раствором;12;ремонт бетона цементным раствором
бетон и раствор;;армированный цементно песчаный раствор;12;армированный цементно песчаный раствор
бетон и раствор;;известковый раствор для кладки;12;известковый раствор для кладки
бетон и раствор;;цемент м400 и м500 в чем разница;12;цемент м400 и м500 в чем разница
бетон и раствор;;цемент м500 мешок 25кг;12;цемент м500 мешок 25кг
бетон и раствор;;автобетононасос работа;12;автобетононасос работа
бетон и раствор;;бетон в7 5 м100;11;бетон в7 5 м100
бетон и раствор;;цемент на куб бетона м250;11;цемент на куб бетона м250
бетон и раствор;;работа миксера бетона;11;работа миксера бетона
бетон и раствор;;светло серая кладочная смесь;11;светло серая кладочная смесь
бетон и раствор;;цветная кладочная смесь perel;11;цветная кладочная смесь perel
бетон и раствор;;кладочная смесь для бани;11;кладочная смесь для бани
бетон и раствор;;кладочная смесь для кирпича в баню;11;кладочная смесь для кирпича в баню
бетон и раствор;;раствор готовый отделочный цементно известковый;11;раствор готовый отделочный цементно известковый
бетон и раствор;;растворы отделочные цементно известковые;11;растворы отделочные цементно известковые
бетон и раствор;;раствор цементно известковый 1 1 6;11;раствор цементно известковый 1 1 6
бетон и раствор;;раствор цементный 1 1 6;11;раствор цементный 1 1 6
бетон и раствор;;цементно песчаный раствор расценка в смете;11;цементно песчаный раствор расценка в смете
бетон и раствор;;облицовка цементным раствором;11;облицовка цементным раствором
бетон и раствор;;штукатурка стен цементным раствором по маякам;11;штукатурка стен цементным раствором по маякам
бетон и раствор;;штукатурка цементным раствором по маякам;11;штукатурка цементным раствором по маякам
бетон и раствор;;известковый штукатурный раствор;11;известковый штукатурный раствор
бетон и раствор;;известковый раствор для стен;11;известковый раствор для стен
бетон и раствор;;цемент м400 раствор;11;цемент м400 раствор
бетон и раствор;;екат цемент м500;11;екат цемент м500
бетон и раствор;;цемент м500 на 1 куб;11;цемент м500 на 1 куб
бетон и раствор;;цемент м500 50кг;11;цемент м500 50кг
бетон и раствор;;цемент м500 биг бэг;11;цемент м500 биг бэг
бетон и раствор;;камни бортовые бр 100.30 15 бетон;10;камни бортовые бр 100.30 15 бетон
бетон и раствор;;бетон тяжелый м150;10;бетон тяжелый м150
бетон и раствор;;рецепт бетона м200;10;рецепт бетона м200
бетон и раствор;;1 миксер бетон;10;1 миксер бетон
бетон и раствор;;смесь кладочная быстрой;10;смесь кладочная быстрой
бетон и раствор;;кирпично кладочная смесь;10;кирпично кладочная смесь
бетон и раствор;;смесь кладочная глино песчаная жаростойкая;10;смесь кладочная глино песчаная жаростойкая
бетон и раствор;;сухая кладочная смесь для кирпича;10;сухая кладочная смесь для кирпича
бетон и раствор;;смесь кладочная bergauf praktik м 100 30кг;10;смесь кладочная bergauf praktik м 100 30кг
бетон и раствор;;кладочная смесь для кирпича отзывы;10;кладочная смесь для кирпича отзывы
бетон и раствор;;раствор готовый отделочный тяжелый известковый;10;раствор готовый отделочный тяжелый известковый
бетон и раствор;;раствор готовый тяжелый известковый;10;раствор готовый тяжелый известковый
бетон и раствор;;раствор отделочный тяжелый известковый;10;раствор отделочный тяжелый известковый
бетон и раствор;;раствор тяжелый известковый;10;раствор тяжелый известковый
бетон и раствор;;цемент м500 без песка;10;цемент м500 без песка
бетон и раствор;;автобетононасоса бетон;10;автобетононасоса бетон
бетон и раствор;;песок речной подойдет для цемента;9;песок речной подойдет для цемента
бетон и раствор;;песок строительный цемент;9;песок строительный цемент
бетон и раствор;;фасадная бетонная плитка;9;фасадная бетонная плитка / бетонная фасадная плитка
бетон и раствор;;бетонная плитка ступени;9;бетонная плитка ступени
бетон и раствор;;ступени уличные бетонные;9;ступени уличные бетонные
бетон и раствор;;расценки ступени бетонные;9;расценки ступени бетонные
бетон и раствор;;соотношение бетона м200;9;соотношение бетона м200
бетон и раствор;;бетон м250 бст в20;9;бетон м250 бст в20
бетон и раствор;;бетон тяжелый в20 м250;9;бетон тяжелый в20 м250
бетон и раствор;;чистый миксер очиститель бетона;9;чистый миксер очиститель бетона
бетон и раствор;;перевозка бетон миксер с лентой;9;перевозка бетон миксер с лентой
бетон и раствор;;кладочная смесь 300;9;кладочная смесь 300
бетон и раствор;;кладочная смесь цементная м100;9;кладочная смесь цементная м100
бетон и раствор;;кладочная смесь на м2;9;кладочная смесь на м2
бетон и раствор;;сухая смесь кладочная м100;9;сухая смесь кладочная м100
бетон и раствор;;смесь кладочная глиняная шамотная жаростойкая;9;смесь кладочная глиняная шамотная жаростойкая
бетон и раствор;;смесь кладочная для печей 20 кг;9;смесь кладочная для печей 20 кг
бетон и раствор;;раствор известковый м4;9;раствор известковый м4
бетон и раствор;;известковый раствор для штукатурки стен;9;известковый раствор для штукатурки стен
бетон и раствор;;улучшенная штукатурка цементно известковым раствором;9;улучшенная штукатурка цементно известковым раствором
бетон и раствор;;раствор готовый отделочный тяжелый цементно известковый;9;раствор готовый отделочный тяжелый цементно известковый
бетон и раствор;;раствор отделочный тяжелый цементно известковый;9;раствор отделочный тяжелый цементно известковый
бетон и раствор;;раствор тяжелый цементно известковый;9;раствор тяжелый цементно известковый
бетон и раствор;;раствор штукатурный известковый м100;9;раствор штукатурный известковый м100
бетон и раствор;;цемент м500 1 тонна;9;цемент м500 1 тонна
бетон и раствор;;цемент i 42 5н м500;9;цемент i 42 5н м500
бетон и раствор;;цемент серый м500;9;цемент серый м500
бетон и раствор;;цемент м500 0;9;цемент м500 0
бетон и раствор;;аренда бетононасоса метров;9;аренда бетононасоса метров
бетон и раствор;;щебень на куб бетона м200;8;щебень на куб бетона м200
бетон и раствор;;мешать бетон миксером;8;мешать бетон миксером
бетон и раствор;;время бетона в миксере;8;время бетона в миксере
бетон и раствор;;залить куб бетона миксера;8;залить куб бетона миксера
бетон и раствор;;миксер под бетон;8;миксер под бетон
бетон и раствор;;кладочная смесь специального;8;кладочная смесь специального
бетон и раствор;;кладочная смесь 5 кг;8;кладочная смесь 5 кг
бетон и раствор;;смесь кладочная терракот 5 кг;8;смесь кладочная терракот 5 кг
бетон и раствор;;кладочная смесь дом;8;кладочная смесь дом
бетон и раствор;;сухая кладочная смесь 1;8;сухая кладочная смесь 1
бетон и раствор;;теплоизоляционная кладочная смесь;8;теплоизоляционная кладочная смесь
бетон и раствор;;кладочная смесь кладки печей;8;кладочная смесь кладки печей
бетон и раствор;;кладочная смесь мастер;8;кладочная смесь мастер
бетон и раствор;;смесь кладочная цементно песчаная м100;8;смесь кладочная цементно песчаная м100
бетон и раствор;;смесь кладочная цементная м150;8;смесь кладочная цементная м150
бетон и раствор;;смесь цементно песчаная кладочная м150;8;смесь цементно песчаная кладочная м150
бетон и раствор;;известковый раствор для побелки;8;известковый раствор для побелки
бетон и раствор;;известковый цементный песчаный раствор;8;известковый цементный песчаный раствор
бетон и раствор;;растворы известковые сертификат;8;растворы известковые сертификат
бетон и раствор;;цемент м400 мешок 25 кг;8;цемент м400 мешок 25 кг
бетон и раствор;;цемент м400 50кг;8;цемент м400 50кг
бетон и раствор;;цемент м500 на 1 куб бетона;8;цемент м500 на 1 куб бетона
бетон и раствор;;срок годности цемента м500;8;срок годности цемента м500
бетон и раствор;;срок годности цемента м500 в мешках;8;срок годности цемента м500 в мешках
бетон и раствор;;сухоложский цемент м500;8;сухоложский цемент м500
бетон и раствор;;цемент м500 мкр;8;цемент м500 мкр
бетон и раствор;;лучший цемент м500;8;лучший цемент м500
бетон и раствор;;цемент м500 аккерман;8;цемент м500 аккерман
бетон и раствор;;автобетононасос cifa;8;автобетононасос cifa
бетон и раствор;;электрический стационарный бетононасос;8;электрический стационарный бетононасос
бетон и раствор;;бетонные ступени фото;7;бетонные ступени фото
бетон и раствор;;производство товарного бетона;7;производство товарного бетона
бетон и раствор;;товарный бетон куб;7;товарный бетон куб
бетон и раствор;;бетон м100 в7 5 c пмд;7;бетон м100 в7 5 c пмд
бетон и раствор;;бетон в10 м150;7;бетон в10 м150
бетон и раствор;;бетон м200 в мешках;7;бетон м200 в мешках
бетон и раствор;;раствор бетон м200;7;раствор бетон м200
бетон и раствор;;бетон в15 м200 крупность заполнителя;7;бетон в15 м200 крупность заполнителя
бетон и раствор;;бетон м200 крупность заполнителя;7;бетон м200 крупность заполнителя
бетон и раствор;;бетон м250 на щебне;7;бетон м250 на щебне
бетон и раствор;;бетон м250 для фундамента;7;бетон м250 для фундамента
бетон и раствор;;бетон b20 м250;7;бетон b20 м250
бетон и раствор;;цемент на 1 куб бетона м400;7;цемент на 1 куб бетона м400
бетон и раствор;;миксер бетон авто;7;миксер бетон авто
бетон и раствор;;миксер с насосом для подачи бетона;7;миксер с насосом для подачи бетона
бетон и раствор;;замесить бетон миксером;7;замесить бетон миксером
бетон и раствор;;замешивать бетон миксером;7;замешивать бетон миксером
бетон и раствор;;известковый раствор кирпич;7;известковый раствор кирпич
бетон и раствор;;известково цементный раствор для штукатурки;7;известково цементный раствор для штукатурки
бетон и раствор;;раствор на пол отсев цемент;7;раствор на пол отсев цемент
бетон и раствор;;цемент м500 биг бегах;7;цемент м500 биг бегах
бетон и раствор;;цемент м500 5 кг;7;цемент м500 5 кг
бетон и раствор;;цемент м500 для кладки;7;цемент м500 для кладки
бетон и раствор;;мини бетононасос аренда;7;мини бетононасос аренда
бетон и раствор;;бетононасос аренда нижний;7;бетононасос аренда нижний
бетон и раствор;;оператор автобетононасоса;7;оператор автобетононасоса
бетон и раствор;;бетононасос стационарный электрический нвт10;7;бетононасос стационарный электрический нвт10
бетон и раствор;;стационарный бетононасос дром спецтехника;7;стационарный бетононасос дром спецтехника
бетон и раствор;;цемент с гранитный отсевом;6;цемент с гранитный отсевом
бетон и раствор;;битумная эмульсия с цементом;6;битумная эмульсия с цементом
бетон и раствор;;бетонно мозаичные ступени;6;бетонно мозаичные ступени
бетон и раствор;;куб бетона м150;6;куб бетона м150
бетон и раствор;;бетон тяжелый в10 м150;6;бетон тяжелый в10 м150
бетон и раствор;;бетон м200 плита;6;бетон м200 плита
бетон и раствор;;миксер бетон 1 куб;6;миксер бетон 1 куб
бетон и раствор;;можно ли мешать бетон миксером;6;можно ли мешать бетон миксером
бетон и раствор;;миксер бетона видео;6;миксер бетона видео
бетон и раствор;;известковый раствор для кладки кирпича;6;известковый раствор для кладки кирпича
бетон и раствор;;готовый известковый кладочный раствор;6;готовый известковый кладочный раствор
бетон и раствор;;раствор готовый кладочный цементно известковый;6;раствор готовый кладочный цементно известковый
бетон и раствор;;цемент м400 тонна;6;цемент м400 тонна
бетон и раствор;;цемент м500 отзывы;6;цемент м500 отзывы
бетон и раствор;;цемент цемрос м500 отзывы;6;цемент цемрос м500 отзывы
бетон и раствор;;домострой цемент м500;6;домострой цемент м500
бетон и раствор;;цемент м500 акерман;6;цемент м500 акерман
бетон и раствор;;цемент м500 для отмостки;6;цемент м500 для отмостки
бетон и раствор;;цемент м500 воронеж;6;цемент м500 воронеж
бетон и раствор;;цемент м500 10 кг;6;цемент м500 10 кг
бетон и раствор;;цемент м500 1 1 песок;6;цемент м500 1 1 песок
бетон и раствор;;цемент м500 петрович;6;цемент м500 петрович
бетон и раствор;;цемент м500 д0;6;цемент м500 д0
бетон и раствор;;цемент евро м500;6;цемент евро м500
бетон и раствор;;видео автобетононасосов;6;видео автобетононасосов
бетон и раствор;;автобетононасос вакансии;6;автобетононасос вакансии
бетон и раствор;;машинист автобетононасоса вакансии;6;машинист автобетононасоса вакансии
бетон и раствор;;бетонный щебень 5 20;5;бетонный щебень 5 20
бетон и раствор;;щебень бетонный 40 70;5;щебень бетонный 40 70
бетон и раствор;;камни бортовые бетонные бр 100.30 18;5;камни бортовые бетонные бр 100.30 18
бетон и раствор;;стандартные бетонные ступени;5;стандартные бетонные ступени
бетон и раствор;;крашеные бетонные ступени фото;5;крашеные бетонные ступени фото
бетон и раствор;;бетонные ступени в дом;5;бетонные ступени в дом
бетон и раствор;;бетон м150 щебень;5;бетон м150 щебень
бетон и раствор;;бетона м200 w4;5;бетона м200 w4
бетон и раствор;;бетон м400 для фундамента;5;бетон м400 для фундамента
бетон и раствор;;миксер для замешивания бетона;5;миксер для замешивания бетона
бетон и раствор;;миксер с удлиненным ладком для подачи бетона;5;миксер с удлиненным ладком для подачи бетона
бетон и раствор;;бетон миксер с ленточной подачей;5;бетон миксер с ленточной подачей
бетон и раствор;;бетон миксер бетононасосом;5;бетон миксер бетононасосом
бетон и раствор;;известково цементный раствор для кладки;5;известково цементный раствор для кладки
бетон и раствор;;известковый раствор для кирпичной кладки;5;известковый раствор для кирпичной кладки
бетон и раствор;;цементно известковый раствор для кирпичной кладки;5;цементно известковый раствор для кирпичной кладки
бетон и раствор;;штукатурка поверхностей известковым раствором;5;штукатурка поверхностей известковым раствором
бетон и раствор;;известковый раствор сертификат соответствия;5;известковый раствор сертификат соответствия
бетон и раствор;;раствор известковой воды;5;раствор известковой воды
бетон и раствор;;цемент м400 мкр;5;цемент м400 мкр
бетон и раствор;;цемент м500 1000 кг;5;цемент м500 1000 кг
бетон и раствор;;замес цемента м500;5;замес цемента м500
бетон и раствор;;цемент строительный м500;5;цемент строительный м500
бетон и раствор;;цемент м500 раствор 350;5;цемент м500 раствор 350
бетон и раствор;;цемент срок годности в мешках закрытый м500;5;цемент срок годности в мешках закрытый м500
бетон и раствор;;бетононасос маленький аренда;5;бетононасос маленький аренда
бетон и раствор;;подача автобетононасосом;5;подача автобетононасосом
бетон и раствор;;стационарный бетононасос работа;5;стационарный бетононасос работа
бетон и раствор;;бетон на гранитном щебне в25;4;бетон на гранитном щебне в25
бетон и раствор;;бетон опгс;4;бетон опгс
бетон и раствор;;щебеночно песчаная смесь обработанная цементом;4;щебеночно песчаная смесь обработанная цементом
бетон и раствор;;ступени бетонные лс;4;ступени бетонные лс
бетон и раствор;;чем покрыть бетонные ступени;4;чем покрыть бетонные ступени
бетон и раствор;;бетонные ступени расценка в смете;4;бетонные ступени расценка в смете
бетон и раствор;;облицовка бетонных ступеней;4;облицовка бетонных ступеней
бетон и раствор;;резиновое покрытие бетонных ступеней;4;резиновое покрытие бетонных ступеней
бетон и раствор;;бетон в12 5 м150;4;бетон в12 5 м150
бетон и раствор;;масса бетона м200;4;масса бетона м200
бетон и раствор;;бетон в15 м200 w4;4;бетон в15 м200 w4
бетон и раствор;;сухой бетон м200;4;сухой бетон м200
бетон и раствор;;сертификат на бетон м200;4;сертификат на бетон м200
бетон и раствор;;бетон м250 10;4;бетон м250 10
бетон и раствор;;бетон м250 0;4;бетон м250 0
бетон и раствор;;бетон м250 из цемента м500;4;бетон м250 из цемента м500
бетон и раствор;;песка бетон м400;4;песка бетон м400
бетон и раствор;;готовый бетон миксер;4;готовый бетон миксер
бетон и раствор;;бетон миксер отзывы;4;бетон миксер отзывы
бетон и раствор;;делаем бетон миксером;4;делаем бетон миксером
бетон и раствор;;улучшенная штукатурка фасадов цементно известковым раствором;4;улучшенная штукатурка фасадов цементно известковым раствором
бетон и раствор;;улучшенная штукатурка стен известковым раствором;4;улучшенная штукатурка стен известковым раствором
бетон и раствор;;известковый раствор для швов;4;известковый раствор для швов
бетон и раствор;;раствор кладочный цементно известковый м10;4;раствор кладочный цементно известковый м10
бетон и раствор;;известковый раствор в бетон;4;известковый раствор в бетон
бетон и раствор;;раствор цементно известковый сертификат;4;раствор цементно известковый сертификат
бетон и раствор;;кладочный раствор известковый м50;4;кладочный раствор известковый м50
бетон и раствор;;раствор известковый м50;4;раствор известковый м50
бетон и раствор;;известково глиняный раствор;4;известково глиняный раствор
бетон и раствор;;цемент 50 кг м400 без минеральных добавок;4;цемент 50 кг м400 без минеральных добавок
бетон и раствор;;цемент м400 для фундамента;4;цемент м400 для фундамента
бетон и раствор;;цемент м500 спб;4;цемент м500 спб
бетон и раствор;;бетон из цемента м500 и отсева;4;бетон из цемента м500 и отсева
бетон и раствор;;цемент м500 леруа;4;цемент м500 леруа
бетон и раствор;;цемент м500 поддон;4;цемент м500 поддон
бетон и раствор;;бетононасос аренда час;4;бетононасос аренда час
бетон и раствор;;миксер с бетононасосом аренда;4;миксер с бетононасосом аренда
бетон и раствор;;аренда линейного бетононасоса;4;аренда линейного бетононасоса
бетон и раствор;;стрела автобетононасоса;4;стрела автобетононасоса
бетон и раствор;;автобетононасос сб;4;автобетононасос сб
бетон и раствор;;автобетононасос сб 170;4;автобетононасос сб 170
бетон и раствор;;автобетононасос сб 170 1;4;автобетононасос сб 170 1
бетон и раствор;;автобетононасос смета;4;автобетононасос смета
бетон и раствор;;автобетононасос 56;4;автобетононасос 56
бетон и раствор;;бетононасос стационарный дизельный;4;бетононасос стационарный дизельный
бетон и раствор;;стационарный бетононасос avito;4;стационарный бетононасос avito
бетон и раствор;;стационарный бетононасос gruzovik ru;4;стационарный бетононасос gruzovik ru
бетон и раствор;;стационарный бетононасос авито;4;стационарный бетононасос авито
бетон и раствор;;стационарный бетононасос экскаватор ру;4;стационарный бетононасос экскаватор ру
бетон и раствор;;бетон из гранитного отсева;3;бетон из гранитного отсева
бетон и раствор;;высота бетонных ступеней;3;высота бетонных ступеней
бетон и раствор;;выравнивание бетонных ступеней;3;выравнивание бетонных ступеней
бетон и раствор;;ступени для крыльца уличные бетонные;3;ступени для крыльца уличные бетонные
бетон и раствор;;бетонные ступени работа;3;бетонные ступени работа
бетон и раствор;;лестничная ступень бетонная;3;лестничная ступень бетонная
бетон и раствор;;товарный бетон раствор;3;товарный бетон раствор
бетон и раствор;;бетон м100 где используется;3;бетон м100 где используется
бетон и раствор;;где применяется бетон м200;3;где применяется бетон м200
бетон и раствор;;плита днища пн10 бетон b15 м200;3;плита днища пн10 бетон b15 м200
бетон и раствор;;бетон в15 м200 f100;3;бетон в15 м200 f100
бетон и раствор;;бетон м200 w4 f100;3;бетон м200 w4 f100
бетон и раствор;;бетон м200 в15 f100 w4;3;бетон м200 в15 f100 w4
бетон и раствор;;песчаный бетон в15 м200;3;песчаный бетон в15 м200
бетон и раствор;;бетон мелкозернистый м200;3;бетон мелкозернистый м200
бетон и раствор;;замес бетона м200;3;замес бетона м200
бетон и раствор;;бетон м200 количество цемента;3;бетон м200 количество цемента
бетон и раствор;;время застывания бетона м400;3;время застывания бетона м400
бетон и раствор;;миксер 300 бетона;3;миксер 300 бетона
бетон и раствор;;штукатурим известковым раствором;3;штукатурим известковым раствором
бетон и раствор;;известковые строительные растворы;3;известковые строительные растворы
бетон и раствор;;известковый раствор для золения шкур;3;известковый раствор для золения шкур
бетон и раствор;;известковый раствор для золения шкур 7;3;известковый раствор для золения шкур 7
бетон и раствор;;известковый раствор для золения шкур 7 букв;3;известковый раствор для золения шкур 7 букв
бетон и раствор;;гипсово известковый раствор;3;гипсово известковый раствор
бетон и раствор;;простой известковый раствор;3;простой известковый раствор
бетон и раствор;;штукатурка поверхностей внутри здания известковым раствором;3;штукатурка поверхностей внутри здания известковым раствором
бетон и раствор;;цементно известковый раствор для штукатурки стен;3;цементно известковый раствор для штукатурки стен
бетон и раствор;;раствор известковый м100 сертификат;3;раствор известковый м100 сертификат
бетон и раствор;;раствор штукатурный известковый м100 сертификат;3;раствор штукатурный известковый м100 сертификат
бетон и раствор;;раствор штукатурный известковый сертификат;3;раствор штукатурный известковый сертификат
бетон и раствор;;цементно известковый раствор сертификат соответствия;3;цементно известковый раствор сертификат соответствия
бетон и раствор;;известковый раствор фото;3;известковый раствор фото
бетон и раствор;;цемент м400 мешок 50кг;3;цемент м400 мешок 50кг
бетон и раствор;;цемент м400 слк цемент;3;цемент м400 слк цемент
бетон и раствор;;цемент портланд м400;3;цемент портланд м400
бетон и раствор;;бетононасос 56 метров аренда;3;бетононасос 56 метров аренда
бетон и раствор;;автобетононасос мерседес;3;автобетононасос мерседес
бетон и раствор;;автобетононасос мощность;3;автобетононасос мощность
бетон и раствор;;автобетононасос мощность двигателя;3;автобетононасос мощность двигателя
бетон и раствор;;автобетононасосы абн;3;автобетононасосы абн
бетон и раствор;;автобетононасосы производительность;3;автобетононасосы производительность
бетон и раствор;;стационарные бетононасосы sany;3;стационарные бетононасосы sany
бетон и раствор;;стационарный бетононасос exkavator ru;3;стационарный бетононасос exkavator ru
бетон и раствор;;стационарный бетононасос спец дром;3;стационарный бетононасос спец дром
бетон и раствор;;стационарный бетононасос спецдром;3;стационарный бетононасос спецдром
бетон и раствор;;фасадные системы бетонная плитка;2;фасадные системы бетонная плитка
бетон и раствор;;бетонные ступени на крыльце дом;2;бетонные ступени на крыльце дом
бетон и раствор;;покрасить бетонные ступени;2;покрасить бетонные ступени
бетон и раствор;;чем обработать бетонные ступени;2;чем обработать бетонные ступени
бетон и раствор;;бетонные ступени на участок;2;бетонные ступени на участок
бетон и раствор;;подсветка бетонных ступеней;2;подсветка бетонных ступеней
бетон и раствор;;чем облицевать ступени бетонные;2;чем облицевать ступени бетонные
бетон и раствор;;выравнивание ступеней бетонной лестницы;2;выравнивание ступеней бетонной лестницы
бетон и раствор;;бетонные накладки на ступени;2;бетонные накладки на ступени
бетон и раствор;;ремонт ступеней бетонных расценка;2;ремонт ступеней бетонных расценка
бетон и раствор;;бетонные марши ступеней;2;бетонные марши ступеней
бетон и раствор;;бетонные ступени на для улицы;2;бетонные ступени на для улицы
бетон и раствор;;ремонт бетонных ступеней лестницы;2;ремонт бетонных ступеней лестницы
бетон и раствор;;бетонная лестница три ступени;2;бетонная лестница три ступени
бетон и раствор;;бетонные ступени в частном доме;2;бетонные ступени в частном доме
бетон и раствор;;ступени бетонной лестницы в доме;2;ступени бетонной лестницы в доме
бетон и раствор;;завод товарного бетона;2;завод товарного бетона
бетон и раствор;;бетон товарный м200;2;бетон товарный м200
бетон и раствор;;товарный бетон м;2;товарный бетон м
бетон и раствор;;ооо товарный бетон;2;ооо товарный бетон
бетон и раствор;;бетон тяжелый в7 5 м100;2;бетон тяжелый в7 5 м100
бетон и раствор;;бетон тяжелый м100;2;бетон тяжелый м100
бетон и раствор;;бетон в 7.5 м100;2;бетон в 7.5 м100
бетон и раствор;;бетон м100 куб;2;бетон м100 куб
бетон и раствор;;бетон тяжелый в12 5 м150;2;бетон тяжелый в12 5 м150
бетон и раствор;;бетон б15 м200;2;бетон б15 м200
бетон и раствор;;что значит бетон м200;2;что значит бетон м200
бетон и раствор;;бетон бсм в15 м200;2;бетон бсм в15 м200
бетон и раствор;;бетон бсм м200;2;бетон бсм м200
бетон и раствор;;бетон мелкозернистый в15 м200;2;бетон мелкозернистый в15 м200
бетон и раствор;;сертификат бетон м200 в15;2;сертификат бетон м200 в15
бетон и раствор;;бетон м200 0 2;2;бетон м200 0 2
бетон и раствор;;цемента в кубе бетона м200;2;цемента в кубе бетона м200
бетон и раствор;;бетон м250 w6;2;бетон м250 w6
бетон и раствор;;бетон м250 на гравии;2;бетон м250 на гравии
бетон и раствор;;щебень на куб бетона м250;2;щебень на куб бетона м250
бетон и раствор;;материалы для куба бетона м250;2;материалы для куба бетона м250
бетон и раствор;;что значит бетон м400;2;что значит бетон м400
бетон и раствор;;бетон бст м400;2;бетон бст м400
бетон и раствор;;бетон м400 b30;2;бетон м400 b30
бетон и раствор;;смесь бетона м400;2;смесь бетона м400
бетон и раствор;;камни бортовые бетонные бк бетон в30 м400;2;камни бортовые бетонные бк бетон в30 м400
бетон и раствор;;рецепт бетона м400;2;рецепт бетона м400
бетон и раствор;;рецепт бетона м400 на 1 куб;2;рецепт бетона м400 на 1 куб
бетон и раствор;;известь для известкового раствора;2;известь для известкового раствора
бетон и раствор;;соотношение известкового раствора;2;соотношение известкового раствора
бетон и раствор;;известковый кладочный раствор м100;2;известковый кладочный раствор м100
бетон и раствор;;раствор кладочный цементно известковый м100;2;раствор кладочный цементно известковый м100
бетон и раствор;;раствор цементно известковый м100;2;раствор цементно известковый м100
бетон и раствор;;известковый раствор относится к растворам;2;известковый раствор относится к растворам
бетон и раствор;;цементно известковый раствор для фасада;2;цементно известковый раствор для фасада
бетон и раствор;;раствор известково цементный м50;2;раствор известково цементный м50
бетон и раствор;;раствор известковый м100 сертификат соответствия;2;раствор известковый м100 сертификат соответствия
бетон и раствор;;раствор кладочный цементно известковый м50;2;раствор кладочный цементно известковый м50
бетон и раствор;;раствор кладочный цементно известковый м50 сертификат;2;раствор кладочный цементно известковый м50 сертификат
бетон и раствор;;раствор кладочный цементно известковый сертификат;2;раствор кладочный цементно известковый сертификат
бетон и раствор;;раствор штукатурный известковый м100 сертификат соответствия;2;раствор штукатурный известковый м100 сертификат соответствия
бетон и раствор;;раствор штукатурный известковый сертификат соответствия;2;раствор штукатурный известковый сертификат соответствия
бетон и раствор;;цементно известковый раствор м50 сертификат;2;цементно известковый раствор м50 сертификат
бетон и раствор;;известковый раствор нормы;2;известковый раствор нормы
бетон и раствор;;известковый раствор для печи;2;известковый раствор для печи
бетон и раствор;;цемент м400 петрович;2;цемент м400 петрович
бетон и раствор;;срок годности цемента м400;2;срок годности цемента м400
бетон и раствор;;цемент строительный двор м400;2;цемент строительный двор м400
бетон и раствор;;щебень м400 цемент м400 песок;2;щебень м400 цемент м400 песок
бетон и раствор;;цемент портландцемент м400;2;цемент портландцемент м400
бетон и раствор;;бетононасос аренда новосибирск;2;бетононасос аренда новосибирск
бетон и раствор;;бетононасос малогабаритный в аренду;2;бетононасос малогабаритный в аренду
бетон и раствор;;бетононасос машина аренда;2;бетононасос машина аренда
бетон и раствор;;автобетононасос фото;2;автобетононасос фото
бетон и раствор;;машинист автобетононасоса профстандарт;2;машинист автобетононасоса профстандарт
бетон и раствор;;бетононасос автобетононасос;2;бетононасос автобетононасос
бетон и раствор;;автобетононасос 42;2;автобетононасос 42
бетон и раствор;;автобетононасос 42 метра;2;автобетононасос 42 метра
бетон и раствор;;автобетононасос sany;2;автобетононасос sany
бетон и раствор;;автобетононасос zoomlion;2;автобетононасос zoomlion
бетон и раствор;;автобетононасос каталог;2;автобетононасос каталог
бетон и раствор;;автобетононасос спб;2;автобетононасос спб
бетон и раствор;;высота автобетононасоса;2;высота автобетононасоса
бетон и раствор;;чертежи автобетононасоса;2;чертежи автобетононасоса
бетон и раствор;;автобетононасос игрушка;2;автобетононасос игрушка
бетон и раствор;;оператор стационарного бетононасоса;2;оператор стационарного бетононасоса
бетон и раствор;;стационарный бетононасос mascus ru;2;стационарный бетононасос mascus ru
бетон и раствор;;стационарный бетононасос грузовик ру;2;стационарный бетононасос грузовик ру
бетон и раствор;;стационарный бетононасос маскус ру;2;стационарный бетононасос маскус ру
бетон и раствор;;известняковый щебень бетон;1;известняковый щебень бетон
бетон и раствор;;шлаковый щебень бетон;1;шлаковый щебень бетон
бетон и раствор;;бетон из щебня 40 70;1;бетон из щебня 40 70
бетон и раствор;;песок мыло цемент;1;песок мыло цемент
бетон и раствор;;цемент опгс;1;цемент опгс
бетон и раствор;;цемент песок опгс;1;цемент песок опгс
бетон и раствор;;асфальт смесь асфальтобетонный горячий плотный мелкозернистый;1;асфальт смесь асфальтобетонный горячий плотный мелкозернистый
бетон и раствор;;плитка бетонная для навесных фасадных систем;1;плитка бетонная для навесных фасадных систем
бетон и раствор;;бетонная смесь для ступеней;1;бетонная смесь для ступеней
бетон и раствор;;армирование бетонных ступеней;1;армирование бетонных ступеней
бетон и раствор;;фанера на бетонные ступени;1;фанера на бетонные ступени
бетон и раствор;;высота ступени бетонной лестницы;1;высота ступени бетонной лестницы
бетон и раствор;;крепим ступени на бетонную лестницу;1;крепим ступени на бетонную лестницу
бетон и раствор;;толщина бетонных ступеней;1;толщина бетонных ступеней
бетон и раствор;;чем покрыть бетонные ступени на улице;1;чем покрыть бетонные ступени на улице
бетон и раствор;;восстановление бетонных ступеней;1;восстановление бетонных ступеней
бетон и раствор;;чем облицевать ступени бетонной лестницы на улице;1;чем облицевать ступени бетонной лестницы на улице
бетон и раствор;;ширина бетонных ступеней;1;ширина бетонных ступеней
бетон и раствор;;бетонные накладки на ступени лестницы;1;бетонные накладки на ступени лестницы
бетон и раствор;;бетонные плиты ступени;1;бетонные плиты ступени
бетон и раствор;;деревянные ступени на бетонную лестницу;1;деревянные ступени на бетонную лестницу
бетон и раствор;;металлическая лестница с бетонными ступенями;1;металлическая лестница с бетонными ступенями
бетон и раствор;;накладки на бетонные ступени уличные;1;накладки на бетонные ступени уличные
бетон и раствор;;чем покрыть уличные бетонные ступени;1;чем покрыть уличные бетонные ступени
бетон и раствор;;бетонные ступени 1 1;1;бетонные ступени 1 1
бетон и раствор;;бетонные ступени серия;1;бетонные ступени серия
бетон и раствор;;ремонт бетонных ступеней лестницы на улице;1;ремонт бетонных ступеней лестницы на улице
бетон и раствор;;сборные бетонные ступени;1;сборные бетонные ступени
бетон и раствор;;ремонт бетонных ступеней расценка в смете;1;ремонт бетонных ступеней расценка в смете
бетон и раствор;;ремонт ступеней бетонных смета;1;ремонт ступеней бетонных смета
бетон и раствор;;краска для ступеней бетонной лестницы;1;краска для ступеней бетонной лестницы
бетон и раствор;;отделка бетонных ступеней;1;отделка бетонных ступеней
бетон и раствор;;отделка ступеней бетонной лестницы;1;отделка ступеней бетонной лестницы
бетон и раствор;;производители товарного бетона;1;производители товарного бетона
бетон и раствор;;тульский завод товарных бетонов;1;тульский завод товарных бетонов
бетон и раствор;;23.63 производство товарного бетона;1;23.63 производство товарного бетона
бетон и раствор;;поставки товарного бетона;1;поставки товарного бетона
бетон и раствор;;производство товарного бетона оквэд;1;производство товарного бетона оквэд
бетон и раствор;;товарный бетон оквэд;1;товарный бетон оквэд
бетон и раствор;;бетон b7 5 м100;1;бетон b7 5 м100
бетон и раствор;;бетон м100 4;1;бетон м100 4
бетон и раствор;;бетон м100 щебень;1;бетон м100 щебень
бетон и раствор;;время застывания бетона м200;1;время застывания бетона м200
бетон и раствор;;застывание бетона м200;1;застывание бетона м200
бетон и раствор;;бетон м200 25 кг;1;бетон м200 25 кг
бетон и раствор;;бетон м200 w6;1;бетон м200 w6
бетон и раствор;;бетон м200 п3;1;бетон м200 п3
бетон и раствор;;бетон м200 гравий;1;бетон м200 гравий
бетон и раствор;;4 куба бетона м200;1;4 куба бетона м200
бетон и раствор;;бетон м200 из пгс;1;бетон м200 из пгс
бетон и раствор;;цемента на 1 куб бетона м250;1;цемента на 1 куб бетона м250
бетон и раствор;;масса бетона м400;1;масса бетона м400
бетон и раствор;;бетон тяжелый м400;1;бетон тяжелый м400
бетон и раствор;;100.30 15 бетон в30 м400;1;100.30 15 бетон в30 м400
бетон и раствор;;бр 100.30 15 бетон в30 м400;1;бр 100.30 15 бетон в30 м400
бетон и раствор;;известковый раствор мешок;1;известковый раствор мешок
бетон и раствор;;известковые растворы состоят из;1;известковые растворы состоят из
бетон и раствор;;побелка стен известковым раствором;1;побелка стен известковым раствором
бетон и раствор;;нанесение известкового раствора;1;нанесение известкового раствора
бетон и раствор;;раствор для удаления известкового налета;1;раствор для удаления известкового налета
бетон и раствор;;раствор лимонной кислоты для удаления известкового;1;раствор лимонной кислоты для удаления известкового
бетон и раствор;;раствор лимонной кислоты для удаления известкового налета;1;раствор лимонной кислоты для удаления известкового налета
бетон и раствор;;оштукатуривание известковым раствором;1;оштукатуривание известковым раствором
бетон и раствор;;оштукатуривание цементно известковым раствором;1;оштукатуривание цементно известковым раствором
бетон и раствор;;песчано известковый кладочный раствор;1;песчано известковый кладочный раствор
бетон и раствор;;покраска шифера известковым раствором;1;покраска шифера известковым раствором
бетон и раствор;;почему известковым раствором;1;почему известковым раствором
бетон и раствор;;раствор известкового молока;1;раствор известкового молока
бетон и раствор;;раствор кладочный цементно известковый м50 сертификат соответствия;1;раствор кладочный цементно известковый м50 сертификат соответствия
бетон и раствор;;раствор цементно известковый м50 сертификат соответствия;1;раствор цементно известковый м50 сертификат соответствия
бетон и раствор;;серно известковый раствор;1;серно известковый раствор
бетон и раствор;;сертификат соответствия раствор кладочный цементно известковый;1;сертификат соответствия раствор кладочный цементно известковый
бетон и раствор;;хлорно известковый раствор;1;хлорно известковый раствор
бетон и раствор;;штукатурка песчано известковым раствором;1;штукатурка песчано известковым раствором
бетон и раствор;;песок известкового раствора;1;песок известкового раствора
бетон и раствор;;хранение известкового раствора;1;хранение известкового раствора
бетон и раствор;;известковый раствор формула;1;известковый раствор формула
бетон и раствор;;масса известкового раствора;1;масса известкового раствора
бетон и раствор;;раствор кладочный цементно известковый м200;1;раствор кладочный цементно известковый м200
бетон и раствор;;формула раствора известковой воды;1;формула раствора известковой воды
бетон и раствор;;цементно известковый раствор м200;1;цементно известковый раствор м200
бетон и раствор;;штукатурка потолка цементно известковым раствором;1;штукатурка потолка цементно известковым раствором
бетон и раствор;;штукатурка потолков известковыми растворами;1;штукатурка потолков известковыми растворами
бетон и раствор;;известковый раствор для наружной штукатурки;1;известковый раствор для наружной штукатурки
бетон и раствор;;раствор известковый 1 2 5;1;раствор известковый 1 2 5
бетон и раствор;;раствор известковый 1 3;1;раствор известковый 1 3
бетон и раствор;;раствор известковый м 4;1;раствор известковый м 4
бетон и раствор;;реставрация известковый раствор;1;реставрация известковый раствор
бетон и раствор;;штукатурка стен цементно известковым раствором расценка;1;штукатурка стен цементно известковым раствором расценка
бетон и раствор;;высококачественная штукатурка известковым раствором;1;высококачественная штукатурка известковым раствором
бетон и раствор;;высококачественная штукатурка цементно известковым раствором;1;высококачественная штукатурка цементно известковым раствором
бетон и раствор;;зачем известковый раствор;1;зачем известковый раствор
бетон и раствор;;что добавляли в известковый раствор;1;что добавляли в известковый раствор
бетон и раствор;;м400 соотношение песка и цемента;1;м400 соотношение песка и цемента
бетон и раствор;;цемент м400 сертификат соответствия;1;цемент м400 сертификат соответствия
бетон и раствор;;сертификат на цемент м400;1;сертификат на цемент м400
бетон и раствор;;цемент м400 25кг;1;цемент м400 25кг
бетон и раствор;;авито бетононасос аренда;1;авито бетононасос аренда
бетон и раствор;;аренда бетононасоса смена;1;аренда бетононасоса смена
бетон и раствор;;бетононасос аренда москва;1;бетононасос аренда москва
бетон и раствор;;бетононасос аренда челябинск;1;бетононасос аренда челябинск
бетон и раствор;;аренда бетононасоса области;1;аренда бетононасоса области
бетон и раствор;;аренда бетононасоса м;1;аренда бетононасоса м
бетон и раствор;;аренда бетононасоса 32 метра;1;аренда бетононасоса 32 метра
бетон и раствор;;аренда бетононасоса 42м;1;аренда бетононасоса 42м
бетон и раствор;;бетононасос 36 метров аренда;1;бетононасос 36 метров аренда
бетон и раствор;;бетононасос 50 метров аренда;1;бетононасос 50 метров аренда
бетон и раствор;;бетононасос горизонтальный аренда;1;бетононасос горизонтальный аренда
бетон и раствор;;бетононасос стационарный аренда на 1 день;1;бетононасос стационарный аренда на 1 день
бетон и раствор;;взять в аренду бетононасос;1;взять в аренду бетононасос
бетон и раствор;;автобетононасос с миксером;1;автобетононасос с миксером
бетон и раствор;;автобетононасос 62 метра;1;автобетононасос 62 метра
бетон и раствор;;автобетононасосы 62;1;автобетононасосы 62
бетон и раствор;;машинист автобетононасоса обучение;1;машинист автобетононасоса обучение
бетон и раствор;;обучение автобетононасосу;1;обучение автобетононасосу
бетон и раствор;;трубы автобетононасоса;1;трубы автобетононасоса
бетон и раствор;;автобетононасос 60 метров;1;автобетононасос 60 метров
бетон и раствор;;автобетононасос putzmeister;1;автобетононасос putzmeister
бетон и раствор;;автобетононасос еткс;1;автобетононасос еткс
бетон и раствор;;автобетононасос камаз;1;автобетононасос камаз
бетон и раствор;;автобетононасос конструкция;1;автобетононасос конструкция
бетон и раствор;;автобетононасос что это и зачем;1;автобетононасос что это и зачем
бетон и раствор;;бетонирование автобетононасоса;1;бетонирование автобетононасоса
бетон и раствор;;бункер автобетононасоса;1;бункер автобетононасоса
бетон и раствор;;договор автобетононасоса;1;договор автобетононасоса
бетон и раствор;;подача бетона автобетононасосом;1;подача бетона автобетононасосом
бетон и раствор;;ширина автобетононасоса;1;ширина автобетононасоса
бетон и раствор;;гэсн автобетононасос;1;гэсн автобетононасос
бетон и раствор;;работа машинист автобетононасоса;1;работа машинист автобетононасоса
бетон и раствор;;автобетононасосы москвы;1;автобетононасосы москвы
бетон и раствор;;аренда автобетононасоса москва;1;аренда автобетононасоса москва
бетон и раствор;;водитель автобетононасоса;1;водитель автобетононасоса
бетон и раствор;;работа оператор автобетононасоса;1;работа оператор автобетононасоса
бетон и раствор;;шибера автобетононасосе;1;шибера автобетононасосе
бетон и раствор;;стационарные бетононасосы putzmeister;1;стационарные бетононасосы putzmeister
бетон и раствор;;стационарный бетононасос putzmeister bsa;1;стационарный бетононасос putzmeister bsa
бетон и раствор;;стационарный бетононасос putzmeister bsa 1409 d;1;стационарный бетононасос putzmeister bsa 1409 d
бетон и раствор;;стационарный бетононасос перевозка 24;1;стационарный бетононасос перевозка 24
бетон и раствор;выбор;какой цементный раствор;101;какой цементный раствор
бетон и раствор;выбор;м200 какой бетон;72;м200 какой бетон
бетон и раствор;выбор;какой цемент м500;28;какой цемент м500
бетон и раствор;выбор;м250 какой бетон;24;м250 какой бетон
бетон и раствор;выбор;какой цемент м400;13;какой цемент м400
бетон и раствор;выбор;какой раствор известковый;9;какой раствор известковый
бетон и раствор;выбор;м150 какой бетон;8;м150 какой бетон
бетон и раствор;выбор;цемент м400 какой бетон;6;цемент м400 какой бетон
бетон и раствор;выбор;цемент портланд м500 или акерман м 500;6;цемент портланд м500 или акерман м 500
бетон и раствор;выбор;цемент м500 чем отличается;6;цемент м500 чем отличается
бетон и раствор;выбор;м100 какой бетон;4;м100 какой бетон
бетон и раствор;выбор;цемент м500 какой лучше;4;цемент м500 какой лучше
бетон и раствор;выбор;м400 это какой бетон;3;м400 это какой бетон
бетон и раствор;выбор;раствор или известковый раствор лучше;3;раствор или известковый раствор лучше
бетон и раствор;выбор;песок для раствора карьерный или речной;1;песок для раствора карьерный или речной
бетон и раствор;выбор;бетон м200 или м250;1;бетон м200 или м250
бетон и раствор;выбор;в чем отличие цемента м400 от м500;1;в чем отличие цемента м400 от м500
бетон и раствор;выбор;автобетононасос какие бывают;1;автобетононасос какие бывают
бетон и раствор;выбор|как сделать;цемент м500 какая пропорция;10;цемент м500 какая пропорция
бетон и раствор;выбор|как сделать|применение;как выбрать миксер для бетона;6;как выбрать миксер для бетона
бетон и раствор;выбор|как сделать|применение;как выбрать строительный миксер для бетона;3;как выбрать строительный миксер для бетона
бетон и раствор;выбор|применение;миксер для бетона какой лучше;18;миксер для бетона какой лучше
бетон и раствор;выбор|применение;речной песок для бетона подходит или нет;11;речной песок для бетона подходит или нет
бетон и раствор;выбор|применение;строительный миксер для бетона какой;10;строительный миксер для бетона какой
бетон и раствор;выбор|применение;какой миксер выбрать для бетона;9;какой миксер выбрать для бетона
бетон и раствор;выбор|применение;какой строительный миксер выбрать для бетона;9;какой строительный миксер выбрать для бетона
бетон и раствор;выбор|применение;миксер для бетона ручной какой лучше;3;миксер для бетона ручной какой лучше
бетон и раствор;выбор|применение;песок для бетона речной или карьерный;1;песок для бетона речной или карьерный
бетон и раствор;выбор|характеристики;м200 какой класс бетона;47;м200 какой класс бетона
бетон и раствор;выбор|характеристики;бетон м250 какой класс бетона;20;бетон м250 какой класс бетона
бетон и раствор;выбор|характеристики;бетон м200 какая марка;13;бетон м200 какая марка
бетон и раствор;выбор|характеристики;бетон м400 какая марка бетона;7;бетон м400 какая марка бетона
бетон и раствор;выбор|характеристики;бетон м150 какой класс бетона;4;бетон м150 какой класс бетона
бетон и раствор;выбор|характеристики;бетон марки м200 какой класс;4;бетон марки м200 какой класс
бетон и раствор;выбор|характеристики;бетон м100 какая марка;2;бетон м100 какая марка
бетон и раствор;выбор|характеристики;бетон м250 какая марка;2;бетон м250 какая марка
бетон и раствор;выбор|характеристики;бетон м100 это какой класс;1;бетон м100 это какой класс
бетон и раствор;выбор|характеристики;раствор м200 это какой класс бетона;1;раствор м200 это какой класс бетона
бетон и раствор;выбор|характеристики;бетон марки м250 какой класс;1;бетон марки м250 какой класс
бетон и раствор;выбор|характеристики;бетон м400 это какой класс;1;бетон м400 это какой класс
бетон и раствор;гео;куб бетона екатеринбург;519;куб бетона екатеринбург
бетон и раствор;гео;бетон миксер екатеринбург;163;бетон миксер екатеринбург
бетон и раствор;гео;цемент м500 екатеринбург;143;цемент м500 екатеринбург
бетон и раствор;гео;смесь кладочная екатеринбург;123;смесь кладочная екатеринбург
бетон и раствор;гео;бетононасос аренда екатеринбург;118;бетононасос аренда екатеринбург
бетон и раствор;гео;1 куб бетона екатеринбург;59;1 куб бетона екатеринбург
бетон и раствор;гео;цемент м400 екатеринбург;59;цемент м400 екатеринбург
бетон и раствор;гео;известковый раствор екатеринбург;41;известковый раствор екатеринбург
бетон и раствор;гео;бетон миксер ревда;29;бетон миксер ревда
бетон и раствор;гео;цемент м500 сухой лог;25;цемент м500 сухой лог
бетон и раствор;гео;стационарный бетононасос екатеринбург;25;стационарный бетононасос екатеринбург
бетон и раствор;гео;стационарный бетононасос аренда екатеринбург;14;стационарный бетононасос аренда екатеринбург
бетон и раствор;гео;автобетононасос екатеринбург;11;автобетононасос екатеринбург
бетон и раствор;гео;екатеринбург екатеринбург производство известкового раствора;7;екатеринбург екатеринбург производство известкового раствора
бетон и раствор;гео;автобетононасос аренда екатеринбург;6;автобетононасос аренда екатеринбург
бетон и раствор;гео;бетон екатеринбург маленький миксер с транспортерной лентой;5;бетон екатеринбург маленький миксер с транспортерной лентой
бетон и раствор;гео;миксер с лентой подачи бетона екатеринбург;5;миксер с лентой подачи бетона екатеринбург
бетон и раствор;гео;известковый раствор екатеринбург пульс цен;5;известковый раствор екатеринбург пульс цен
бетон и раствор;гео|применение;рейтинг ручных миксеров для бетона;6;рейтинг ручных миксеров для бетона
бетон и раствор;гео|применение;рейтинг строительных миксеров ручных для бетона;4;рейтинг строительных миксеров ручных для бетона
бетон и раствор;гео|применение;лучший из миксеров для бетона;3;лучший из миксеров для бетона
бетон и раствор;гео|расчёт;сколько стоит куб бетона в екатеринбурге;89;сколько стоит куб бетона в екатеринбурге
бетон и раствор;гео|расчёт;сколько стоит миксер бетона в нижнем тагиле;12;сколько стоит миксер бетона в нижнем тагиле
бетон и раствор;как сделать;цемент м500 пропорции;277;цемент м500 пропорции
бетон и раствор;как сделать;заливка бетоном куб;236;заливка бетоном куб
бетон и раствор;как сделать;заливка куба бетона;236;заливка куба бетона
бетон и раствор;как сделать;цементный раствор пропорции;108;цементный раствор пропорции
бетон и раствор;как сделать;пропорции бетона м200;107;пропорции бетона м200
бетон и раствор;как сделать;цемент м500 пропорции ведрах;87;цемент м500 пропорции ведрах
бетон и раствор;как сделать;куб бетона пропорции;86;куб бетона пропорции
бетон и раствор;как сделать;пропорции куба бетона;86;пропорции куба бетона
бетон и раствор;как сделать;пропорции бетона в ведрах цемент м500;79;пропорции бетона в ведрах цемент м500
бетон и раствор;как сделать;бетон м250 пропорции;55;бетон м250 пропорции
бетон и раствор;как сделать;монтажно кладочная смесь;54;монтажно кладочная смесь
бетон и раствор;как сделать;кладочная смесь пропорции;52;кладочная смесь пропорции
бетон и раствор;как сделать;бетон м400 пропорции;51;бетон м400 пропорции
бетон и раствор;как сделать;цемент м500 пропорция для фундамента;51;цемент м500 пропорция для фундамента
бетон и раствор;как сделать;1 куб бетона пропорции;48;1 куб бетона пропорции
бетон и раствор;как сделать;пропорции 1 куба бетона;48;пропорции 1 куба бетона
бетон и раствор;как сделать;как высчитать куб бетона;48;как высчитать куб бетона
бетон и раствор;как сделать;как высчитать кубы бетона;48;как высчитать кубы бетона
бетон и раствор;как сделать;заливка цементным раствором;42;заливка цементным раствором
бетон и раствор;как сделать;как штукатурить цементным раствором;41;как штукатурить цементным раствором
бетон и раствор;как сделать;заливка бетона миксером;40;заливка бетона миксером
бетон и раствор;как сделать;как сделать цементный раствор;40;как сделать цементный раствор
бетон и раствор;как сделать;пропорции бетона для фундамента цемент м500;40;пропорции бетона для фундамента цемент м500
бетон и раствор;как сделать;приготовление цементного раствора;37;приготовление цементного раствора
бетон и раствор;как сделать;как штукатурить стены цементным раствором;37;как штукатурить стены цементным раствором
бетон и раствор;как сделать;раствор цемента м500 пропорции;36;раствор цемента м500 пропорции
бетон и раствор;как сделать;заливка бетона пропорции цемент м500;30;заливка бетона пропорции цемент м500
бетон и раствор;как сделать;пропорции бетона м200 в ведрах;29;пропорции бетона м200 в ведрах
бетон и раствор;как сделать;пропорции цемента м500 и песка;26;пропорции цемента м500 и песка
бетон и раствор;как сделать;как развести кладочную смесь;24;как развести кладочную смесь
бетон и раствор;как сделать;пропорции бетона для заливки фундамента цемент м500;24;пропорции бетона для заливки фундамента цемент м500
бетон и раствор;как сделать;цементно песчаный раствор пропорции;23;цементно песчаный раствор пропорции
бетон и раствор;как сделать;как штукатурить стены своими руками цементным раствором;22;как штукатурить стены своими руками цементным раствором
бетон и раствор;как сделать;штукатурим цементным раствором своими руками;22;штукатурим цементным раствором своими руками
бетон и раствор;как сделать;пропорции бетона м400 в ведрах;21;пропорции бетона м400 в ведрах
бетон и раствор;как сделать;цемент м400 пропорции;21;цемент м400 пропорции
бетон и раствор;как сделать;пропорции бетона м200 из цемента;19;пропорции бетона м200 из цемента
бетон и раствор;как сделать;как приготовить цементный раствор;19;как приготовить цементный раствор
бетон и раствор;как сделать;цемент песок щебень пропорции м500;19;цемент песок щебень пропорции м500
бетон и раствор;как сделать;цемент м500 стяжка пропорции;19;цемент м500 стяжка пропорции
бетон и раствор;как сделать;как правильно штукатурить цементным раствором;18;как правильно штукатурить цементным раствором
бетон и раствор;как сделать;как замесить цементный раствор;18;как замесить цементный раствор
бетон и раствор;как сделать;раствор на отсеве пропорции;18;раствор на отсеве пропорции
бетон и раствор;как сделать;пропорции для стяжки пола цементом м500;18;пропорции для стяжки пола цементом м500
бетон и раствор;как сделать;бетон м200 пропорции м500;17;бетон м200 пропорции м500
бетон и раствор;как сделать;смесь кладочная терракот как разводить;17;смесь кладочная терракот как разводить
бетон и раствор;как сделать;как штукатурить цементно песчаным раствором;17;как штукатурить цементно песчаным раствором
бетон и раствор;как сделать;бетон м200 пропорции в ведрах из цемента;16;бетон м200 пропорции в ведрах из цемента
бетон и раствор;как сделать;как правильно штукатурить стену цементным раствором;16;как правильно штукатурить стену цементным раствором
бетон и раствор;как сделать;как делать цементный раствор;16;как делать цементный раствор
бетон и раствор;как сделать;приготовление цементно песчаного раствора;16;приготовление цементно песчаного раствора
бетон и раствор;как сделать;услуги бетононасоса для заливки;16;услуги бетононасоса для заливки
бетон и раствор;как сделать;услуги бетононасоса для заливки бетона;16;услуги бетононасоса для заливки бетона
бетон и раствор;как сделать;пропорции бетона м250 в ведрах;15;пропорции бетона м250 в ведрах
бетон и раствор;как сделать;цементно песчаная монтажно кладочная смесь;15;цементно песчаная монтажно кладочная смесь
бетон и раствор;как сделать;кладочная смесь для кирпича пропорции;15;кладочная смесь для кирпича пропорции
бетон и раствор;как сделать;штукатурка цементным раствором своими руками;15;штукатурка цементным раствором своими руками
бетон и раствор;как сделать;как штукатурить стены цементно песчаным раствором;15;как штукатурить стены цементно песчаным раствором
бетон и раствор;как сделать;как разводить цемент м500;15;как разводить цемент м500
бетон и раствор;как сделать;пропорции бетона м200 из цемента м500;14;пропорции бетона м200 из цемента м500
бетон и раствор;как сделать;монтажно кладочная смесь м150;14;монтажно кладочная смесь м150
бетон и раствор;как сделать;как замешать цементный раствор;14;как замешать цементный раствор
бетон и раствор;как сделать;подготовка цементного раствора;14;подготовка цементного раствора
бетон и раствор;как сделать;штукатурка стен цементным раствором своими руками;14;штукатурка стен цементным раствором своими руками
бетон и раствор;как сделать;цементный раствор пропорции для заливки;13;цементный раствор пропорции для заливки
бетон и раствор;как сделать;как развести кладочную смесь для печи;12;как развести кладочную смесь для печи
бетон и раствор;как сделать;пропорции жидкого цементного раствора;12;пропорции жидкого цементного раствора
бетон и раствор;как сделать;укладка цементного раствора;12;укладка цементного раствора
бетон и раствор;как сделать;бетон м150 пропорции;11;бетон м150 пропорции
бетон и раствор;как сделать;кладочная смесь для кирпича пропорции песка;11;кладочная смесь для кирпича пропорции песка
бетон и раствор;как сделать;заливки бетона куб миксером;10;заливки бетона куб миксером
бетон и раствор;как сделать;заливка стационарным бетононасосом;10;заливка стационарным бетононасосом
бетон и раствор;как сделать;как принять бетон из миксера;9;как принять бетон из миксера
бетон и раствор;как сделать;смесь кладочная жаростойкая для печей как разводить;9;смесь кладочная жаростойкая для печей как разводить
бетон и раствор;как сделать;смеси сухие монтажно кладочные;9;смеси сухие монтажно кладочные
бетон и раствор;как сделать;смеси сухие монтажно кладочные цементно песчаные;9;смеси сухие монтажно кладочные цементно песчаные
бетон и раствор;как сделать;цемент м500 как разводить пропорции;9;цемент м500 как разводить пропорции
бетон и раствор;как сделать;смесь кладочная глина шамотная как разводить;8;смесь кладочная глина шамотная как разводить
бетон и раствор;как сделать;кладочная смесь терракот для печей как разводить;8;кладочная смесь терракот для печей как разводить
бетон и раствор;как сделать;пропорция известкового раствора;8;пропорция известкового раствора
бетон и раствор;как сделать;как приготовить известковый раствор;8;как приготовить известковый раствор
бетон и раствор;как сделать;автобетононасос как работает;8;автобетононасос как работает
бетон и раствор;как сделать;бетон м250 пропорции в ведрах из цемента;6;бетон м250 пропорции в ведрах из цемента
бетон и раствор;как сделать;цемент м400 раствор пропорции;6;цемент м400 раствор пропорции
бетон и раствор;как сделать;цемент м500 пропорции для кладки;6;цемент м500 пропорции для кладки
бетон и раствор;как сделать;как сделать бетонные ступени;5;как сделать бетонные ступени
бетон и раствор;как сделать;устройство бетонных ступеней;5;устройство бетонных ступеней
бетон и раствор;как сделать;монтаж бетонных ступеней;5;монтаж бетонных ступеней
бетон и раствор;как сделать;бетон м200 своими руками;5;бетон м200 своими руками
бетон и раствор;как сделать;пропорции бетона для фундамента м200;5;пропорции бетона для фундамента м200
бетон и раствор;как сделать;пропорции бетона м400 в ведрах для пола;5;пропорции бетона м400 в ведрах для пола
бетон и раствор;как сделать;как отрегулировать обороты на гидронасосе миксера бетона;5;как отрегулировать обороты на гидронасосе миксера бетона
бетон и раствор;как сделать;как сделать раствор из цемента м500;5;как сделать раствор из цемента м500
бетон и раствор;как сделать;как сделать цемент м500;5;как сделать цемент м500
бетон и раствор;как сделать;пропорции бетона с опгс;4;пропорции бетона с опгс
бетон и раствор;как сделать;установка бетонных ступеней;4;установка бетонных ступеней
бетон и раствор;как сделать;как восстановить бетонные ступени;4;как восстановить бетонные ступени
бетон и раствор;как сделать;бетон м100 пропорции;4;бетон м100 пропорции
бетон и раствор;как сделать;бетон м150 пропорции в ведрах;4;бетон м150 пропорции в ведрах
бетон и раствор;как сделать;как выглядит бетон м200;4;как выглядит бетон м200
бетон и раствор;как сделать;как работает автобетононасос видео от пейнтмоторс;4;как работает автобетононасос видео от пейнтмоторс
бетон и раствор;как сделать;укладка бетонных ступеней;3;укладка бетонных ступеней
бетон и раствор;как сделать;устройство бетонных ступеней гэсн;3;устройство бетонных ступеней гэсн
бетон и раствор;как сделать;монтаж ступеней на бетонную лестницу;3;монтаж ступеней на бетонную лестницу
бетон и раствор;как сделать;бетонные ступени своими руками;3;бетонные ступени своими руками
бетон и раствор;как сделать;как сделать бетон м200;3;как сделать бетон м200
бетон и раствор;как сделать;как сделать бетон м200 своими руками;3;как сделать бетон м200 своими руками
бетон и раствор;как сделать;куб бетона м200 пропорции;3;куб бетона м200 пропорции
бетон и раствор;как сделать;пропорции куба бетона м200;3;пропорции куба бетона м200
бетон и раствор;как сделать;пропорции бетона м250 из цемента м500;3;пропорции бетона м250 из цемента м500
бетон и раствор;как сделать;как сделать бетон м400;3;как сделать бетон м400
бетон и раствор;как сделать;заливка бетона м400;3;заливка бетона м400
бетон и раствор;как сделать;известковый раствор для штукатурки пропорции;3;известковый раствор для штукатурки пропорции
бетон и раствор;как сделать;приготовление известкового раствора;3;приготовление известкового раствора
бетон и раствор;как сделать;как сделать известковый раствор;3;как сделать известковый раствор
бетон и раствор;как сделать;устройство бетонной ступени расценка;2;устройство бетонной ступени расценка
бетон и раствор;как сделать;бетон готовый для заливки товарный бетон;2;бетон готовый для заливки товарный бетон
бетон и раствор;как сделать;как сделать бетон м250;2;как сделать бетон м250
бетон и раствор;как сделать;приготовление известкового раствора для штукатурки;2;приготовление известкового раствора для штукатурки
бетон и раствор;как сделать;автобетононасос устройство;2;автобетононасос устройство
бетон и раствор;как сделать;автобетононасос установка;2;автобетононасос установка
бетон и раствор;как сделать;автобетононасос схема;2;автобетононасос схема
бетон и раствор;как сделать;пропорции цемента и гранитного отсева;1;пропорции цемента и гранитного отсева
бетон и раствор;как сделать;заливка бетонных ступеней;1;заливка бетонных ступеней
бетон и раствор;как сделать;как закрепить бетонные ступени;1;как закрепить бетонные ступени
бетон и раствор;как сделать;как закрепить ступени на бетонную лестницу;1;как закрепить ступени на бетонную лестницу
бетон и раствор;как сделать;бетонные ступени для крыльца своими руками;1;бетонные ступени для крыльца своими руками
бетон и раствор;как сделать;как выровнять бетонные ступени;1;как выровнять бетонные ступени
бетон и раствор;как сделать;как выровнять ступени бетонной лестницы;1;как выровнять ступени бетонной лестницы
бетон и раствор;как сделать;как отремонтировать бетонные ступени;1;как отремонтировать бетонные ступени
бетон и раствор;как сделать;как отремонтировать бетонные ступени лестницы;1;как отремонтировать бетонные ступени лестницы
бетон и раствор;как сделать;как отремонтировать бетонные ступени лестницы на улице;1;как отремонтировать бетонные ступени лестницы на улице
бетон и раствор;как сделать;как отремонтировать бетонные ступени на улице;1;как отремонтировать бетонные ступени на улице
бетон и раствор;как сделать;как уложить бетонные ступени;1;как уложить бетонные ступени
бетон и раствор;как сделать;монтаж ступеней из дпк на бетонную лестницу;1;монтаж ступеней из дпк на бетонную лестницу
бетон и раствор;как сделать;установка деревянных ступеней на бетонную лестницу;1;установка деревянных ступеней на бетонную лестницу
бетон и раствор;как сделать;установка ступеней на бетонную лестницу;1;установка ступеней на бетонную лестницу
бетон и раствор;как сделать;как залить бетонные ступени;1;как залить бетонные ступени
бетон и раствор;как сделать;монтаж бетонных ступеней расценка;1;монтаж бетонных ступеней расценка
бетон и раствор;как сделать;пропорции бетона м100 в ведрах;1;пропорции бетона м100 в ведрах
бетон и раствор;как сделать;пропорции бетона м200 в лопатах;1;пропорции бетона м200 в лопатах
бетон и раствор;как сделать;приготовление бетона м200;1;приготовление бетона м200
бетон и раствор;как сделать;пропорции бетона для заливки м200;1;пропорции бетона для заливки м200
бетон и раствор;как сделать;пропорции бетона м200 в кг;1;пропорции бетона м200 в кг
бетон и раствор;как сделать;пропорции бетона м200 из пгс;1;пропорции бетона м200 из пгс
бетон и раствор;как сделать;как приготовить бетон м250;1;как приготовить бетон м250
бетон и раствор;как сделать;бетон м400 пропорции в частях;1;бетон м400 пропорции в частях
бетон и раствор;как сделать;приготовление бетона м400;1;приготовление бетона м400
бетон и раствор;как сделать;как замешать бетон м400;1;как замешать бетон м400
бетон и раствор;как сделать;бетон м400 пропорции в лопатах;1;бетон м400 пропорции в лопатах
бетон и раствор;как сделать;известковый раствор для штукатурки стен пропорции;1;известковый раствор для штукатурки стен пропорции
бетон и раствор;как сделать;как штукатурить стены известковым раствором;1;как штукатурить стены известковым раствором
бетон и раствор;как сделать;технология известкового раствора;1;технология известкового раствора
бетон и раствор;как сделать;как готовить известковый раствор;1;как готовить известковый раствор
бетон и раствор;как сделать;как приготовить известковый раствор для кладки кирпича;1;как приготовить известковый раствор для кладки кирпича
бетон и раствор;как сделать;как сделать известковый раствор для штукатурки;1;как сделать известковый раствор для штукатурки
бетон и раствор;как сделать;заливка автобетононасосом;1;заливка автобетононасосом
бетон и раствор;как сделать|применение;цемент м500 пропорции для бетона;72;цемент м500 пропорции для бетона
бетон и раствор;как сделать|применение;миксер для бетона своими руками;18;миксер для бетона своими руками
бетон и раствор;как сделать|применение;пропорции бетона м250 в ведрах для бетономешалки;6;пропорции бетона м250 в ведрах для бетономешалки
бетон и раствор;как сделать|применение;как называется миксер для бетона;4;как называется миксер для бетона
бетон и раствор;как сделать|применение;желоб для бетона своими руками для миксера;4;желоб для бетона своими руками для миксера
бетон и раствор;как сделать|применение;цемент м400 пропорции для бетона;3;цемент м400 пропорции для бетона
бетон и раствор;как сделать|применение;пропорции бетона м200 в ведрах для бетономешалки;1;пропорции бетона м200 в ведрах для бетономешалки
бетон и раствор;как сделать|применение;пропорции для бетона м200 в бетономешалке;1;пропорции для бетона м200 в бетономешалке
бетон и раствор;как сделать|характеристики;марка цемента м500 пропорции;8;марка цемента м500 пропорции
бетон и раствор;как сделать|характеристики;марка бетона м400 пропорции;6;марка бетона м400 пропорции
бетон и раствор;как сделать|характеристики;состав бетона м400 пропорции;4;состав бетона м400 пропорции
бетон и раствор;как сделать|характеристики;состав бетона м200 пропорции;1;состав бетона м200 пропорции
бетон и раствор;как сделать|характеристики;состав бетона м250 пропорции;1;состав бетона м250 пропорции
бетон и раствор;как сделать|характеристики;состав бетона м250 пропорции в ведрах;1;состав бетона м250 пропорции в ведрах
бетон и раствор;как сделать|характеристики;марка бетона м250 пропорции;1;марка бетона м250 пропорции
бетон и раствор;как сделать|характеристики;состав бетона м400 пропорции на куб;1;состав бетона м400 пропорции на куб
бетон и раствор;коммерческий;куб бетона цена;1469;куб бетона цена
бетон и раствор;коммерческий;цена куба бетона;1469;цена куба бетона
бетон и раствор;коммерческий;бетон м300;1318;бетон м300
бетон и раствор;коммерческий;куб бетона с доставкой;893;куб бетона с доставкой
бетон и раствор;коммерческий;цена куба бетона с доставкой;609;цена куба бетона с доставкой
бетон и раствор;коммерческий;купить цемент м500;454;купить цемент м500
бетон и раствор;коммерческий;куб бетона м300;433;куб бетона м300
бетон и раствор;коммерческий;цемент м500 цена;427;цемент м500 цена
бетон и раствор;коммерческий;доставка бетона миксером;413;доставка бетона миксером
бетон и раствор;коммерческий;купить куб бетона;366;купить куб бетона
бетон и раствор;коммерческий;миксер бетона цена;325;миксер бетона цена
бетон и раствор;коммерческий;цемент м500 цена кг;309;цемент м500 цена кг
бетон и раствор;коммерческий;купить бетон цена куба;283;купить бетон цена куба
бетон и раствор;коммерческий;стоимость куба бетона;276;стоимость куба бетона
бетон и раствор;коммерческий;цемент м500 цена за мешок;273;цемент м500 цена за мешок
бетон и раствор;коммерческий;купить куб бетона с доставкой;268;купить куб бетона с доставкой
бетон и раствор;коммерческий;купить бетон цена за куб;264;купить бетон цена за куб
бетон и раствор;коммерческий;цемент м500 цена 50;255;цемент м500 цена 50
бетон и раствор;коммерческий;купить бетон с доставкой цена за куб;254;купить бетон с доставкой цена за куб
бетон и раствор;коммерческий;купить кладочную смесь;254;купить кладочную смесь
бетон и раствор;коммерческий;цемент м500 цена за кг мешок;239;цемент м500 цена за кг мешок
бетон и раствор;коммерческий;бетон м350;235;бетон м350
бетон и раствор;коммерческий;цемент м500 цена 50 кг;234;цемент м500 цена 50 кг
бетон и раствор;коммерческий;цена 1 куба бетона;233;цена 1 куба бетона
бетон и раствор;коммерческий;цемент м500 цена за мешок 50;217;цемент м500 цена за мешок 50
бетон и раствор;коммерческий;цемент м500 50 кг цена за мешок;197;цемент м500 50 кг цена за мешок
бетон и раствор;коммерческий;цена бетона за 1 куб;188;цена бетона за 1 куб
бетон и раствор;коммерческий;доставка 1 куба бетона;178;доставка 1 куба бетона
бетон и раствор;коммерческий;доставка бетона 1 куб;178;доставка бетона 1 куб
бетон и раствор;коммерческий;бетон м300 цена;172;бетон м300 цена
бетон и раствор;коммерческий;цемент на бетон м300;167;цемент на бетон м300
бетон и раствор;коммерческий;купить миксер бетона;151;купить миксер бетона
бетон и раствор;коммерческий;миксер бетона цена с доставкой;146;миксер бетона цена с доставкой
бетон и раствор;коммерческий;бетон миксер заказать;142;бетон миксер заказать
бетон и раствор;коммерческий;цена куба бетона м300;127;цена куба бетона м300
бетон и раствор;коммерческий;куб бетона для фундамента цена;121;куб бетона для фундамента цена
бетон и раствор;коммерческий;цена куба бетона для фундамента;121;цена куба бетона для фундамента
бетон и раствор;коммерческий;стоимость бетона за куб;111;стоимость бетона за куб
бетон и раствор;коммерческий;стоимость куба бетона за куб;111;стоимость куба бетона за куб
бетон и раствор;коммерческий;1 куб бетона м300;110;1 куб бетона м300
бетон и раствор;коммерческий;цемент на куб бетона м300;105;цемент на куб бетона м300
бетон и раствор;коммерческий;бетон м300 с доставкой;104;бетон м300 с доставкой
бетон и раствор;коммерческий;цена 1 куба бетона с доставкой;103;цена 1 куба бетона с доставкой
бетон и раствор;коммерческий;доставка бетона миксером куб;98;доставка бетона миксером куб
бетон и раствор;коммерческий;бетон м300 ведрами;94;бетон м300 ведрами
бетон и раствор;коммерческий;цена бетона за 1 куб с доставкой;93;цена бетона за 1 куб с доставкой
бетон и раствор;коммерческий;стоимость куба бетона с доставкой;92;стоимость куба бетона с доставкой
бетон и раствор;коммерческий;купить цемент м400;89;купить цемент м400
бетон и раствор;коммерческий;бетон м300 цена за куб;72;бетон м300 цена за куб
бетон и раствор;коммерческий;цена куба бетона м300 за куб;72;цена куба бетона м300 за куб
бетон и раствор;коммерческий;бетон м300 щебень;72;бетон м300 щебень
бетон и раствор;коммерческий;цемент м500 25 кг цена;71;цемент м500 25 кг цена
бетон и раствор;коммерческий;бетон миксер цена куба;69;бетон миксер цена куба
бетон и раствор;коммерческий;кладочная смесь для кирпича купить;66;кладочная смесь для кирпича купить
бетон и раствор;коммерческий;куб бетона м350;65;куб бетона м350
бетон и раствор;коммерческий;бетон м300 из цемента м500;63;бетон м300 из цемента м500
бетон и раствор;коммерческий;цемент м400 цена;63;цемент м400 цена
бетон и раствор;коммерческий;м300 из цемента м500;63;м300 из цемента м500
бетон и раствор;коммерческий;доставка бетона м300 куб доставкой;62;доставка бетона м300 куб доставкой
бетон и раствор;коммерческий;цена работы куба бетона;62;цена работы куба бетона
бетон и раствор;коммерческий;доставка бетона маленьким миксером;60;доставка бетона маленьким миксером
бетон и раствор;коммерческий;цементный раствор купить;60;цементный раствор купить
бетон и раствор;коммерческий;купить цемент м500 50 кг;59;купить цемент м500 50 кг
бетон и раствор;коммерческий;бетон для фундамента с доставкой миксером;57;бетон для фундамента с доставкой миксером
бетон и раствор;коммерческий;купить цемент м500 25 кг;56;купить цемент м500 25 кг
бетон и раствор;коммерческий;цена за куб бетона работа;54;цена за куб бетона работа
бетон и раствор;коммерческий;цементный раствор цена;54;цементный раствор цена
бетон и раствор;коммерческий;купить бетон м300;52;купить бетон м300
бетон и раствор;коммерческий;стоимость бетона за куб с доставкой;52;стоимость бетона за куб с доставкой
бетон и раствор;коммерческий;ступень бетонная купить;51;ступень бетонная купить
бетон и раствор;коммерческий;1 м3 бетона м300;51;1 м3 бетона м300
бетон и раствор;коммерческий;купить миксер бетона с доставкой;51;купить миксер бетона с доставкой
бетон и раствор;коммерческий;куб бетона для фундамента цена с доставкой;50;куб бетона для фундамента цена с доставкой
бетон и раствор;коммерческий;цена куба бетона для фундамента с доставкой;50;цена куба бетона для фундамента с доставкой
бетон и раствор;коммерческий;бетон м300 с доставкой цены;48;бетон м300 с доставкой цены
бетон и раствор;коммерческий;цемент на 1 куб бетона м300;48;цемент на 1 куб бетона м300
бетон и раствор;коммерческий;стоимость бетона м300;46;стоимость бетона м300
бетон и раствор;коммерческий;куб бетона вручную цена;46;куб бетона вручную цена
бетон и раствор;коммерческий;цена куба бетона вручную;46;цена куба бетона вручную
бетон и раствор;коммерческий;купить мешок цемента м500;46;купить мешок цемента м500
бетон и раствор;коммерческий;бетон в22 5 м300;45;бетон в22 5 м300
бетон и раствор;коммерческий;бетон м300 в22;45;бетон м300 в22
бетон и раствор;коммерческий;бетон м350 цена;41;бетон м350 цена
бетон и раствор;коммерческий;цена цемента м500 за мешок 25;41;цена цемента м500 за мешок 25
бетон и раствор;коммерческий;цена цемента м500 за мешок 25 кг;41;цена цемента м500 за мешок 25 кг
бетон и раствор;коммерческий;заказать миксер с бетоном цена;40;заказать миксер с бетоном цена
бетон и раствор;коммерческий;купить кладочную смесь для печей;40;купить кладочную смесь для печей
бетон и раствор;коммерческий;цена куба бетона м300 с доставкой;39;цена куба бетона м300 с доставкой
бетон и раствор;коммерческий;купить бетон м400;39;купить бетон м400
бетон и раствор;коммерческий;купить миксер бетона цена;36;купить миксер бетона цена
бетон и раствор;коммерческий;бетон с доставкой стоимость м300;34;бетон с доставкой стоимость м300
бетон и раствор;коммерческий;цена куба бетона м350;34;цена куба бетона м350
бетон и раствор;коммерческий;кладочная смесь цена;34;кладочная смесь цена
бетон и раствор;коммерческий;бетон м300 в бетономешалке;33;бетон м300 в бетономешалке
бетон и раствор;коммерческий;цемент м400 цена за мешок;33;цемент м400 цена за мешок
бетон и раствор;коммерческий;цементный раствор м3;32;цементный раствор м3
бетон и раствор;коммерческий;бетон м350 с доставкой;31;бетон м350 с доставкой
бетон и раствор;коммерческий;бетон м350 цена за куб;31;бетон м350 цена за куб
бетон и раствор;коммерческий;бетон миксер цена за куб;31;бетон миксер цена за куб
бетон и раствор;коммерческий;стоимость миксера бетона;30;стоимость миксера бетона
бетон и раствор;коммерческий;купит цемент м500 цена;30;купит цемент м500 цена
бетон и раствор;коммерческий;куплю бетон с доставкой миксером цена;28;куплю бетон с доставкой миксером цена
бетон и раствор;коммерческий;цемент м400 цена кг;28;цемент м400 цена кг
бетон и раствор;коммерческий;цемент в кубе бетона м300;27;цемент в кубе бетона м300
бетон и раствор;коммерческий;бетон м350 цена за 1;27;бетон м350 цена за 1
бетон и раствор;коммерческий;кладочная смесь для каминов купить;26;кладочная смесь для каминов купить
бетон и раствор;коммерческий;кладочная смесь для печей и каминов купить;26;кладочная смесь для печей и каминов купить
бетон и раствор;коммерческий;купить цемент м500 25 кг мешок;26;купить цемент м500 25 кг мешок
бетон и раствор;коммерческий;купить бетон м200;24;купить бетон м200
бетон и раствор;коммерческий;щебня на куб бетона м300;24;щебня на куб бетона м300
бетон и раствор;коммерческий;песок бетон м300;24;песок бетон м300
бетон и раствор;коммерческий;готовый цементный раствор купить;24;готовый цементный раствор купить
бетон и раствор;коммерческий;цемент м400 цена за мешок 50;24;цемент м400 цена за мешок 50
бетон и раствор;коммерческий;купить автобетононасос;24;купить автобетононасос
бетон и раствор;коммерческий;бетон м200 цена;23;бетон м200 цена
бетон и раствор;коммерческий;бетон м300 b22;23;бетон м300 b22
бетон и раствор;коммерческий;бетон м300 b22 5;23;бетон м300 b22 5
бетон и раствор;коммерческий;цена бетона за 1 куб м350;23;цена бетона за 1 куб м350
бетон и раствор;коммерческий;купить цемент м500 в мешках цена;23;купить цемент м500 в мешках цена
бетон и раствор;коммерческий;бр бв бетон в22 5 м300;22;бр бв бетон в22 5 м300
бетон и раствор;коммерческий;бетон м300 в мешках;22;бетон м300 в мешках
бетон и раствор;коммерческий;заказать доставку бетона миксером;22;заказать доставку бетона миксером
бетон и раствор;коммерческий;песчано цементный раствор цена;22;песчано цементный раствор цена
бетон и раствор;коммерческий;цена цемента 50 кг м400;22;цена цемента 50 кг м400
бетон и раствор;коммерческий;стоимость куба бетона м300;21;стоимость куба бетона м300
бетон и раствор;коммерческий;бетон м400 в мешках купить;20;бетон м400 в мешках купить
бетон и раствор;коммерческий;купить сухой бетон м400;20;купить сухой бетон м400
бетон и раствор;коммерческий;сухой бетон м400 в мешках купить;20;сухой бетон м400 в мешках купить
бетон и раствор;коммерческий;кладочная смесь perel купить;20;кладочная смесь perel купить
бетон и раствор;коммерческий;купить цемент м400 в мешках;20;купить цемент м400 в мешках
бетон и раствор;коммерческий;мешков цемента на куб бетона м300;19;мешков цемента на куб бетона м300
бетон и раствор;коммерческий;миксер бетона для фундамента цена;19;миксер бетона для фундамента цена
бетон и раствор;коммерческий;бетононасос аренда цена;19;бетононасос аренда цена
бетон и раствор;коммерческий;кладочная смесь поддон цена;18;кладочная смесь поддон цена
бетон и раствор;коммерческий;автобетононасос цена;18;автобетононасос цена
бетон и раствор;коммерческий;бетонная ступень 120 купить;17;бетонная ступень 120 купить
бетон и раствор;коммерческий;стоимость куба бетона м300 с доставкой;17;стоимость куба бетона м300 с доставкой
бетон и раствор;коммерческий;цена бетона м300 за куб с доставкой;17;цена бетона м300 за куб с доставкой
бетон и раствор;коммерческий;цемент на 1 м3 бетона м300;17;цемент на 1 м3 бетона м300
бетон и раствор;коммерческий;бетон м400 цена;17;бетон м400 цена
бетон и раствор;коммерческий;кладочная смесь терракот купить;17;кладочная смесь терракот купить
бетон и раствор;коммерческий;купить известковый раствор;17;купить известковый раствор
бетон и раствор;коммерческий;цена бетона м350 доставкой;16;цена бетона м350 доставкой
бетон и раствор;коммерческий;бетон м350 в25;16;бетон м350 в25
бетон и раствор;коммерческий;заказать бетон маленький миксер;16;заказать бетон маленький миксер
бетон и раствор;коммерческий;стоимость миксера бетона с доставкой;16;стоимость миксера бетона с доставкой
бетон и раствор;коммерческий;стоимость цементного раствора;16;стоимость цементного раствора
бетон и раствор;коммерческий;цемент м400 цена за мешок 50 кг;16;цемент м400 цена за мешок 50 кг
бетон и раствор;коммерческий;соотношение бетона м300;15;соотношение бетона м300
бетон и раствор;коммерческий;смесь бетона м300;15;смесь бетона м300
бетон и раствор;коммерческий;замес бетона м300;15;замес бетона м300
бетон и раствор;коммерческий;бетон м300 в 22.5;15;бетон м300 в 22.5
бетон и раствор;коммерческий;мини миксер заказать бетон;15;мини миксер заказать бетон
бетон и раствор;коммерческий;бетон м200 цена за куб;14;бетон м200 цена за куб
бетон и раствор;коммерческий;цена куба бетона м200;14;цена куба бетона м200
бетон и раствор;коммерческий;бетон м200 доставкой;14;бетон м200 доставкой
бетон и раствор;коммерческий;бетон для фундамента м300;14;бетон для фундамента м300
бетон и раствор;коммерческий;цемент на бетон м350;14;цемент на бетон м350
бетон и раствор;коммерческий;стоимость бетона м400;14;стоимость бетона м400
бетон и раствор;коммерческий;доставка бетона миксером цена за куб;14;доставка бетона миксером цена за куб
бетон и раствор;коммерческий;цветная кладочная смесь купить;14;цветная кладочная смесь купить
бетон и раствор;коммерческий;цемент м500 на 1м3 бетона;14;цемент м500 на 1м3 бетона
бетон и раствор;коммерческий;купить тонну цемента м500;14;купить тонну цемента м500
бетон и раствор;коммерческий;куб бетона м300 кг;13;куб бетона м300 кг
бетон и раствор;коммерческий;сухая кладочная смесь купить;13;сухая кладочная смесь купить
бетон и раствор;коммерческий;купить цемент м400 50 кг;13;купить цемент м400 50 кг
бетон и раствор;коммерческий;услуга бетононасоса цена;13;услуга бетононасоса цена
бетон и раствор;коммерческий;стоимость 1 м3 бетона м300;12;стоимость 1 м3 бетона м300
бетон и раствор;коммерческий;стоимость 1 м3 бетона с доставкой м300;12;стоимость 1 м3 бетона с доставкой м300
бетон и раствор;коммерческий;стоимость м3 бетона м300;12;стоимость м3 бетона м300
бетон и раствор;коммерческий;цена 1 куба бетона м300;12;цена 1 куба бетона м300
бетон и раствор;коммерческий;купить бетон м350;12;купить бетон м350
бетон и раствор;коммерческий;раствор цементно песчаный стоимость;12;раствор цементно песчаный стоимость
бетон и раствор;коммерческий;раствор цементный м100 цена;12;раствор цементный м100 цена
бетон и раствор;коммерческий;цементный раствор цена за м3;12;цементный раствор цена за м3
бетон и раствор;коммерческий;готовый цементный раствор цена;12;готовый цементный раствор цена
бетон и раствор;коммерческий;цемент м400 купить мешок 50 кг;12;цемент м400 купить мешок 50 кг
бетон и раствор;коммерческий;цемент м500 купить в нижнем;12;цемент м500 купить в нижнем
бетон и раствор;коммерческий;купить цемент м500 мешок 50 кг;12;купить цемент м500 мешок 50 кг
бетон и раствор;коммерческий;купить цемент м500 в мешках по 50;12;купить цемент м500 в мешках по 50
бетон и раствор;коммерческий;бетон м300 1 кг;11;бетон м300 1 кг
бетон и раствор;коммерческий;купить цветную кладочную смесь perel;11;купить цветную кладочную смесь perel
бетон и раствор;коммерческий;цемент м500 цена 25кг;11;цемент м500 цена 25кг
бетон и раствор;коммерческий;купить мешок цемента 50 кг м500 цена;11;купить мешок цемента 50 кг м500 цена
бетон и раствор;коммерческий;купить цемент м500 мешок 50 цена;11;купить цемент м500 мешок 50 цена
бетон и раствор;коммерческий;купить цемент м500 цена 50 кг;11;купить цемент м500 цена 50 кг
бетон и раствор;коммерческий;стоимость цемента м500;11;стоимость цемента м500
бетон и раствор;коммерческий;аренда автобетононасоса цена;11;аренда автобетононасоса цена
бетон и раствор;коммерческий;купить бетонные ступени для лестницы;10;купить бетонные ступени для лестницы
бетон и раствор;коммерческий;купить бетон в15 м200;10;купить бетон в15 м200
бетон и раствор;коммерческий;цена бетона м200 с доставкой;10;цена бетона м200 с доставкой
бетон и раствор;коммерческий;купить бетон м300 цена;10;купить бетон м300 цена
бетон и раствор;коммерческий;бетон м300 количество цемента;10;бетон м300 количество цемента
бетон и раствор;коммерческий;кладочная смесь для печей терракот купить;10;кладочная смесь для печей терракот купить
бетон и раствор;коммерческий;купить мешок цемента м400 цена;10;купить мешок цемента м400 цена
бетон и раствор;коммерческий;купить бетон м250;9;купить бетон м250
бетон и раствор;коммерческий;масса бетона м300;9;масса бетона м300
бетон и раствор;коммерческий;бетон м300 цена за 1;9;бетон м300 цена за 1
бетон и раствор;коммерческий;цена бетона за 1 куб м300;9;цена бетона за 1 куб м300
бетон и раствор;коммерческий;купить бетон м300 с доставкой;9;купить бетон м300 с доставкой
бетон и раствор;коммерческий;1 куб бетона в кг м300;9;1 куб бетона в кг м300
бетон и раствор;коммерческий;количество цемента на 1м3 бетона м300;9;количество цемента на 1м3 бетона м300
бетон и раствор;коммерческий;купить бетон м350 с доставкой;9;купить бетон м350 с доставкой
бетон и раствор;коммерческий;доставка бетона миксером с лентой;9;доставка бетона миксером с лентой
бетон и раствор;коммерческий;доставка бетона большим миксером;9;доставка бетона большим миксером
бетон и раствор;коммерческий;миксер стоимость куба бетона;9;миксер стоимость куба бетона
бетон и раствор;коммерческий;стоимость миксера за куб бетона;9;стоимость миксера за куб бетона
бетон и раствор;коммерческий;заказать миксер куб бетона;9;заказать миксер куб бетона
бетон и раствор;коммерческий;цена миксера бетона 6;9;цена миксера бетона 6
бетон и раствор;коммерческий;кладочная смесь черная купить;9;кладочная смесь черная купить
бетон и раствор;коммерческий;купить цемент м500 25 кг мешок цена;9;купить цемент м500 25 кг мешок цена
бетон и раствор;коммерческий;купить цемент м500 25 кг цена;9;купить цемент м500 25 кг цена
бетон и раствор;коммерческий;купить цемент м500 с доставкой;9;купить цемент м500 с доставкой
бетон и раствор;коммерческий;цемент м500 с доставкой;9;цемент м500 с доставкой
бетон и раствор;коммерческий;товарный бетон с доставкой;8;товарный бетон с доставкой
бетон и раствор;коммерческий;цемент на 1 м3 бетона м200;8;цемент на 1 м3 бетона м200
бетон и раствор;коммерческий;бетон бст в15 м200 купить;8;бетон бст в15 м200 купить
бетон и раствор;коммерческий;купить бетон тяжелый в15 м200;8;купить бетон тяжелый в15 м200
бетон и раствор;коммерческий;бетон м250 м3;8;бетон м250 м3
бетон и раствор;коммерческий;бетон м250 цена;8;бетон м250 цена
бетон и раствор;коммерческий;сухой бетон м300;8;сухой бетон м300
бетон и раствор;коммерческий;бр бв бетон в 22.5 м300;8;бр бв бетон в 22.5 м300
бетон и раствор;коммерческий;материал на куб бетона м300;8;материал на куб бетона м300
бетон и раствор;коммерческий;бетон м400 в30 купить;8;бетон м400 в30 купить
бетон и раствор;коммерческий;купить раствор бетона миксер;8;купить раствор бетона миксер
бетон и раствор;коммерческий;купить смесь кладочную жаростойкую;8;купить смесь кладочную жаростойкую
бетон и раствор;коммерческий;кладочная смесь для кирпича цена;8;кладочная смесь для кирпича цена
бетон и раствор;коммерческий;стоимость цемента м400;8;стоимость цемента м400
бетон и раствор;коммерческий;цемент м500 биг бэг цена;8;цемент м500 биг бэг цена
бетон и раствор;коммерческий;цемент м500 сульфатостойкий купить;8;цемент м500 сульфатостойкий купить
бетон и раствор;коммерческий;стационарный бетононасос купить;8;стационарный бетононасос купить
бетон и раствор;коммерческий;бетон м100 цена;7;бетон м100 цена
бетон и раствор;коммерческий;купить бетон м100;7;купить бетон м100
бетон и раствор;коммерческий;цена 1 куба бетона м200;7;цена 1 куба бетона м200
бетон и раствор;коммерческий;цена бетона за 1 куб м200;7;цена бетона за 1 куб м200
бетон и раствор;коммерческий;бетон м200 цена за куб с доставкой;7;бетон м200 цена за куб с доставкой
бетон и раствор;коммерческий;куба бетон м200 цена бетона доставкой;7;куба бетон м200 цена бетона доставкой
бетон и раствор;коммерческий;f300 бетон м300;7;f300 бетон м300
бетон и раствор;коммерческий;бетон м300 челябинск;7;бетон м300 челябинск
бетон и раствор;коммерческий;бетон м300 миксер;7;бетон м300 миксер
бетон и раствор;коммерческий;бетон в мешках м300 цена;7;бетон в мешках м300 цена
бетон и раствор;коммерческий;масса куб бетона м300;7;масса куб бетона м300
бетон и раствор;коммерческий;масса куба бетона м300;7;масса куба бетона м300
бетон и раствор;коммерческий;бетон м350 w6;7;бетон м350 w6
бетон и раствор;коммерческий;стоимость бетона м400 куб;7;стоимость бетона м400 куб
бетон и раствор;коммерческий;стоимость куба бетона м400;7;стоимость куба бетона м400
бетон и раствор;коммерческий;бетон м400 цена за куб;7;бетон м400 цена за куб
бетон и раствор;коммерческий;цена куба бетона м400;7;цена куба бетона м400
бетон и раствор;коммерческий;бетон м400 доставка;7;бетон м400 доставка
бетон и раствор;коммерческий;купить миксер для замеса бетона;7;купить миксер для замеса бетона
бетон и раствор;коммерческий;стоимость доставки бетона миксером за куб;7;стоимость доставки бетона миксером за куб
бетон и раствор;коммерческий;чистый миксер очиститель бетона купить;7;чистый миксер очиститель бетона купить
бетон и раствор;коммерческий;купить цемент м400 25 кг;7;купить цемент м400 25 кг
бетон и раствор;коммерческий;цемент м400 купить в нижнем;7;цемент м400 купить в нижнем
бетон и раствор;коммерческий;купить цемент м400 в мешках по 50;7;купить цемент м400 в мешках по 50
бетон и раствор;коммерческий;стоимость мешка цемента м500;7;стоимость мешка цемента м500
бетон и раствор;коммерческий;цемент м500 за тонну;7;цемент м500 за тонну
бетон и раствор;коммерческий;цемент м500 цена за тонну;7;цемент м500 цена за тонну
бетон и раствор;коммерческий;стоимость бетона м200;6;стоимость бетона м200
бетон и раствор;коммерческий;купить бетон м300 цена за куб;6;купить бетон м300 цена за куб
бетон и раствор;коммерческий;купить куб бетона м300;6;купить куб бетона м300
бетон и раствор;коммерческий;бетон м300 пермь;6;бетон м300 пермь
бетон и раствор;коммерческий;миксер бетона цена 3 5т;6;миксер бетона цена 3 5т
бетон и раствор;коммерческий;услуги миксера бетона цена;6;услуги миксера бетона цена
бетон и раствор;коммерческий;цемент м400 25 кг цена;6;цемент м400 25 кг цена
бетон и раствор;коммерческий;цемент м400 25 кг цена за мешок;6;цемент м400 25 кг цена за мешок
бетон и раствор;коммерческий;цемент м500 купить 50 кг в воронеже;6;цемент м500 купить 50 кг в воронеже
бетон и раствор;коммерческий;цемент м500 купить воронеж;6;цемент м500 купить воронеж
бетон и раствор;коммерческий;стоимость цемента м500 за мешок 50;6;стоимость цемента м500 за мешок 50
бетон и раствор;коммерческий;цемент евро м500 цена;6;цемент евро м500 цена
бетон и раствор;коммерческий;товарный бетон купить;5;товарный бетон купить
бетон и раствор;коммерческий;бетон товарный цена за куб;5;бетон товарный цена за куб
бетон и раствор;коммерческий;товарный бетон доставка цена;5;товарный бетон доставка цена
бетон и раствор;коммерческий;товарный бетон цена;5;товарный бетон цена
бетон и раствор;коммерческий;товарный бетон цена за куб с доставкой;5;товарный бетон цена за куб с доставкой
бетон и раствор;коммерческий;стоимость бетона м300 за куб;5;стоимость бетона м300 за куб
бетон и раствор;коммерческий;стоимость бетона м300 с доставкой за куб;5;стоимость бетона м300 с доставкой за куб
бетон и раствор;коммерческий;бетон м300 доставка миксером;5;бетон м300 доставка миксером
бетон и раствор;коммерческий;бетон м300 25 кг;5;бетон м300 25 кг
бетон и раствор;коммерческий;бетон в30 м400 цены;5;бетон в30 м400 цены
бетон и раствор;коммерческий;цена миксера бетона 12;5;цена миксера бетона 12
бетон и раствор;коммерческий;купить миксер для замеса раствора бетона цена;5;купить миксер для замеса раствора бетона цена
бетон и раствор;коммерческий;заказать бетон с доставкой маленьким миксером;5;заказать бетон с доставкой маленьким миксером
бетон и раствор;коммерческий;стоимость миксер с бетоном цена;5;стоимость миксер с бетоном цена
бетон и раствор;коммерческий;стоимость миксера с бетоном для фундамента;5;стоимость миксера с бетоном для фундамента
бетон и раствор;коммерческий;известковый раствор цены;5;известковый раствор цены
бетон и раствор;коммерческий;цемент м500 астрахань цена;5;цемент м500 астрахань цена
бетон и раствор;коммерческий;стационарные бетононасосы цена;5;стационарные бетононасосы цена
бетон и раствор;коммерческий;купить бетон м150;4;купить бетон м150
бетон и раствор;коммерческий;заказать бетон м250;4;заказать бетон м250
бетон и раствор;коммерческий;куб бетона м300 цена для фундамента;4;куб бетона м300 цена для фундамента
бетон и раствор;коммерческий;время застывания бетона м300;4;время застывания бетона м300
бетон и раствор;коммерческий;застывание бетона м300;4;застывание бетона м300
бетон и раствор;коммерческий;бетон м300 в25;4;бетон м300 в25
бетон и раствор;коммерческий;бетон м300 соответствует;4;бетон м300 соответствует
бетон и раствор;коммерческий;цпс м300 бетон;4;цпс м300 бетон
бетон и раствор;коммерческий;бетон м350 b25;4;бетон м350 b25
бетон и раствор;коммерческий;бетон м350 цена за куб с доставкой;4;бетон м350 цена за куб с доставкой
бетон и раствор;коммерческий;цена бетона за 1 куб м400;4;цена бетона за 1 куб м400
бетон и раствор;коммерческий;бетон м400 цена доставкой;4;бетон м400 цена доставкой
бетон и раствор;коммерческий;купить бетон миксером куба;4;купить бетон миксером куба
бетон и раствор;коммерческий;купить готовый известковый раствор;4;купить готовый известковый раствор
бетон и раствор;коммерческий;цементно известковый раствор купить;4;цементно известковый раствор купить
бетон и раствор;коммерческий;мешок цемента стоимость м400;4;мешок цемента стоимость м400
бетон и раствор;коммерческий;цемент м500 купить в петровиче;4;цемент м500 купить в петровиче
бетон и раствор;коммерческий;цемент м500 купить в спб;4;цемент м500 купить в спб
бетон и раствор;коммерческий;цемент м500 купить в спб в петровиче;4;цемент м500 купить в спб в петровиче
бетон и раствор;коммерческий;цемрос цемент м500 купить;4;цемрос цемент м500 купить
бетон и раствор;коммерческий;цемент м500 цена за мешок 25кг;4;цемент м500 цена за мешок 25кг
бетон и раствор;коммерческий;купить цемент 50кг м500;4;купить цемент 50кг м500
бетон и раствор;коммерческий;леруа цемент м500 цена;4;леруа цемент м500 цена
бетон и раствор;коммерческий;леруа цемент м500 цена за мешок;4;леруа цемент м500 цена за мешок
бетон и раствор;коммерческий;стоимость аренды бетононасоса;4;стоимость аренды бетононасоса
бетон и раствор;коммерческий;стоимость бетонных ступеней;3;стоимость бетонных ступеней
бетон и раствор;коммерческий;бетон м100 доставкой;3;бетон м100 доставкой
бетон и раствор;коммерческий;бетон м150 цена;3;бетон м150 цена
бетон и раствор;коммерческий;стоимость бетона м200 доставкой;3;стоимость бетона м200 доставкой
бетон и раствор;коммерческий;стоимость куба бетона м200;3;стоимость куба бетона м200
бетон и раствор;коммерческий;количество цемента на 1м3 бетона м200;3;количество цемента на 1м3 бетона м200
бетон и раствор;коммерческий;купить бетон м250 в20;3;купить бетон м250 в20
бетон и раствор;коммерческий;масса 1 куба бетона м300;3;масса 1 куба бетона м300
бетон и раствор;коммерческий;бетон м300 бетоновоз;3;бетон м300 бетоновоз
бетон и раствор;коммерческий;бетон м300 тюмень;3;бетон м300 тюмень
бетон и раствор;коммерческий;рецепт бетона м300;3;рецепт бетона м300
бетон и раствор;коммерческий;купить бетон м300 с доставкой цена;3;купить бетон м300 с доставкой цена
бетон и раствор;коммерческий;бетон м300 в22 купить;3;бетон м300 в22 купить
бетон и раствор;коммерческий;купить бетон м300 в22 5;3;купить бетон м300 в22 5
бетон и раствор;коммерческий;бетон в25 м350 w6;3;бетон в25 м350 w6
бетон и раствор;коммерческий;бетон м350 b25 w6;3;бетон м350 b25 w6
бетон и раствор;коммерческий;бетон м350 цена за 1 м3;3;бетон м350 цена за 1 м3
бетон и раствор;коммерческий;м3 бетона м350 цена;3;м3 бетона м350 цена
бетон и раствор;коммерческий;бетон м350 w8;3;бетон м350 w8
бетон и раствор;коммерческий;купить бетон м350 с доставкой цена;3;купить бетон м350 с доставкой цена
бетон и раствор;коммерческий;купить бетон м350 цена;3;купить бетон м350 цена
бетон и раствор;коммерческий;мелкозернистый бетон м350;3;мелкозернистый бетон м350
бетон и раствор;коммерческий;бетон м350 на щебне;3;бетон м350 на щебне
бетон и раствор;коммерческий;заказ бетона миксером;3;заказ бетона миксером
бетон и раствор;коммерческий;известковый кладочный раствор купить;3;известковый кладочный раствор купить
бетон и раствор;коммерческий;раствор цементно известковый кладочный купить;3;раствор цементно известковый кладочный купить
бетон и раствор;коммерческий;цена автобетононасоса купить;3;цена автобетононасоса купить
бетон и раствор;коммерческий;бетонные ступени для крыльца купить;2;бетонные ступени для крыльца купить
бетон и раствор;коммерческий;ступени бетонные крыльца уличные купить;2;ступени бетонные крыльца уличные купить
бетон и раствор;коммерческий;бетон м100 цена за куб;2;бетон м100 цена за куб
бетон и раствор;коммерческий;бетон м100 цена за куб с доставкой;2;бетон м100 цена за куб с доставкой
бетон и раствор;коммерческий;бетон м150 цена с доставкой;2;бетон м150 цена с доставкой
бетон и раствор;коммерческий;доставка бетона м150;2;доставка бетона м150
бетон и раствор;коммерческий;стоимость м3 бетона м200;2;стоимость м3 бетона м200
бетон и раствор;коммерческий;бетон м200 b15 купить;2;бетон м200 b15 купить
бетон и раствор;коммерческий;масса 1 м3 бетона м200;2;масса 1 м3 бетона м200
бетон и раствор;коммерческий;бетон м250 цена за куб;2;бетон м250 цена за куб
бетон и раствор;коммерческий;цена куба бетона м250;2;цена куба бетона м250
бетон и раствор;коммерческий;бетон м350 из цемента м500;2;бетон м350 из цемента м500
бетон и раствор;коммерческий;масса бетона м350;2;масса бетона м350
бетон и раствор;коммерческий;стоимость бетона м350;2;стоимость бетона м350
бетон и раствор;коммерческий;стоимость куба бетона м350;2;стоимость куба бетона м350
бетон и раствор;коммерческий;рецепт бетона м350;2;рецепт бетона м350
бетон и раствор;коммерческий;бетон в25 м350 сертификат;2;бетон в25 м350 сертификат
бетон и раствор;коммерческий;сертификат бетон м350;2;сертификат бетон м350
бетон и раствор;коммерческий;бетон м300 и м400;2;бетон м300 и м400
бетон и раствор;коммерческий;бетон м400 цена за куб с доставкой;2;бетон м400 цена за куб с доставкой
бетон и раствор;коммерческий;куб бетона м400 с доставкой;2;куб бетона м400 с доставкой
бетон и раствор;коммерческий;м300 и м400 бетон разница;2;м300 и м400 бетон разница
бетон и раствор;коммерческий;стоимость бетона м400 с доставкой;2;стоимость бетона м400 с доставкой
бетон и раствор;коммерческий;цена куба бетона м400 с доставкой;2;цена куба бетона м400 с доставкой
бетон и раствор;коммерческий;раствор штукатурный известковый м100 м3;2;раствор штукатурный известковый м100 м3
бетон и раствор;коммерческий;цемент м400 оптом;2;цемент м400 оптом
бетон и раствор;коммерческий;стоимость кг цемента м400;2;стоимость кг цемента м400
бетон и раствор;коммерческий;стоимость цемента м400 50 кг;2;стоимость цемента м400 50 кг
бетон и раствор;коммерческий;стоимость цемента м400 за мешок 50;2;стоимость цемента м400 за мешок 50
бетон и раствор;коммерческий;стоимость цемента м400 за мешок 50 кг;2;стоимость цемента м400 за мешок 50 кг
бетон и раствор;коммерческий;заказать автобетононасос;2;заказать автобетононасос
бетон и раствор;коммерческий;автобетононасос 65 м3 ч;2;автобетононасос 65 м3 ч
бетон и раствор;коммерческий;автобетононасосы производительность 65 м3 ч;2;автобетононасосы производительность 65 м3 ч
бетон и раствор;коммерческий;производительность автобетононасоса м3 ч;2;производительность автобетононасоса м3 ч
бетон и раствор;коммерческий;купить товарный бетон в самаре;1;купить товарный бетон в самаре
бетон и раствор;коммерческий;товарный бетон продажа;1;товарный бетон продажа
бетон и раствор;коммерческий;бетон м200 цена 1 м3;1;бетон м200 цена 1 м3
бетон и раствор;коммерческий;бетон м200 цена за м3;1;бетон м200 цена за м3
бетон и раствор;коммерческий;бетона в15 м200 цены;1;бетона в15 м200 цены
бетон и раствор;коммерческий;стоимость бетона м200 за куб;1;стоимость бетона м200 за куб
бетон и раствор;коммерческий;стоимость бетона м200 за куб с доставкой;1;стоимость бетона м200 за куб с доставкой
бетон и раствор;коммерческий;стоимость куба бетона м200 с доставкой;1;стоимость куба бетона м200 с доставкой
бетон и раствор;коммерческий;купить бетон м200 с доставкой;1;купить бетон м200 с доставкой
бетон и раствор;коммерческий;купить бетон м200 с доставкой цена;1;купить бетон м200 с доставкой цена
бетон и раствор;коммерческий;купить бетон м200 цена;1;купить бетон м200 цена
бетон и раствор;коммерческий;бетон м250 доставка;1;бетон м250 доставка
бетон и раствор;коммерческий;стоимость бетона м250;1;стоимость бетона м250
бетон и раствор;коммерческий;стоимость бетона м250 с доставкой;1;стоимость бетона м250 с доставкой
бетон и раствор;коммерческий;бетон м250 м300;1;бетон м250 м300
бетон и раствор;коммерческий;разница между бетоном м250 и м300;1;разница между бетоном м250 и м300
бетон и раствор;коммерческий;рецепт бетона м350 на 1 куб;1;рецепт бетона м350 на 1 куб
бетон и раствор;коммерческий;бетон в 25 м350;1;бетон в 25 м350
бетон и раствор;коммерческий;бетон м350 f200;1;бетон м350 f200
бетон и раствор;коммерческий;бетон м350 п4;1;бетон м350 п4
бетон и раствор;коммерческий;бетон м350 соответствует;1;бетон м350 соответствует
бетон и раствор;коммерческий;бетон тяжелый м350 в25;1;бетон тяжелый м350 в25
бетон и раствор;коммерческий;бетон м350 гравий;1;бетон м350 гравий
бетон и раствор;коммерческий;бетон м350 3;1;бетон м350 3
бетон и раствор;коммерческий;цена м3 бетона м400;1;цена м3 бетона м400
бетон и раствор;коммерческий;бетон м300 из цемента м400;1;бетон м300 из цемента м400
бетон и раствор;коммерческий;стоимость тонны цемента м400;1;стоимость тонны цемента м400
бетон и раствор;коммерческий;стоимость цемента м400 за 1 тонну;1;стоимость цемента м400 за 1 тонну
бетон и раствор;коммерческий;цемент м400 цена за тонну;1;цемент м400 цена за тонну
бетон и раствор;коммерческий;аренда бетононасоса цена за смену;1;аренда бетононасоса цена за смену
бетон и раствор;коммерческий;аренда бетононасоса цена за смену москва;1;аренда бетононасоса цена за смену москва
бетон и раствор;коммерческий;бетононасос аренда москва цена;1;бетононасос аренда москва цена
бетон и раствор;коммерческий;аренда бетононасоса цена за час;1;аренда бетононасоса цена за час
бетон и раствор;коммерческий;автобетононасосы стоимость;1;автобетононасосы стоимость
бетон и раствор;коммерческий|выбор;бетон м300 это какой;9;бетон м300 это какой
бетон и раствор;коммерческий|выбор;бетон м350 это какой;9;бетон м350 это какой
бетон и раствор;коммерческий|выбор;чем отличается бетон м200 от м300;7;чем отличается бетон м200 от м300
бетон и раствор;коммерческий|выбор;чем отличается бетон м300 от м150;2;чем отличается бетон м300 от м150
бетон и раствор;коммерческий|выбор;отличие бетона м200 от м300;2;отличие бетона м200 от м300
бетон и раствор;коммерческий|выбор;какой бетон прочнее м150 или м300;1;какой бетон прочнее м150 или м300
бетон и раствор;коммерческий|выбор|применение;какой купить миксер для бетона;7;какой купить миксер для бетона
бетон и раствор;коммерческий|выбор|применение;какой миксер лучше купить для бетона;7;какой миксер лучше купить для бетона
бетон и раствор;коммерческий|выбор|характеристики;бетон м300 какой класс бетона;35;бетон м300 какой класс бетона
бетон и раствор;коммерческий|выбор|характеристики;м350 какой класс бетона;20;м350 какой класс бетона
бетон и раствор;коммерческий|выбор|характеристики;бетон м300 какая марка бетона;8;бетон м300 какая марка бетона
бетон и раствор;коммерческий|выбор|характеристики;бетон марки м300 какой класс;4;бетон марки м300 какой класс
бетон и раствор;коммерческий|выбор|характеристики;бетон м350 какая марка;3;бетон м350 какая марка
бетон и раствор;коммерческий|выбор|характеристики;бетон марки м350 какой класс;2;бетон марки м350 какой класс
бетон и раствор;коммерческий|гео;куб бетона цена екатеринбург;302;куб бетона цена екатеринбург
бетон и раствор;коммерческий|гео;цена куба бетона екатеринбург;302;цена куба бетона екатеринбург
бетон и раствор;коммерческий|гео;цена куба бетона с доставкой екатеринбург;196;цена куба бетона с доставкой екатеринбург
бетон и раствор;коммерческий|гео;бетон с доставкой екатеринбург цена за куб;179;бетон с доставкой екатеринбург цена за куб
бетон и раствор;коммерческий|гео;цемент м500 купить в екатеринбурге;118;цемент м500 купить в екатеринбурге
бетон и раствор;коммерческий|гео;куб бетона купить екатеринбург;112;куб бетона купить екатеринбург
бетон и раствор;коммерческий|гео;доставка бетона екатеринбург миксером;84;доставка бетона екатеринбург миксером
бетон и раствор;коммерческий|гео;цемент м400 купить в екатеринбурге;53;цемент м400 купить в екатеринбурге
бетон и раствор;коммерческий|гео;бетон цена за 1 куб екатеринбург;48;бетон цена за 1 куб екатеринбург
бетон и раствор;коммерческий|гео;бетонные ступени купить в екатеринбурге;36;бетонные ступени купить в екатеринбурге
бетон и раствор;коммерческий|гео;доставка бетона маленьким миксером в екатеринбурге;30;доставка бетона маленьким миксером в екатеринбурге
бетон и раствор;коммерческий|гео;смесь кладочная perfekta купить в екатеринбурге;26;смесь кладочная perfekta купить в екатеринбурге
бетон и раствор;коммерческий|гео;миксер бетона цена с доставкой екатеринбург;17;миксер бетона цена с доставкой екатеринбург
бетон и раствор;коммерческий|гео;куб бетона м300 цена с доставкой екатеринбург;13;куб бетона м300 цена с доставкой екатеринбург
бетон и раствор;коммерческий|гео;заказать миксер с бетоном в екатеринбурге цена;12;заказать миксер с бетоном в екатеринбурге цена
бетон и раствор;коммерческий|гео;цена за куб бетона м300 екатеринбург;10;цена за куб бетона м300 екатеринбург
бетон и раствор;коммерческий|гео;кладочная смесь для кирпича купить в екатеринбурге;10;кладочная смесь для кирпича купить в екатеринбурге
бетон и раствор;коммерческий|гео;миксер бетона цена в ревде свердловской области;9;миксер бетона цена в ревде свердловской области
бетон и раствор;коммерческий|гео;аренда бетононасоса в екатеринбурге цена;9;аренда бетононасоса в екатеринбурге цена
бетон и раствор;коммерческий|гео;аренда автобетононасоса цена первоуральск;9;аренда автобетононасоса цена первоуральск
бетон и раствор;коммерческий|гео;стоимость куба бетона м300 с доставкой екатеринбург;8;стоимость куба бетона м300 с доставкой екатеринбург
бетон и раствор;коммерческий|гео;чистый миксер очиститель бетона купить екатеринбург;7;чистый миксер очиститель бетона купить екатеринбург
бетон и раствор;коммерческий|гео;купить цемент м500 в богдановиче свердловской области;7;купить цемент м500 в богдановиче свердловской области
бетон и раствор;коммерческий|гео;цемент м400 в домострое краснотурьинск цена;6;цемент м400 в домострое краснотурьинск цена
бетон и раствор;коммерческий|гео;сравнить цены на бетон м300 в полевском;5;сравнить цены на бетон м300 в полевском
бетон и раствор;коммерческий|гео;заказать бетон миксер екатеринбург район бисерть;5;заказать бетон миксер екатеринбург район бисерть
бетон и раствор;коммерческий|гео;купить бетон с миксера в ревде;5;купить бетон с миксера в ревде
бетон и раствор;коммерческий|гео;цемент м500 купить в екатеринбурге стройсервис;5;цемент м500 купить в екатеринбурге стройсервис
бетон и раствор;коммерческий|гео;цемент м500 красноуфимск купить;5;цемент м500 красноуфимск купить
бетон и раствор;коммерческий|как сделать;пропорции бетона м300;273;пропорции бетона м300
бетон и раствор;коммерческий|как сделать;пропорции бетона м300 в ведрах;88;пропорции бетона м300 в ведрах
бетон и раствор;коммерческий|как сделать;цена заливки куба бетона;79;цена заливки куба бетона
бетон и раствор;коммерческий|как сделать;заливка бетона цена за куб;69;заливка бетона цена за куб
бетон и раствор;коммерческий|как сделать;пропорции бетона м300 из цемента м500;62;пропорции бетона м300 из цемента м500
бетон и раствор;коммерческий|как сделать;пропорции м300 из цемента м500;62;пропорции м300 из цемента м500
бетон и раствор;коммерческий|как сделать;заливка бетона работа за куб;53;заливка бетона работа за куб
бетон и раствор;коммерческий|как сделать;куб бетона м300 пропорции;19;куб бетона м300 пропорции
бетон и раствор;коммерческий|как сделать;пропорции куба бетона м300;19;пропорции куба бетона м300
бетон и раствор;коммерческий|как сделать;пропорции бетона м350;19;пропорции бетона м350
бетон и раствор;коммерческий|как сделать;м300 бетон пропорции на 1;15;м300 бетон пропорции на 1
бетон и раствор;коммерческий|как сделать;бетон м200 пропорции на 1м3;12;бетон м200 пропорции на 1м3
бетон и раствор;коммерческий|как сделать;замес бетона м300 пропорции;11;замес бетона м300 пропорции
бетон и раствор;коммерческий|как сделать;услуги бетононасоса для заливки бетона цена;11;услуги бетононасоса для заливки бетона цена
бетон и раствор;коммерческий|как сделать;пропорции бетона м300 в литрах;9;пропорции бетона м300 в литрах
бетон и раствор;коммерческий|как сделать;бетон м350 пропорции в ведрах;9;бетон м350 пропорции в ведрах
бетон и раствор;коммерческий|как сделать;пропорция бетона м300 в ведрах на 1;7;пропорция бетона м300 в ведрах на 1
бетон и раствор;коммерческий|как сделать;бетон заливка миксером цена;7;бетон заливка миксером цена
бетон и раствор;коммерческий|как сделать;пропорции на 1 куб бетона м300;5;пропорции на 1 куб бетона м300
бетон и раствор;коммерческий|как сделать;пропорции бетона м300 в ведрах 12 литров;5;пропорции бетона м300 в ведрах 12 литров
бетон и раствор;коммерческий|как сделать;бетон м300 пропорции на 1м3;4;бетон м300 пропорции на 1м3
бетон и раствор;коммерческий|как сделать;заливка бетона миксером цена работы;4;заливка бетона миксером цена работы
бетон и раствор;коммерческий|как сделать;заливка бетона цена за куб миксером;4;заливка бетона цена за куб миксером
бетон и раствор;коммерческий|как сделать;заливка бетона цена за куб работы миксером;4;заливка бетона цена за куб работы миксером
бетон и раствор;коммерческий|как сделать;пропорции бетон м300 с отсевом;3;пропорции бетон м300 с отсевом
бетон и раствор;коммерческий|как сделать;бетон м300 приготовление;3;бетон м300 приготовление
бетон и раствор;коммерческий|как сделать;бетон м250 пропорции на 1м3;2;бетон м250 пропорции на 1м3
бетон и раствор;коммерческий|как сделать;пропорции бетона м350 из цемента м500;2;пропорции бетона м350 из цемента м500
бетон и раствор;коммерческий|как сделать;бетон м200 пропорции на 1м3 в ведрах;1;бетон м200 пропорции на 1м3 в ведрах
бетон и раствор;коммерческий|как сделать;бетон м200 пропорции на 1м3 в кг;1;бетон м200 пропорции на 1м3 в кг
бетон и раствор;коммерческий|как сделать;бетон м300 пропорции из цемента м400;1;бетон м300 пропорции из цемента м400
бетон и раствор;коммерческий|как сделать|применение;бетон м300 пропорции для бетономешалки;27;бетон м300 пропорции для бетономешалки
бетон и раствор;коммерческий|как сделать|применение;пропорции бетона м300 в ведрах для бетономешалки;27;пропорции бетона м300 в ведрах для бетономешалки
бетон и раствор;коммерческий|как сделать|применение;цемент м300 пропорции для бетона;10;цемент м300 пропорции для бетона
бетон и раствор;коммерческий|как сделать|применение;пропорции для бетона м300 с щебнем;10;пропорции для бетона м300 с щебнем
бетон и раствор;коммерческий|как сделать|применение;пропорции бетона м350 в ведрах для бетономешалки;2;пропорции бетона м350 в ведрах для бетономешалки
бетон и раствор;коммерческий|как сделать|характеристики;марка бетона м300 пропорции;22;марка бетона м300 пропорции
бетон и раствор;коммерческий|как сделать|характеристики;состав бетона м300 пропорции;9;состав бетона м300 пропорции
бетон и раствор;коммерческий|как сделать|характеристики;бетон м350 состав пропорции;2;бетон м350 состав пропорции
бетон и раствор;коммерческий|как сделать|характеристики;состав бетона м200 пропорции на 1м3;1;состав бетона м200 пропорции на 1м3
бетон и раствор;коммерческий|применение;купить ручной миксер для бетона;29;купить ручной миксер для бетона
бетон и раствор;коммерческий|применение;мини миксер для бетона купить;7;мини миксер для бетона купить
бетон и раствор;коммерческий|применение;бетон м300 для чего используется;5;бетон м300 для чего используется
бетон и раствор;коммерческий|применение;купить миксер для бетона электрический;5;купить миксер для бетона электрический
бетон и раствор;коммерческий|применение;купить миксер для бетона электрический строительный;5;купить миксер для бетона электрический строительный
бетон и раствор;коммерческий|применение;миксер строительный для бетона купить;5;миксер строительный для бетона купить
бетон и раствор;коммерческий|применение;купить миксер для бетона автомобильный;4;купить миксер для бетона автомобильный
бетон и раствор;коммерческий|расчёт;бетон м300 сколько;327;бетон м300 сколько
бетон и раствор;коммерческий|расчёт;куб бетона м300 сколько;201;куб бетона м300 сколько
бетон и раствор;коммерческий|расчёт;сколько стоит бетон куба с доставкой;160;сколько стоит бетон куба с доставкой
бетон и раствор;коммерческий|расчёт;сколько стоит куб бетона с доставкой;160;сколько стоит куб бетона с доставкой
бетон и раствор;коммерческий|расчёт;сколько цемента на куб бетона м300;99;сколько цемента на куб бетона м300
бетон и раствор;коммерческий|расчёт;сколько стоит доставка бетона миксером;64;сколько стоит доставка бетона миксером
бетон и раствор;коммерческий|расчёт;сколько стоит 1 куб бетона с доставкой;59;сколько стоит 1 куб бетона с доставкой
бетон и раствор;коммерческий|расчёт;вес бетона м300;54;вес бетона м300
бетон и раствор;коммерческий|расчёт;сколько бетона в кубе м300;49;сколько бетона в кубе м300
бетон и раствор;коммерческий|расчёт;сколько цемента на 1 куб бетона м300;47;сколько цемента на 1 куб бетона м300
бетон и раствор;коммерческий|расчёт;сколько весит бетон м300;44;сколько весит бетон м300
бетон и раствор;коммерческий|расчёт;куб бетона весит м300;37;куб бетона весит м300
бетон и раствор;коммерческий|расчёт;сколько весит куб бетона м300;37;сколько весит куб бетона м300
бетон и раствор;коммерческий|расчёт;сколько цемента в бетоне м300;37;сколько цемента в бетоне м300
бетон и раствор;коммерческий|расчёт;вес куба бетона м300;33;вес куба бетона м300
бетон и раствор;коммерческий|расчёт;куб бетона вес м300;33;куб бетона вес м300
бетон и раствор;коммерческий|расчёт;плотность бетона м300;32;плотность бетона м300
бетон и раствор;коммерческий|расчёт;сколько цемента надо на куб бетона м300;30;сколько цемента надо на куб бетона м300
бетон и раствор;коммерческий|расчёт;объем бетона м300;29;объем бетона м300
бетон и раствор;коммерческий|расчёт;сколько стоит бетон м300;29;сколько стоит бетон м300
бетон и раствор;коммерческий|расчёт;сколько цемента в кубе бетона м300;27;сколько цемента в кубе бетона м300
бетон и раствор;коммерческий|расчёт;сколько цемента нужно на куб бетона м300;24;сколько цемента нужно на куб бетона м300
бетон и раствор;коммерческий|расчёт;м300 бетон расход;23;м300 бетон расход
бетон и раствор;коммерческий|расчёт;сколько мешков цемента на куб бетона м300;19;сколько мешков цемента на куб бетона м300
бетон и раствор;коммерческий|расчёт;бетон м300 сколько цемента на 1м3;19;бетон м300 сколько цемента на 1м3
бетон и раствор;коммерческий|расчёт;сколько нужно цемента на 1м3 бетона м300;19;сколько нужно цемента на 1м3 бетона м300
бетон и раствор;коммерческий|расчёт;сколько щебня на куб бетона м300;18;сколько щебня на куб бетона м300
бетон и раствор;коммерческий|расчёт;сколько стоит куб бетона м300;17;сколько стоит куб бетона м300
бетон и раствор;коммерческий|расчёт;сколько стоит заказать миксер бетона;16;сколько стоит заказать миксер бетона
бетон и раствор;коммерческий|расчёт;расход на куб бетона м300;15;расход на куб бетона м300
бетон и раствор;коммерческий|расчёт;сколько стоит бетон миксер цена;15;сколько стоит бетон миксер цена
бетон и раствор;коммерческий|расчёт;смесь кладочная расход на м3;15;смесь кладочная расход на м3
бетон и раствор;коммерческий|расчёт;куб бетона м300 сколько кг;13;куб бетона м300 сколько кг
бетон и раствор;коммерческий|расчёт;сколько цемента в кубе бетона м300 мешков;13;сколько цемента в кубе бетона м300 мешков
бетон и раствор;коммерческий|расчёт;вес бетона м350;13;вес бетона м350
бетон и раствор;коммерческий|расчёт;сколько нужно цемента на 1м3 бетона м400;13;сколько нужно цемента на 1м3 бетона м400
бетон и раствор;коммерческий|расчёт;сколько цемента в 1 кубе бетона м300;12;сколько цемента в 1 кубе бетона м300
бетон и раствор;коммерческий|расчёт;сколько кг в кубе бетона м300;12;сколько кг в кубе бетона м300
бетон и раствор;коммерческий|расчёт;плотность бетона м300 в застывшем состоянии;12;плотность бетона м300 в застывшем состоянии
бетон и раствор;коммерческий|расчёт;вес бетона м300 в 1 м3;11;вес бетона м300 в 1 м3
бетон и раствор;коммерческий|расчёт;вес м3 бетона м300;11;вес м3 бетона м300
бетон и раствор;коммерческий|расчёт;1 куб бетона м300 сколько кг;11;1 куб бетона м300 сколько кг
бетон и раствор;коммерческий|расчёт;сколько щебня в кубе бетона м300;10;сколько щебня в кубе бетона м300
бетон и раствор;коммерческий|расчёт;калькулятор бетона м300;10;калькулятор бетона м300
бетон и раствор;коммерческий|расчёт;сколько кг цемента в кубе бетона м300;10;сколько кг цемента в кубе бетона м300
бетон и раствор;коммерческий|расчёт;сколько нужно цемента на 1м3 бетона м500;10;сколько нужно цемента на 1м3 бетона м500
бетон и раствор;коммерческий|расчёт;сколько нужно цемента на 1м3 м500;10;сколько нужно цемента на 1м3 м500
бетон и раствор;коммерческий|расчёт;сколько цемента м500 на 1м3 бетона;10;сколько цемента м500 на 1м3 бетона
бетон и раствор;коммерческий|расчёт;сколько кг в 1 кубе бетона м300;9;сколько кг в 1 кубе бетона м300
бетон и раствор;коммерческий|расчёт;сколько кг цемента на куб бетона м300;9;сколько кг цемента на куб бетона м300
бетон и раствор;коммерческий|расчёт;кладочная смесь сколько м3;9;кладочная смесь сколько м3
бетон и раствор;коммерческий|расчёт;сколько цемента нужно для куба бетона м300;8;сколько цемента нужно для куба бетона м300
бетон и раствор;коммерческий|расчёт;сколько нужно щебня на куб бетона м300;8;сколько нужно щебня на куб бетона м300
бетон и раствор;коммерческий|расчёт;бетон м300 расход цемента;8;бетон м300 расход цемента
бетон и раствор;коммерческий|расчёт;вес куба бетона м350;8;вес куба бетона м350
бетон и раствор;коммерческий|расчёт;куб бетона вес м350;8;куб бетона вес м350
бетон и раствор;коммерческий|расчёт;сколько бетона в миксере цена;8;сколько бетона в миксере цена
бетон и раствор;коммерческий|расчёт;сколько песка на куб бетона м300;7;сколько песка на куб бетона м300
бетон и раствор;коммерческий|расчёт;расчет бетона м300;7;расчет бетона м300
бетон и раствор;коммерческий|расчёт;сколько весит куб бетона м300 с щебнем;7;сколько весит куб бетона м300 с щебнем
бетон и раствор;коммерческий|расчёт;вес 1м3 бетона м300;7;вес 1м3 бетона м300
бетон и раствор;коммерческий|расчёт;сколько стоит куб бетона для фундамента м300;7;сколько стоит куб бетона для фундамента м300
бетон и раствор;коммерческий|расчёт;расход материалов на бетон м300;7;расход материалов на бетон м300
бетон и раствор;коммерческий|расчёт;расход материалов на куб бетона м300;7;расход материалов на куб бетона м300
бетон и раствор;коммерческий|расчёт;сколько весит бетон м350;7;сколько весит бетон м350
бетон и раствор;коммерческий|расчёт;сколько весит куб бетона м350;7;сколько весит куб бетона м350
бетон и раствор;коммерческий|расчёт;бетон м200 сколько цемента на 1м3 бетона;6;бетон м200 сколько цемента на 1м3 бетона
бетон и раствор;коммерческий|расчёт;сколько нужно цемента на 1м3 бетона м200;6;сколько нужно цемента на 1м3 бетона м200
бетон и раствор;коммерческий|расчёт;сколько цемента в 1 м3 бетона м300;6;сколько цемента в 1 м3 бетона м300
бетон и раствор;коммерческий|расчёт;цемент м500 расход на 1м3;6;цемент м500 расход на 1м3
бетон и раствор;коммерческий|расчёт;бетон м300 сколько цемента и песка;5;бетон м300 сколько цемента и песка
бетон и раствор;коммерческий|расчёт;вес куба бетона м300 сухого;5;вес куба бетона м300 сухого
бетон и раствор;коммерческий|расчёт;сколько стоит бетон м300 с доставкой;5;сколько стоит бетон м300 с доставкой
бетон и раствор;коммерческий|расчёт;сколько стоит куб бетона м300 в миксере;5;сколько стоит куб бетона м300 в миксере
бетон и раствор;коммерческий|расчёт;сколько стоит миксер бетона м300;5;сколько стоит миксер бетона м300
бетон и раствор;коммерческий|расчёт;сколько стоит заказать миксер с бетоном цена;5;сколько стоит заказать миксер с бетоном цена
бетон и раствор;коммерческий|расчёт;вес куба бетона м300 сырого;4;вес куба бетона м300 сырого
бетон и раствор;коммерческий|расчёт;расход бетона м300 на 1м3;4;расход бетона м300 на 1м3
бетон и раствор;коммерческий|расчёт;расход цемента на куб бетона м300;4;расход цемента на куб бетона м300
бетон и раствор;коммерческий|расчёт;сколько песка нужно на куб бетона м300;4;сколько песка нужно на куб бетона м300
бетон и раствор;коммерческий|расчёт;сколько сохнет бетон м300;4;сколько сохнет бетон м300
бетон и раствор;коммерческий|расчёт;сколько цемента на куб бетона м350;4;сколько цемента на куб бетона м350
бетон и раствор;коммерческий|расчёт;плотность цемента м500 кг м3;4;плотность цемента м500 кг м3
бетон и раствор;коммерческий|расчёт;цемент м500 расход на 1м3 бетона;4;цемент м500 расход на 1м3 бетона
бетон и раствор;коммерческий|расчёт;расход на 1м3 бетона м200;3;расход на 1м3 бетона м200
бетон и раствор;коммерческий|расчёт;расход цемента на 1м3 бетона м200;3;расход цемента на 1м3 бетона м200
бетон и раствор;коммерческий|расчёт;расход щебня на куб бетона м300;3;расход щебня на куб бетона м300
бетон и раствор;коммерческий|расчёт;через сколько снимать опалубку с бетона м300;3;через сколько снимать опалубку с бетона м300
бетон и раствор;коммерческий|расчёт;бетон м300 м3 в кг сколько;3;бетон м300 м3 в кг сколько
бетон и раствор;коммерческий|расчёт;сколько щебня надо на куб бетона м300;3;сколько щебня надо на куб бетона м300
бетон и раствор;коммерческий|расчёт;сколько надо песка на куб бетона м300;3;сколько надо песка на куб бетона м300
бетон и раствор;коммерческий|расчёт;сколько стоит бетон м350;3;сколько стоит бетон м350
бетон и раствор;коммерческий|расчёт;сколько стоит куб бетона м350;3;сколько стоит куб бетона м350
бетон и раствор;коммерческий|расчёт;вес 1 куб бетона м350;3;вес 1 куб бетона м350
бетон и раствор;коммерческий|расчёт;вес 1 куба бетона м350;3;вес 1 куба бетона м350
бетон и раствор;коммерческий|расчёт;плотность бетона м400 кг м3;3;плотность бетона м400 кг м3
бетон и раствор;коммерческий|расчёт;сколько бетона в миксере м3;3;сколько бетона в миксере м3
бетон и раствор;коммерческий|расчёт;вес бетона м200 1м3;2;вес бетона м200 1м3
бетон и раствор;коммерческий|расчёт;бетон м250 сколько цемента на 1м3;2;бетон м250 сколько цемента на 1м3
бетон и раствор;коммерческий|расчёт;сколько нужно цемента на 1м3 бетона м250;2;сколько нужно цемента на 1м3 бетона м250
бетон и раствор;коммерческий|расчёт;сколько цемента на 1 куб бетона м350;2;сколько цемента на 1 куб бетона м350
бетон и раствор;коммерческий|расчёт;вес куба бетона м350 на щебне;2;вес куба бетона м350 на щебне
бетон и раствор;коммерческий|расчёт;вес бетона м400 на 1м3;2;вес бетона м400 на 1м3
бетон и раствор;коммерческий|расчёт;вес 1 м3 цемента м400;2;вес 1 м3 цемента м400
бетон и раствор;коммерческий|расчёт;вес бетона м200 в 1 м3;1;вес бетона м200 в 1 м3
бетон и раствор;коммерческий|расчёт;вес м3 бетона м200;1;вес м3 бетона м200
бетон и раствор;коммерческий|расчёт;плотность бетона м200 кг м3;1;плотность бетона м200 кг м3
бетон и раствор;коммерческий|расчёт;вес бетона в 1 м3 м250;1;вес бетона в 1 м3 м250
бетон и раствор;коммерческий|расчёт;вес м3 бетона м250;1;вес м3 бетона м250
бетон и раствор;коммерческий|расчёт;расход цемента на 1м3 бетона м250;1;расход цемента на 1м3 бетона м250
бетон и раствор;коммерческий|расчёт;вес бетона в 1 м3 м350;1;вес бетона в 1 м3 м350
бетон и раствор;коммерческий|расчёт;вес м3 бетона м350;1;вес м3 бетона м350
бетон и раствор;коммерческий|расчёт;вес бетона м350 в 1м3;1;вес бетона м350 в 1м3
бетон и раствор;коммерческий|расчёт;сколько цемента в бетоне м350;1;сколько цемента в бетоне м350
бетон и раствор;коммерческий|расчёт;сколько цемента в кубе бетона м350;1;сколько цемента в кубе бетона м350
бетон и раствор;коммерческий|расчёт;расход бетона м350;1;расход бетона м350
бетон и раствор;коммерческий|расчёт;плотность бетона м350;1;плотность бетона м350
бетон и раствор;коммерческий|расчёт;вес 1 куба бетона м350 на щебне;1;вес 1 куба бетона м350 на щебне
бетон и раствор;коммерческий|расчёт;вес 1 м3 известкового раствора;1;вес 1 м3 известкового раствора
бетон и раствор;коммерческий|расчёт;раствор штукатурный известковый м100 вес 1 м3;1;раствор штукатурный известковый м100 вес 1 м3
бетон и раствор;коммерческий|расчёт;раствор штукатурный известковый м100 вес м3;1;раствор штукатурный известковый м100 вес м3
бетон и раствор;коммерческий|расчёт;объемный вес цемента в 1 м3 м400;1;объемный вес цемента в 1 м3 м400
бетон и раствор;коммерческий|расчёт|применение;сколько нужно цемента для бетона м300;13;сколько нужно цемента для бетона м300
бетон и раствор;коммерческий|расчёт|характеристики;состав бетона м200 на 1м3 таблица;6;состав бетона м200 на 1м3 таблица
бетон и раствор;коммерческий|расчёт|характеристики;сколько набирает прочность бетон м350;1;сколько набирает прочность бетон м350
бетон и раствор;коммерческий|характеристики;марка бетона м300;100;марка бетона м300
бетон и раствор;коммерческий|характеристики;класс бетона м300;54;класс бетона м300
бетон и раствор;коммерческий|характеристики;состав бетона м300;33;состав бетона м300
бетон и раствор;коммерческий|характеристики;марка бетона м350;27;марка бетона м350
бетон и раствор;коммерческий|характеристики;м350 бетон класс;27;м350 бетон класс
бетон и раствор;коммерческий|характеристики;бетон марки м300 в22 5;23;бетон марки м300 в22 5
бетон и раствор;коммерческий|характеристики;прочность бетона м300;11;прочность бетона м300
бетон и раствор;коммерческий|характеристики;бетон м200 класс купить;10;бетон м200 класс купить
бетон и раствор;коммерческий|характеристики;бетон м300 гост;9;бетон м300 гост
бетон и раствор;коммерческий|характеристики;марка м300 класс бетона;9;марка м300 класс бетона
бетон и раствор;коммерческий|характеристики;бетон класс в15 м200 купить;8;бетон класс в15 м200 купить
бетон и раствор;коммерческий|характеристики;бетон тяжелый класс в15 м200 купить;8;бетон тяжелый класс в15 м200 купить
бетон и раствор;коммерческий|характеристики;бетон м300 характеристики;8;бетон м300 характеристики
бетон и раствор;коммерческий|характеристики;цемент м500 цена и характеристики;8;цемент м500 цена и характеристики
бетон и раствор;коммерческий|характеристики;состав 1м3 бетона м200;7;состав 1м3 бетона м200
бетон и раствор;коммерческий|характеристики;купить бетон марки м300;7;купить бетон марки м300
бетон и раствор;коммерческий|характеристики;куб бетона м300 состав;6;куб бетона м300 состав
бетон и раствор;коммерческий|характеристики;состав куба бетона м300;6;состав куба бетона м300
бетон и раствор;коммерческий|характеристики;1 куб бетона м300 состав;5;1 куб бетона м300 состав
бетон и раствор;коммерческий|характеристики;состав 1 куба бетона м300;5;состав 1 куба бетона м300
бетон и раствор;коммерческий|характеристики;куб бетон марки м300;4;куб бетон марки м300
бетон и раствор;коммерческий|характеристики;набор прочности бетона м300;4;набор прочности бетона м300
бетон и раствор;коммерческий|характеристики;бетон м300 соответствует классу;4;бетон м300 соответствует классу
бетон и раствор;коммерческий|характеристики;марка бетона м300 соответствует;4;марка бетона м300 соответствует
бетон и раствор;коммерческий|характеристики;марка бетона м300 соответствует классу;4;марка бетона м300 соответствует классу
бетон и раствор;коммерческий|характеристики;бетон м350 состав;4;бетон м350 состав
бетон и раствор;коммерческий|характеристики;марка м350 класс бетона;4;марка м350 класс бетона
бетон и раствор;коммерческий|характеристики;бетон класс в25 м350;4;бетон класс в25 м350
бетон и раствор;коммерческий|характеристики;бетон марки м300 цена за куб;3;бетон марки м300 цена за куб
бетон и раствор;коммерческий|характеристики;марка бетона м300 цена;3;марка бетона м300 цена
бетон и раствор;коммерческий|характеристики;бетон м350 гост;3;бетон м350 гост
бетон и раствор;коммерческий|характеристики;бетон м350 характеристики;3;бетон м350 характеристики
бетон и раствор;коммерческий|характеристики;бетон мелкозернистый класс в25 м350;3;бетон мелкозернистый класс в25 м350
бетон и раствор;коммерческий|характеристики;бетон в25 м350 гост;1;бетон в25 м350 гост
бетон и раствор;коммерческий|характеристики;бетон в25 м350 характеристики;1;бетон в25 м350 характеристики
бетон и раствор;коммерческий|характеристики;бетон в25 марка м350;1;бетон в25 марка м350
бетон и раствор;коммерческий|характеристики;бетон класс b25 м350;1;бетон класс b25 м350
бетон и раствор;коммерческий|характеристики;бетон тяжелый класс в25 м350;1;бетон тяжелый класс в25 м350
бетон и раствор;коммерческий|характеристики;марка бетона м350 в25 характеристика;1;марка бетона м350 в25 характеристика
бетон и раствор;коммерческий|характеристики;марка бетона м350 соответствует классу;1;марка бетона м350 соответствует классу
бетон и раствор;коммерческий|характеристики;морозостойкость бетона м350;1;морозостойкость бетона м350
бетон и раствор;коммерческий|характеристики;прочность бетона м350;1;прочность бетона м350
бетон и раствор;применение;миксер для бетона;481;миксер для бетона
бетон и раствор;применение;миксер строительный для бетона;90;миксер строительный для бетона
бетон и раствор;применение;ручной миксер для бетона;75;ручной миксер для бетона
бетон и раствор;применение;речной песок для бетона;31;речной песок для бетона
бетон и раствор;применение;мини миксер для бетона;30;мини миксер для бетона
бетон и раствор;применение;насадка миксер для бетона;24;насадка миксер для бетона
бетон и раствор;применение;пгс для бетона;19;пгс для бетона
бетон и раствор;применение;кладочная смесь применение;16;кладочная смесь применение
бетон и раствор;применение;песок для бетона м200;15;песок для бетона м200
бетон и раствор;применение;электрический миксер для бетона;15;электрический миксер для бетона
бетон и раствор;применение;насадка для миксера строительного для бетона;14;насадка для миксера строительного для бетона
бетон и раствор;применение;машина миксер для бетона;13;машина миксер для бетона
бетон и раствор;применение;миксер ручной строительный для бетона;13;миксер ручной строительный для бетона
бетон и раствор;применение;миксер для бетона электрический строительный;13;миксер для бетона электрический строительный
бетон и раствор;применение;цементный раствор для бетона;13;цементный раствор для бетона
бетон и раствор;применение;высота миксера для бетона;12;высота миксера для бетона
бетон и раствор;применение;щебень 20 40 для бетона;11;щебень 20 40 для бетона
бетон и раствор;применение;миксер насос для бетона;10;миксер насос для бетона
бетон и раствор;применение;миксер для бетона ручной энергомаш;10;миксер для бетона ручной энергомаш
бетон и раствор;применение;ширина миксера для бетона;8;ширина миксера для бетона
бетон и раствор;применение;кладочные смеси и клеи специального назначения;8;кладочные смеси и клеи специального назначения
бетон и раствор;применение;венчик для миксера для бетона;7;венчик для миксера для бетона
бетон и раствор;применение;миксеры для бетона автомобильные;7;миксеры для бетона автомобильные
бетон и раствор;применение;аренда миксера для бетона;7;аренда миксера для бетона
бетон и раствор;применение;песок строительный для бетона;6;песок строительный для бетона
бетон и раствор;применение;венчик для миксера строительного для бетона;6;венчик для миксера строительного для бетона
бетон и раствор;применение;дрель миксер для бетона;6;дрель миксер для бетона
бетон и раствор;применение;миксер для бетона рейтинг;6;миксер для бетона рейтинг
бетон и раствор;применение;краска для бетонных ступеней;5;краска для бетонных ступеней
бетон и раствор;применение;миксер для бетона электрический ручной;5;миксер для бетона электрический ручной
бетон и раствор;применение;миксер строительный для бетона ручной электрический;5;миксер строительный для бетона ручной электрический
бетон и раствор;применение;мини миксер для бетона 3 куба;5;мини миксер для бетона 3 куба
бетон и раствор;применение;щебень 5 20 для бетона;4;щебень 5 20 для бетона
бетон и раствор;применение;строительный миксер для бетона рейтинг;4;строительный миксер для бетона рейтинг
бетон и раствор;применение;мини миксер для бетона авто;4;мини миксер для бетона авто
бетон и раствор;применение;миксер лента для бетона;4;миксер лента для бетона
бетон и раствор;применение;миксер строительный профессиональный для бетона;4;миксер строительный профессиональный для бетона
бетон и раствор;применение;профессиональный миксер для бетона;4;профессиональный миксер для бетона
бетон и раствор;применение;соотношение песка и цемента для бетона м200;3;соотношение песка и цемента для бетона м200
бетон и раствор;применение;щебень для бетона м400;3;щебень для бетона м400
бетон и раствор;применение;миксер для бетона фиолент;3;миксер для бетона фиолент
бетон и раствор;применение;миксер строительный для бетона фиолент;3;миксер строительный для бетона фиолент
бетон и раствор;применение;миксер строительный для бетона машина;3;миксер строительный для бетона машина
бетон и раствор;применение;лучший миксер для бетона ручной;3;лучший миксер для бетона ручной
бетон и раствор;применение;мытый песок для бетона;2;мытый песок для бетона
бетон и раствор;применение;карьерный песок для бетона;2;карьерный песок для бетона
бетон и раствор;применение;битумная эмульсия для бетона;2;битумная эмульсия для бетона
бетон и раствор;применение;покрытие для бетонных ступеней;2;покрытие для бетонных ступеней
бетон и раствор;применение;краска для бетонных ступеней на улице;2;краска для бетонных ступеней на улице
бетон и раствор;применение;рейтинг пропиток для бетона;2;рейтинг пропиток для бетона
бетон и раствор;применение;топ пропиток для бетона;2;топ пропиток для бетона
бетон и раствор;применение;бетон м200 для чего применяется;2;бетон м200 для чего применяется
бетон и раствор;применение;м200 бетон для чего подходит;2;м200 бетон для чего подходит
бетон и раствор;применение;известняковый щебень подходит для бетона;1;известняковый щебень подходит для бетона
бетон и раствор;применение;можно ли использовать карьерный песок для бетона;1;можно ли использовать карьерный песок для бетона
бетон и раствор;применение;форма для бетонных ступеней;1;форма для бетонных ступеней
бетон и раствор;применение;бетон м150 для чего используется;1;бетон м150 для чего используется
бетон и раствор;применение;бетон м200 для чего используется;1;бетон м200 для чего используется
бетон и раствор;применение;бетон м200 назначение;1;бетон м200 назначение
бетон и раствор;применение;соотношение песка и цемента для бетона м400;1;соотношение песка и цемента для бетона м400
бетон и раствор;применение;раствор известковый применение;1;раствор известковый применение
бетон и раствор;применение;цементно известковый раствор применение;1;цементно известковый раствор применение
бетон и раствор;применение;автобетононасос для чего нужен;1;автобетононасос для чего нужен
бетон и раствор;применение;автобетононасос применение;1;автобетононасос применение
бетон и раствор;расчёт;сколько стоит бетон куба;939;сколько стоит бетон куба
бетон и раствор;расчёт;сколько стоит куб бетона;939;сколько стоит куб бетона
бетон и раствор;расчёт;сколько в кубе бетона;788;сколько в кубе бетона
бетон и раствор;расчёт;сколько цемента на куб бетона;699;сколько цемента на куб бетона
бетон и раствор;расчёт;сколько нужно цемента на куб бетона;348;сколько нужно цемента на куб бетона
бетон и раствор;расчёт;куб бетона весит;282;куб бетона весит
бетон и раствор;расчёт;сколько цемента на 1 куб бетона;277;сколько цемента на 1 куб бетона
бетон и раствор;расчёт;сколько весит куб бетона;276;сколько весит куб бетона
бетон и раствор;расчёт;сколько стоит миксер бетона;203;сколько стоит миксер бетона
бетон и раствор;расчёт;сколько бетона в миксере;176;сколько бетона в миксере
бетон и раствор;расчёт;сколько нужно на 1 куб бетона;169;сколько нужно на 1 куб бетона
бетон и раствор;расчёт;вес куба бетона;163;вес куба бетона
бетон и раствор;расчёт;куб бетон вес куба;163;куб бетон вес куба
бетон и раствор;расчёт;куб бетона вес;163;куб бетона вес
бетон и раствор;расчёт;сколько цемента надо на куб бетона;161;сколько цемента надо на куб бетона
бетон и раствор;расчёт;сколько стоит 1 куб бетона;158;сколько стоит 1 куб бетона
бетон и раствор;расчёт;сколько бетона в 1 кубе;158;сколько бетона в 1 кубе
бетон и раствор;расчёт;сколько нужно для куба бетона;157;сколько нужно для куба бетона
бетон и раствор;расчёт;куб бетона сколько мешков;153;куб бетона сколько мешков
бетон и раствор;расчёт;калькулятор куба бетона;145;калькулятор куба бетона
бетон и раствор;расчёт;сколько залить куб бетона;133;сколько залить куб бетона
бетон и раствор;расчёт;сколько цемента м500;129;сколько цемента м500
бетон и раствор;расчёт;сколько нужно цемента на 1 куб бетона;123;сколько нужно цемента на 1 куб бетона
бетон и раствор;расчёт;сколько щебня на куб бетона;122;сколько щебня на куб бетона
бетон и раствор;расчёт;сколько цементного раствора;116;сколько цементного раствора
бетон и раствор;расчёт;сколько песка на куб бетона;114;сколько песка на куб бетона
бетон и раствор;расчёт;сколько стоит куб бетона для фундамента;105;сколько стоит куб бетона для фундамента
бетон и раствор;расчёт;сколько надо 1 куба бетона;100;сколько надо 1 куба бетона
бетон и раствор;расчёт;расчет куба бетона;99;расчет куба бетона
бетон и раствор;расчёт;сколько мешков цемента на куб бетона;91;сколько мешков цемента на куб бетона
бетон и раствор;расчёт;сколько цемента в кубе бетона;90;сколько цемента в кубе бетона
бетон и раствор;расчёт;сколько стоит куб бетона в миксере;89;сколько стоит куб бетона в миксере
бетон и раствор;расчёт;куб бетона сколько цемента песка щебня;89;куб бетона сколько цемента песка щебня
бетон и раствор;расчёт;сколько стоит залить куб бетона;86;сколько стоит залить куб бетона
бетон и раствор;расчёт;сколько стоит залить куба бетона;86;сколько стоит залить куба бетона
бетон и раствор;расчёт;сколько куба метра бетон;83;сколько куба метра бетон
бетон и раствор;расчёт;сколько надо на 1 куб бетона;80;сколько надо на 1 куб бетона
бетон и раствор;расчёт;для куба бетона сколько нужно цемента;78;для куба бетона сколько нужно цемента
бетон и раствор;расчёт;сколько нужно песка на куб бетона;76;сколько нужно песка на куб бетона
бетон и раствор;расчёт;сколько нужно щебня на куб бетона;76;сколько нужно щебня на куб бетона
бетон и раствор;расчёт;бетон м200 сколько цемента;75;бетон м200 сколько цемента
бетон и раствор;расчёт;1 куб бетона сколько мешков;74;1 куб бетона сколько мешков
бетон и раствор;расчёт;2 куба бетона сколько;73;2 куба бетона сколько
бетон и раствор;расчёт;1 куб бетона весит;68;1 куб бетона весит
бетон и раствор;расчёт;сколько весит 1 куб бетона;64;сколько весит 1 куб бетона
бетон и раствор;расчёт;сколько весит 1 куба бетона;64;сколько весит 1 куба бетона
бетон и раствор;расчёт;сколько отсева на куб бетона;63;сколько отсева на куб бетона
бетон и раствор;расчёт;расход кладочной смеси;63;расход кладочной смеси
бетон и раствор;расчёт;на 1 куб бетона сколько надо цемента;61;на 1 куб бетона сколько надо цемента
бетон и раствор;расчёт;сколько цемента и песка на куб бетона;60;сколько цемента и песка на куб бетона
бетон и раствор;расчёт;на куб бетона сколько нужно цемента песка;60;на куб бетона сколько нужно цемента песка
бетон и раствор;расчёт;расход куба бетона;59;расход куба бетона
бетон и раствор;расчёт;куб бетона сколько литров;58;куб бетона сколько литров
бетон и раствор;расчёт;расход на куб бетона;57;расход на куб бетона
бетон и раствор;расчёт;сколько стоит миксер бетона для фундамента;57;сколько стоит миксер бетона для фундамента
бетон и раствор;расчёт;куб бетона это сколько;56;куб бетона это сколько
бетон и раствор;расчёт;сколько нужно для 1 куба бетона;55;сколько нужно для 1 куба бетона
бетон и раствор;расчёт;сколько песка и щебня на куб бетона;55;сколько песка и щебня на куб бетона
бетон и раствор;расчёт;1 куб бетона вес;54;1 куб бетона вес
бетон и раствор;расчёт;вес 1 куба бетона;54;вес 1 куба бетона
бетон и раствор;расчёт;куб бетона сколько тонн;50;куб бетона сколько тонн
бетон и раствор;расчёт;пол куба бетона сколько;49;пол куба бетона сколько
бетон и раствор;расчёт;сколько бетон м400;48;сколько бетон м400
бетон и раствор;расчёт;1 куб бетона сколько цемента песка;48;1 куб бетона сколько цемента песка
бетон и раствор;расчёт;сколько песка на 1 куб бетона;47;сколько песка на 1 куб бетона
бетон и раствор;расчёт;сколько мешков цемента на 1 куб бетона;47;сколько мешков цемента на 1 куб бетона
бетон и раствор;расчёт;сколько нужно отсева на куб бетона;47;сколько нужно отсева на куб бетона
бетон и раствор;расчёт;сколько стоит миксер для куба бетона;47;сколько стоит миксер для куба бетона
бетон и раствор;расчёт;сколько цемента на куб бетона м200;42;сколько цемента на куб бетона м200
бетон и раствор;расчёт;сколько цемента на м400;42;сколько цемента на м400
бетон и раствор;расчёт;бетон сколько цемента м400;34;бетон сколько цемента м400
бетон и раствор;расчёт;сколько стоит миксер бетона 5;33;сколько стоит миксер бетона 5
бетон и раствор;расчёт;пгс сколько цемента;29;пгс сколько цемента
бетон и раствор;расчёт;бетон м200 расход;29;бетон м200 расход
бетон и раствор;расчёт;сколько нужно кладочной смеси;29;сколько нужно кладочной смеси
бетон и раствор;расчёт;цемент м500 сколько кг;28;цемент м500 сколько кг
бетон и раствор;расчёт;объем цементного раствора;25;объем цементного раствора
бетон и раствор;расчёт;сколько стоит цементный раствор;24;сколько стоит цементный раствор
бетон и раствор;расчёт;сколько цемента м500 на куб;24;сколько цемента м500 на куб
бетон и раствор;расчёт;сколько цемента на 1 куб бетона м200;23;сколько цемента на 1 куб бетона м200
бетон и раствор;расчёт;расход цементного раствора;22;расход цементного раствора
бетон и раствор;расчёт;бетон м250 сколько цемента;21;бетон м250 сколько цемента
бетон и раствор;расчёт;сколько стоит куб цементного раствора;21;сколько стоит куб цементного раствора
бетон и раствор;расчёт;плотность бетона м200;20;плотность бетона м200
бетон и раствор;расчёт;плотность цементного раствора;20;плотность цементного раствора
бетон и раствор;расчёт;камни бортовые бр 100.20 8 объем бетона;19;камни бортовые бр 100.20 8 объем бетона
бетон и раствор;расчёт;сколько бетона в миксере камаз;19;сколько бетона в миксере камаз
бетон и раствор;расчёт;сколько стоит 1 куб цементного раствора;18;сколько стоит 1 куб цементного раствора
бетон и раствор;расчёт;сколько цемента м500 на куб бетона;18;сколько цемента м500 на куб бетона
бетон и раствор;расчёт;сколько застывает цементный раствор;17;сколько застывает цементный раствор
бетон и раствор;расчёт;цемент м500 сколько песка;17;цемент м500 сколько песка
бетон и раствор;расчёт;сколько пгс на куб бетона;16;сколько пгс на куб бетона
бетон и раствор;расчёт;вес бетона м200;16;вес бетона м200
бетон и раствор;расчёт;расчет кладочной смеси;16;расчет кладочной смеси
бетон и раствор;расчёт;сколько нужно цементного раствора;16;сколько нужно цементного раствора
бетон и раствор;расчёт;сколько нужно на м250 бетон;15;сколько нужно на м250 бетон
бетон и раствор;расчёт;сколько цемента на куб бетона м400;15;сколько цемента на куб бетона м400
бетон и раствор;расчёт;вес цементного раствора;15;вес цементного раствора
бетон и раствор;расчёт;плотность цемента м500;15;плотность цемента м500
бетон и раствор;расчёт;бетон м200 сколько щебня;14;бетон м200 сколько щебня
бетон и раствор;расчёт;сколько стоит цемент м500;14;сколько стоит цемент м500
бетон и раствор;расчёт;сколько цемента нужно на куб бетона м200;12;сколько цемента нужно на куб бетона м200
бетон и раствор;расчёт;расход кладочной смеси для кирпича;12;расход кладочной смеси для кирпича
бетон и раствор;расчёт;сколько цемента на куб бетона м250;11;сколько цемента на куб бетона м250
бетон и раствор;расчёт;вес бетона м250;11;вес бетона м250
бетон и раствор;расчёт;плотность бетона м400;11;плотность бетона м400
бетон и раствор;расчёт;расход кладочной смеси на 1 кирпич;11;расход кладочной смеси на 1 кирпич
бетон и раствор;расчёт;бетон м200 таблица;10;бетон м200 таблица
бетон и раствор;расчёт;расход кладочной смеси на кладку кирпича;9;расход кладочной смеси на кладку кирпича
бетон и раствор;расчёт;сколько нужно цемента м500 на куб бетона;9;сколько нужно цемента м500 на куб бетона
бетон и раствор;расчёт;сколько песка на куб бетона м200;8;сколько песка на куб бетона м200
бетон и раствор;расчёт;сколько щебня на куб бетона м200;8;сколько щебня на куб бетона м200
бетон и раствор;расчёт;сколько стоит залить бетон миксером;8;сколько стоит залить бетон миксером
бетон и раствор;расчёт;калькулятор кладочной смеси;8;калькулятор кладочной смеси
бетон и раствор;расчёт;сколько сохнет кладочная смесь;8;сколько сохнет кладочная смесь
бетон и раствор;расчёт;сколько цемента на 1 куб м500;8;сколько цемента на 1 куб м500
бетон и раствор;расчёт;цемент м500 объем;8;цемент м500 объем
бетон и раствор;расчёт;бетон м200 расход цемента;7;бетон м200 расход цемента
бетон и раствор;расчёт;вес куба бетона м250;7;вес куба бетона м250
бетон и раствор;расчёт;куб бетона вес м250;7;куб бетона вес м250
бетон и раствор;расчёт;сколько весит бетон м250;7;сколько весит бетон м250
бетон и раствор;расчёт;сколько весит куб бетона м250;7;сколько весит куб бетона м250
бетон и раствор;расчёт;сколько цемента на 1 куб бетона м400;7;сколько цемента на 1 куб бетона м400
бетон и раствор;расчёт;сколько бетона входит в миксер;7;сколько бетона входит в миксер
бетон и раствор;расчёт;сколько цемента на 1 куб м400;7;сколько цемента на 1 куб м400
бетон и раствор;расчёт;сколько цемента на 1 куб бетона м500;7;сколько цемента на 1 куб бетона м500
бетон и раствор;расчёт;сколько стоит бетон м200;6;сколько стоит бетон м200
бетон и раствор;расчёт;сколько стоит куб бетона м200;6;сколько стоит куб бетона м200
бетон и раствор;расчёт;сколько весит бетон м200;6;сколько весит бетон м200
бетон и раствор;расчёт;сколько весит куб бетона м200;6;сколько весит куб бетона м200
бетон и раствор;расчёт;вес бетона м400;6;вес бетона м400
бетон и раствор;расчёт;сколько стоит 1 куб бетона миксером;6;сколько стоит 1 куб бетона миксером
бетон и раствор;расчёт;сколько стоит 1 миксер бетона;6;сколько стоит 1 миксер бетона
бетон и раствор;расчёт;сколько стоит миксер бетона 10;6;сколько стоит миксер бетона 10
бетон и раствор;расчёт;плотность цемента м400;6;плотность цемента м400
бетон и раствор;расчёт;цемент м400 вес;6;цемент м400 вес
бетон и раствор;расчёт;цемент м500 расход;6;цемент м500 расход
бетон и раствор;расчёт;сколько кг в мешке цемента м500;6;сколько кг в мешке цемента м500
бетон и раствор;расчёт;сколько бетона в миксере на базе камаза;5;сколько бетона в миксере на базе камаза
бетон и раствор;расчёт;сколько стоит камаз бетона миксер;5;сколько стоит камаз бетона миксер
бетон и раствор;расчёт;сколько весит миксер с бетоном;5;сколько весит миксер с бетоном
бетон и раствор;расчёт;сколько сохнет цемент м500;5;сколько сохнет цемент м500
бетон и раствор;расчёт;сколько стоит тонна цемента м500;5;сколько стоит тонна цемента м500
бетон и раствор;расчёт;цемент м500 таблица;5;цемент м500 таблица
бетон и раствор;расчёт;сколько стоит автобетононасос;5;сколько стоит автобетононасос
бетон и раствор;расчёт;камни бортовые бр 100.30 15 объем бетона;4;камни бортовые бр 100.30 15 объем бетона
бетон и раствор;расчёт;вес куба бетона м200;4;вес куба бетона м200
бетон и раствор;расчёт;куб бетона вес м200;4;куб бетона вес м200
бетон и раствор;расчёт;сколько 1 куб бетона для фундамента м200;4;сколько 1 куб бетона для фундамента м200
бетон и раствор;расчёт;вес цемента м500;4;вес цемента м500
бетон и раствор;расчёт;цемент м500 сколько нужно песка;4;цемент м500 сколько нужно песка
бетон и раствор;расчёт;сколько стоит мешок цемента м500;4;сколько стоит мешок цемента м500
бетон и раствор;расчёт;сколько стоит цемент мешок 50 кг м500;4;сколько стоит цемент мешок 50 кг м500
бетон и раствор;расчёт;цемент м500 50 кг сколько стоит;4;цемент м500 50 кг сколько стоит
бетон и раствор;расчёт;сколько стоит аренда бетононасоса;4;сколько стоит аренда бетононасоса
бетон и раствор;расчёт;сколько цемента на куб бетона м150;3;сколько цемента на куб бетона м150
бетон и раствор;расчёт;сколько весит 1 куб бетона м200;3;сколько весит 1 куб бетона м200
бетон и раствор;расчёт;сколько надо цемента на куб бетона м200;3;сколько надо цемента на куб бетона м200
бетон и раствор;расчёт;сколько щебня нужно на куб бетона м200;3;сколько щебня нужно на куб бетона м200
бетон и раствор;расчёт;сколько весит бетон м400;3;сколько весит бетон м400
бетон и раствор;расчёт;вес куба бетона м400;3;вес куба бетона м400
бетон и раствор;расчёт;куб бетона вес м400;3;куб бетона вес м400
бетон и раствор;расчёт;сколько стоит залить куб бетона с миксера;3;сколько стоит залить куб бетона с миксера
бетон и раствор;расчёт;вес известкового раствора;3;вес известкового раствора
бетон и раствор;расчёт;расход известкового раствора;3;расход известкового раствора
бетон и раствор;расчёт;плотность бетона м100;2;плотность бетона м100
бетон и раствор;расчёт;вес бетона м150;2;вес бетона м150
бетон и раствор;расчёт;сколько щебня в кубе бетона м200;2;сколько щебня в кубе бетона м200
бетон и раствор;расчёт;расчет бетона м200;2;расчет бетона м200
бетон и раствор;расчёт;сколько цемента в кубе бетона м200;2;сколько цемента в кубе бетона м200
бетон и раствор;расчёт;вес 1 куба бетона м250;2;вес 1 куба бетона м250
бетон и раствор;расчёт;плотность бетона м250;2;плотность бетона м250
бетон и раствор;расчёт;сколько нужно щебня на куб бетона м250;2;сколько нужно щебня на куб бетона м250
бетон и раствор;расчёт;сколько щебня на куб бетона м250;2;сколько щебня на куб бетона м250
бетон и раствор;расчёт;сколько нужно цемента на куб бетона м250;2;сколько нужно цемента на куб бетона м250
бетон и раствор;расчёт;сколько надо цемента на куб бетона м400;2;сколько надо цемента на куб бетона м400
бетон и раствор;расчёт;сколько схватывается бетон м400;2;сколько схватывается бетон м400
бетон и раствор;расчёт;сколько цемента в кубе бетона м400;2;сколько цемента в кубе бетона м400
бетон и раствор;расчёт;сколько весит куб бетона м400;2;сколько весит куб бетона м400
бетон и раствор;расчёт;цементно известковый раствор вес;2;цементно известковый раствор вес
бетон и раствор;расчёт;известковый раствор плотность;2;известковый раствор плотность
бетон и раствор;расчёт;сколько стоит цемент м400;2;сколько стоит цемент м400
бетон и раствор;расчёт;удельный вес цемента м400;2;удельный вес цемента м400
бетон и раствор;расчёт;цемент м400 сколько песка;2;цемент м400 сколько песка
бетон и раствор;расчёт;расчет бетонных ступеней;1;расчет бетонных ступеней
бетон и раствор;расчёт;сколько надо цемента на куб бетона м150;1;сколько надо цемента на куб бетона м150
бетон и раствор;расчёт;сколько цемента на 1 куб бетона м150;1;сколько цемента на 1 куб бетона м150
бетон и раствор;расчёт;плотность бетона м150;1;плотность бетона м150
бетон и раствор;расчёт;калькулятор бетона м200;1;калькулятор бетона м200
бетон и раствор;расчёт;сколько песка в кубе бетона м200;1;сколько песка в кубе бетона м200
бетон и раствор;расчёт;плотность бетона м200 в застывшем состоянии;1;плотность бетона м200 в застывшем состоянии
бетон и раствор;расчёт;удельный вес бетона м200;1;удельный вес бетона м200
бетон и раствор;расчёт;вес 1 куб бетона м200;1;вес 1 куб бетона м200
бетон и раствор;расчёт;вес 1 куба бетона м200;1;вес 1 куба бетона м200
бетон и раствор;расчёт;сколько мешков цемента в кубе бетона м200;1;сколько мешков цемента в кубе бетона м200
бетон и раствор;расчёт;сколько сохнет бетон м200;1;сколько сохнет бетон м200
бетон и раствор;расчёт;бетон м250 сколько в;1;бетон м250 сколько в
бетон и раствор;расчёт;сколько щебня в кубе бетона м250;1;сколько щебня в кубе бетона м250
бетон и раствор;расчёт;сколько пгс на куб бетона м250;1;сколько пгс на куб бетона м250
бетон и раствор;расчёт;сколько весит 1 куб бетона м250;1;сколько весит 1 куб бетона м250
бетон и раствор;расчёт;сколько цемента надо на куб бетона м250;1;сколько цемента надо на куб бетона м250
бетон и раствор;расчёт;сколько стоит бетон м250;1;сколько стоит бетон м250
бетон и раствор;расчёт;сколько стоит куб бетона м250;1;сколько стоит куб бетона м250
бетон и раствор;расчёт;сколько цемента на 1 куб бетона м250;1;сколько цемента на 1 куб бетона м250
бетон и раствор;расчёт;сколько времени схватывается бетон м400;1;сколько времени схватывается бетон м400
бетон и раствор;расчёт;вес 1 куба бетона м400;1;вес 1 куба бетона м400
бетон и раствор;расчёт;вес 1 куба бетона м400 на щебне;1;вес 1 куба бетона м400 на щебне
бетон и раствор;расчёт;сколько весит 1 куб бетона м400;1;сколько весит 1 куб бетона м400
бетон и раствор;расчёт;цементно известковым раствором расход;1;цементно известковым раствором расход
бетон и раствор;расчёт;плотность цементно известкового раствора;1;плотность цементно известкового раствора
бетон и раствор;расчёт;раствор штукатурный известковый м100 расход;1;раствор штукатурный известковый м100 расход
бетон и раствор;расчёт;раствор штукатурный известковый м100 вес;1;раствор штукатурный известковый м100 вес
бетон и раствор;расчёт;цемент м400 расход;1;цемент м400 расход
бетон и раствор;расчёт;сколько стоит тонна цемента м400;1;сколько стоит тонна цемента м400
бетон и раствор;расчёт;вес мешка цемента м400;1;вес мешка цемента м400
бетон и раствор;расчёт;объемный вес цемента м400;1;объемный вес цемента м400
бетон и раствор;расчёт|выбор|характеристики;бетон м250 какой класс бетона таблица;2;бетон м250 какой класс бетона таблица
бетон и раствор;расчёт|как сделать;как посчитать куб бетона;104;как посчитать куб бетона
бетон и раствор;расчёт|как сделать;как посчитать кубы бетона;104;как посчитать кубы бетона
бетон и раствор;расчёт|применение;сколько цемента нужно для бетона м200;14;сколько цемента нужно для бетона м200
бетон и раствор;расчёт|применение;объем миксера для бетона;7;объем миксера для бетона
бетон и раствор;расчёт|применение;миксер машина для бетона объем;4;миксер машина для бетона объем
бетон и раствор;расчёт|характеристики;таблица состав бетона м200;6;таблица состав бетона м200
бетон и раствор;характеристики;камни бортовые бетонные марки бр;75;камни бортовые бетонные марки бр
бетон и раствор;характеристики;класс бетона м200;75;класс бетона м200
бетон и раствор;характеристики;цемент марки м500;67;цемент марки м500
бетон и раствор;характеристики;камни бортовые бетонные марки бр бв;64;камни бортовые бетонные марки бр бв
бетон и раствор;характеристики;марки цементного раствора;64;марки цементного раствора
бетон и раствор;характеристики;куб бетона марки 300;56;куб бетона марки 300
бетон и раствор;характеристики;марка бетона м200;54;марка бетона м200
бетон и раствор;характеристики;марка бетона м400;53;марка бетона м400
бетон и раствор;характеристики;состав цементного раствора;48;состав цементного раствора
бетон и раствор;характеристики;ступень бетонная размеры;36;ступень бетонная размеры
бетон и раствор;характеристики;класс бетона м250;33;класс бетона м250
бетон и раствор;характеристики;марка бетона в30 м400;33;марка бетона в30 м400
бетон и раствор;характеристики;цементный раствор гост;23;цементный раствор гост
бетон и раствор;характеристики;цементный раствор 1 1 состав;23;цементный раствор 1 1 состав
бетон и раствор;характеристики;бетон класса м150;22;бетон класса м150
бетон и раствор;характеристики;бетон м200 класс в15;22;бетон м200 класс в15
бетон и раствор;характеристики;кладочная смесь состав;22;кладочная смесь состав
бетон и раствор;характеристики;состав цементно песчаного раствора;21;состав цементно песчаного раствора
бетон и раствор;характеристики;бетон тяжелый класс в15 м200;20;бетон тяжелый класс в15 м200
бетон и раствор;характеристики;марка бетона м250;19;марка бетона м250
бетон и раствор;характеристики;марки цементно песчаного раствора;19;марки цементно песчаного раствора
бетон и раствор;характеристики;раствор кладочный цементный марки;19;раствор кладочный цементный марки
бетон и раствор;характеристики;гост бетона м200;17;гост бетона м200
бетон и раствор;характеристики;цементно песчаный раствор гост;17;цементно песчаный раствор гост
бетон и раствор;характеристики;м400 класс бетона;16;м400 класс бетона
бетон и раствор;характеристики;состав известкового раствора;16;состав известкового раствора
бетон и раствор;характеристики;бетона бст класс в15 м200;15;бетона бст класс в15 м200
бетон и раствор;характеристики;гост кладочные смеси;15;гост кладочные смеси
бетон и раствор;характеристики;виды цементных растворов;14;виды цементных растворов
бетон и раствор;характеристики;растворы цементные марка 100;14;растворы цементные марка 100
бетон и раствор;характеристики;марка бетона м150;13;марка бетона м150
бетон и раствор;характеристики;прочность цементного раствора;13;прочность цементного раствора
бетон и раствор;характеристики;раствор готовый кладочный цементный марки;13;раствор готовый кладочный цементный марки
бетон и раствор;характеристики;раствор кладочный цементный марки 100;13;раствор кладочный цементный марки 100
бетон и раствор;характеристики;известковый раствор марки;13;известковый раствор марки
бетон и раствор;характеристики;марка цемента м400;12;марка цемента м400
бетон и раствор;характеристики;кладочная смесь марка;11;кладочная смесь марка
бетон и раствор;характеристики;марка раствора из цемента м500;11;марка раствора из цемента м500
бетон и раствор;характеристики;ступень бетонная гост;10;ступень бетонная гост
бетон и раствор;характеристики;марка бетона м100;10;марка бетона м100
бетон и раствор;характеристики;марка бетона цемент м400;10;марка бетона цемент м400
бетон и раствор;характеристики;состав бетона м200;9;состав бетона м200
бетон и раствор;характеристики;бетон класс в20 м250;9;бетон класс в20 м250
бетон и раствор;характеристики;бетон тяжелый класс в20 м250;9;бетон тяжелый класс в20 м250
бетон и раствор;характеристики;смеси сухие кладочные гост;9;смеси сухие кладочные гост
бетон и раствор;характеристики;раствор цементно известковый марка;9;раствор цементно известковый марка
бетон и раствор;характеристики;цемент м500 характеристики;9;цемент м500 характеристики
бетон и раствор;характеристики;цемент м500 состав;9;цемент м500 состав
бетон и раствор;характеристики;класс бетона м100;8;класс бетона м100
бетон и раствор;характеристики;прочность бетона м200;8;прочность бетона м200
бетон и раствор;характеристики;состав отделочного раствора известкового;8;состав отделочного раствора известкового
бетон и раствор;характеристики;состав раствора известкового 1 1 6;8;состав раствора известкового 1 1 6
бетон и раствор;характеристики;цементно известковый раствор состав;8;цементно известковый раствор состав
бетон и раствор;характеристики;бетон м200 характеристики;7;бетон м200 характеристики
бетон и раствор;характеристики;бетон в30 м400 гост;7;бетон в30 м400 гост
бетон и раствор;характеристики;бетона гост м400;7;бетона гост м400
бетон и раствор;характеристики;марка кладочного цементно известкового раствора;7;марка кладочного цементно известкового раствора
бетон и раствор;характеристики;марки известковых кладочных растворов;7;марки известковых кладочных растворов
бетон и раствор;характеристики;бетон класса в10 м150;6;бетон класса в10 м150
бетон и раствор;характеристики;бетон тяжелый класс в10 м150;6;бетон тяжелый класс в10 м150
бетон и раствор;характеристики;раствор готовый кладочный цементно известковый марки;6;раствор готовый кладочный цементно известковый марки
бетон и раствор;характеристики;стандартный размер бетонной ступени;5;стандартный размер бетонной ступени
бетон и раствор;характеристики;бетон м100 гост;5;бетон м100 гост
бетон и раствор;характеристики;марка бетона м200 класс;5;марка бетона м200 класс
бетон и раствор;характеристики;состав бетона м400;5;состав бетона м400
бетон и раствор;характеристики;бетон марка м 400 из цемента м500;5;бетон марка м 400 из цемента м500
бетон и раствор;характеристики;раствор м150 из цемента марки м500;5;раствор м150 из цемента марки м500
бетон и раствор;характеристики;ступени бетонные размеры гост;4;ступени бетонные размеры гост
бетон и раствор;характеристики;бетон в15 м200 технические характеристики;4;бетон в15 м200 технические характеристики
бетон и раствор;характеристики;бетон м200 технические характеристики;4;бетон м200 технические характеристики
бетон и раствор;характеристики;характеристики бетона в15 м200;4;характеристики бетона в15 м200
бетон и раствор;характеристики;состав бетона м250;4;состав бетона м250
бетон и раствор;характеристики;гост 8717 2016 ступени бетонные;3;гост 8717 2016 ступени бетонные
бетон и раствор;характеристики;марки товарного бетона;3;марки товарного бетона
бетон и раствор;характеристики;характеристики бетона м100;3;характеристики бетона м100
бетон и раствор;характеристики;бетон м100 состав;3;бетон м100 состав
бетон и раствор;характеристики;бетон класс в12 5 м150;3;бетон класс в12 5 м150
бетон и раствор;характеристики;бетон м150 прочность;3;бетон м150 прочность
бетон и раствор;характеристики;марка бетона м200 где применяется;3;марка бетона м200 где применяется
бетон и раствор;характеристики;автобетононасос характеристики;3;автобетононасос характеристики
бетон и раствор;характеристики;размеры автобетононасосов;3;размеры автобетононасосов
бетон и раствор;характеристики;лестница бетонная размеры ступеней;2;лестница бетонная размеры ступеней
бетон и раствор;характеристики;гост товарного бетона;2;гост товарного бетона
бетон и раствор;характеристики;состав товарного бетона;2;состав товарного бетона
бетон и раствор;характеристики;бетон класса в7 5 м100;2;бетон класса в7 5 м100
бетон и раствор;характеристики;бетон тяжелый класс в7 5 м100;2;бетон тяжелый класс в7 5 м100
бетон и раствор;характеристики;бетон тяжелый класс м100;2;бетон тяжелый класс м100
бетон и раствор;характеристики;бетон тяжелый класс в12 5 м150;2;бетон тяжелый класс в12 5 м150
бетон и раствор;характеристики;м200 марка бетона прочность;2;м200 марка бетона прочность
бетон и раствор;характеристики;бетон мелкозернистый класс в15 м200;2;бетон мелкозернистый класс в15 м200
бетон и раствор;характеристики;бетон м200 прочность на сжатие;2;бетон м200 прочность на сжатие
бетон и раствор;характеристики;марка м250 класс бетона;2;марка м250 класс бетона
бетон и раствор;характеристики;куб бетона м400 состав;2;куб бетона м400 состав
бетон и раствор;характеристики;виды известкового раствора;2;виды известкового раствора
бетон и раствор;характеристики;прочность цемента м400;2;прочность цемента м400
бетон и раствор;характеристики;камни бетонные бортовые бр гост;1;камни бетонные бортовые бр гост
бетон и раствор;характеристики;камни бортовые бетонные марки бр 100.30 15;1;камни бортовые бетонные марки бр 100.30 15
бетон и раствор;характеристики;виды товарного бетона;1;виды товарного бетона
бетон и раствор;характеристики;бетон м100 прочность;1;бетон м100 прочность
бетон и раствор;характеристики;прочность бетона м200 в мпа;1;прочность бетона м200 в мпа
бетон и раствор;характеристики;гост бетона в15 м200;1;гост бетона в15 м200
бетон и раствор;характеристики;бетон м200 класс прочности;1;бетон м200 класс прочности
бетон и раствор;характеристики;морозостойкость бетона м200;1;морозостойкость бетона м200
бетон и раствор;характеристики;что означает марка бетона м200;1;что означает марка бетона м200
бетон и раствор;характеристики;бетон в20 м250 технические характеристики;1;бетон в20 м250 технические характеристики
бетон и раствор;характеристики;бетон м250 в20 характеристики;1;бетон м250 в20 характеристики
бетон и раствор;характеристики;бетон м250 характеристики;1;бетон м250 характеристики
бетон и раствор;характеристики;марка бетона м250 соответствует классу бетона;1;марка бетона м250 соответствует классу бетона
бетон и раствор;характеристики;бетон м400 прочность;1;бетон м400 прочность
бетон и раствор;характеристики;бетон м400 характеристика;1;бетон м400 характеристика
бетон и раствор;характеристики;известковый раствор марки 50;1;известковый раствор марки 50
бетон и раствор;характеристики;прочность известково цементного раствора;1;прочность известково цементного раствора
бетон и раствор;характеристики;прочность известкового раствора;1;прочность известкового раствора
бетон и раствор;характеристики;раствор цементно известковый марка 50;1;раствор цементно известковый марка 50
бетон и раствор;характеристики;раствор цементно известковый марка м100;1;раствор цементно известковый марка м100
бетон и раствор;характеристики;растворы кладочные цементно известковые марки 50;1;растворы кладочные цементно известковые марки 50
бетон и раствор;характеристики;раствор известковый гост;1;раствор известковый гост
бетон и раствор;характеристики;раствор известковый м100 состав;1;раствор известковый м100 состав
бетон и раствор;характеристики;раствор штукатурный известковый м100 состав;1;раствор штукатурный известковый м100 состав
бетон и раствор;характеристики;состав известкового штукатурного раствора;1;состав известкового штукатурного раствора
бетон и раствор;характеристики;цемент м400 гост;1;цемент м400 гост
бетон и раствор;характеристики|применение;марка цемента для бетона м500;7;марка цемента для бетона м500
бетон и раствор;характеристики|применение;размеры миксера для бетона;4;размеры миксера для бетона
бетон и раствор;характеристики|применение;марка бетона м100 для чего применяется;2;марка бетона м100 для чего применяется
бетон и раствор;характеристики|применение;марка бетона м200 для чего применяется;2;марка бетона м200 для чего применяется
бордюр и поребрик;;бордюр тротуарный;2697;бордюр тротуарный
бордюр и поребрик;;бордюр садовый;1286;бордюр садовый
бордюр и поребрик;;бордюр дорожный;735;бордюр дорожный
бордюр и поребрик;;камень бортовой бр;430;камень бортовой бр / бортовой камень бр
бордюр и поребрик;;бордюр гранитный;365;бордюр гранитный / гранитный бордюр
бордюр и поребрик;;бордюр тротуарный 1000х200х80;309;бордюр тротуарный 1000х200х80
бордюр и поребрик;;бордюр садовый пластиковый;286;бордюр садовый пластиковый
бордюр и поребрик;;бордюр для садовой дорожки;184;бордюр для садовой дорожки
бордюр и поребрик;;дорожный бордюр 1000х300х150;148;дорожный бордюр 1000х300х150
бордюр и поребрик;;бордюр садовый бетонный;131;бордюр садовый бетонный
бордюр и поребрик;;бортовой камень бр 100.30;131;бортовой камень бр 100.30
бордюр и поребрик;;бортовой камень бр 100.20;126;бортовой камень бр 100.20
бордюр и поребрик;;бортовой камень бр 100.20 8;116;бортовой камень бр 100.20 8
бордюр и поребрик;;бр 15 бортовой камень;112;бр 15 бортовой камень
бордюр и поребрик;;камень бетонный бортовой бр;108;камень бетонный бортовой бр
бордюр и поребрик;;бортовой камень бр 100.30 15;98;бортовой камень бр 100.30 15
бордюр и поребрик;;садовый бордюр канта;86;садовый бордюр канта
бордюр и поребрик;;пластиковый бордюр для тротуарной;75;пластиковый бордюр для тротуарной
бордюр и поребрик;;гранитные бордюры гп;70;гранитные бордюры гп
бордюр и поребрик;;высота садового бордюра;68;высота садового бордюра
бордюр и поребрик;;бордюр садовый черный;67;бордюр садовый черный
бордюр и поребрик;;пластиковый бордюр для садовых дорожек;64;пластиковый бордюр для садовых дорожек
бордюр и поребрик;;садовые бордюры для клумб;63;садовые бордюры для клумб
бордюр и поребрик;;бордюр тротуарный металлический;59;бордюр тротуарный металлический
бордюр и поребрик;;бордюр тротуарный 500х200х50;53;бордюр тротуарный 500х200х50
бордюр и поребрик;;бордюр для тротуарной дорожки;53;бордюр для тротуарной дорожки
бордюр и поребрик;;бордюр тротуарный 1;53;бордюр тротуарный 1
бордюр и поребрик;;тротуарные бордюры нижний;51;тротуарные бордюры нижний
бордюр и поребрик;;бордюр тротуарный бетонный;51;бордюр тротуарный бетонный
бордюр и поребрик;;поребрик бетонный;50;поребрик бетонный / бетонный поребрик
бордюр и поребрик;;бордюр бр 100.30.15;46;бордюр бр 100.30.15
бордюр и поребрик;;бордюр бр 100.30 15;46;бордюр бр 100.30 15
бордюр и поребрик;;бордюр тротуарный 1000;43;бордюр тротуарный 1000
бордюр и поребрик;;бордюр тротуарный для садовых дорожек;42;бордюр тротуарный для садовых дорожек
бордюр и поребрик;;бортовой камень бр 18;42;бортовой камень бр 18
бордюр и поребрик;;бордюры садовые геопластборд;41;бордюры садовые геопластборд
бордюр и поребрик;;камень бортовый бр 100.30 15;40;камень бортовый бр 100.30 15
бордюр и поребрик;;стоим бордюра тротуарного;36;стоим бордюра тротуарного
бордюр и поребрик;;бордюр тротуарный серый;35;бордюр тротуарный серый
бордюр и поребрик;;гранитный бордюр гп 1;34;гранитный бордюр гп 1
бордюр и поребрик;;камень бортовой бр 20;33;камень бортовой бр 20
бордюр и поребрик;;бордюры тротуарные 200;30;бордюры тротуарные 200
бордюр и поребрик;;бордюр бетонный дорожный;29;бордюр бетонный дорожный
бордюр и поребрик;;бордюр тротуарный от производителя;29;бордюр тротуарный от производителя
бордюр и поребрик;;бортовой камень бр 100.30 18;29;бортовой камень бр 100.30 18
бордюр и поребрик;;бордюр садовый оцинкованный;28;бордюр садовый оцинкованный
бордюр и поребрик;;бордюр тротуарный коричневый;27;бордюр тротуарный коричневый
бордюр и поребрик;;озон бордюр садовый;27;озон бордюр садовый
бордюр и поребрик;;гранитный бордюр гп1;25;гранитный бордюр гп1
бордюр и поребрик;;бордюр дорожный гранитный;25;бордюр дорожный гранитный
бордюр и поребрик;;камень бортовой бр 100;24;камень бортовой бр 100
бордюр и поребрик;;бордюр тротуарный черный;23;бордюр тротуарный черный
бордюр и поребрик;;бордюр садовый металлический;23;бордюр садовый металлический
бордюр и поребрик;;бордюр садовый серый;23;бордюр садовый серый
бордюр и поребрик;;бордюр тротуарный для садовых дорожек бетонный;22;бордюр тротуарный для садовых дорожек бетонный
бордюр и поребрик;;бордюр садовый для дорожек бетонный;22;бордюр садовый для дорожек бетонный
бордюр и поребрик;;садовые пластиковые бордюры геопластборд;22;садовые пластиковые бордюры геопластборд
бордюр и поребрик;;садовый бордюр из оцинкованной стали;22;садовый бордюр из оцинкованной стали
бордюр и поребрик;;садовый бордюр из стали;22;садовый бордюр из стали
бордюр и поребрик;;камень бортовой бр бв бетон в22 5;22;камень бортовой бр бв бетон в22 5
бордюр и поребрик;;бордюр тротуарный фото;21;бордюр тротуарный фото
бордюр и поребрик;;лучший садовый бордюр;21;лучший садовый бордюр
бордюр и поребрик;;садовые бордюры для дорожек и клумб;21;садовые бордюры для дорожек и клумб
бордюр и поребрик;;бордюр пластиковый садовый для клумб;21;бордюр пластиковый садовый для клумб
бордюр и поребрик;;бордюр дорожный 15;20;бордюр дорожный 15
бордюр и поребрик;;бордюр тротуарный метр;20;бордюр тротуарный метр
бордюр и поребрик;;бордюр тротуарный шарнирный;19;бордюр тротуарный шарнирный
бордюр и поребрик;;бордюр тротуарный оцинкованный;19;бордюр тротуарный оцинкованный
бордюр и поребрик;;бордюр тротуарный строительный двор;19;бордюр тротуарный строительный двор
бордюр и поребрик;;бордюр садовый 20;19;бордюр садовый 20
бордюр и поребрик;;высота тротуарного бордюра;18;высота тротуарного бордюра
бордюр и поребрик;;бордюр садовый 10 см;18;бордюр садовый 10 см
бордюр и поребрик;;бордюр садовый 10 см высота;18;бордюр садовый 10 см высота
бордюр и поребрик;;садовый бордюр 1000х200х80;18;садовый бордюр 1000х200х80
бордюр и поребрик;;бордюр садовый фото;18;бордюр садовый фото
бордюр и поребрик;;гранитный бордюр гп 4;17;гранитный бордюр гп 4
бордюр и поребрик;;бордюр дорожный бетон;17;бордюр дорожный бетон
бордюр и поребрик;;бордюр тротуарный работа;17;бордюр тротуарный работа
бордюр и поребрик;;длина садового бордюра;17;длина садового бордюра
бордюр и поребрик;;бордюр тротуарный полимерпесчаный;16;бордюр тротуарный полимерпесчаный
бордюр и поребрик;;бордюр 8 садовый;16;бордюр 8 садовый
бордюр и поребрик;;бордюр садовый геопластборд 1000x78 мм;16;бордюр садовый геопластборд 1000x78 мм
бордюр и поребрик;;бордюр садовый леруа;16;бордюр садовый леруа
бордюр и поребрик;;бортовой камень бр 300.60 20;16;бортовой камень бр 300.60 20
бордюр и поребрик;;тротуарный бордюр для дачи;15;тротуарный бордюр для дачи
бордюр и поребрик;;форма для тротуарного бордюра;15;форма для тротуарного бордюра
бордюр и поребрик;;бордюрчики из цементного раствора для дачи;15;бордюрчики из цементного раствора для дачи
бордюр и поребрик;;бордюры дорожные и тротуарные;14;бордюры дорожные и тротуарные
бордюр и поребрик;;дорожные бордюры бр;14;дорожные бордюры бр
бордюр и поребрик;;бордюры тротуарные производство;14;бордюры тротуарные производство
бордюр и поребрик;;бордюр тротуарный 1000 200 80;14;бордюр тротуарный 1000 200 80
бордюр и поребрик;;садовый бордюр канта 10;14;садовый бордюр канта 10
бордюр и поребрик;;садовый бордюр про;14;садовый бордюр про
бордюр и поребрик;;бордюр садовый 15;14;бордюр садовый 15
бордюр и поребрик;;бортовой камень бр 1;14;бортовой камень бр 1
бордюр и поребрик;;дорожный бордюр 1000;13;дорожный бордюр 1000
бордюр и поребрик;;углы бордюры тротуарные;13;углы бордюры тротуарные
бордюр и поребрик;;бордюр тонкий тротуарный;13;бордюр тонкий тротуарный
бордюр и поребрик;;бордюр тротуарный 500;13;бордюр тротуарный 500
бордюр и поребрик;;бордюр тротуарный метровый;13;бордюр тротуарный метровый
бордюр и поребрик;;бордюр садовый 10 м;13;бордюр садовый 10 м
бордюр и поребрик;;бордюр садовый канта 10 м;13;бордюр садовый канта 10 м
бордюр и поребрик;;бордюр садовый standartpark;13;бордюр садовый standartpark
бордюр и поребрик;;бордюр садовый standartpark канта;13;бордюр садовый standartpark канта
бордюр и поребрик;;садовый бордюр канта черный;13;садовый бордюр канта черный
бордюр и поребрик;;бортовой камень бр 100 20;13;бортовой камень бр 100 20
бордюр и поребрик;;бордюр гранитный 5;12;бордюр гранитный 5
бордюр и поребрик;;гранитный бордюр гп5;12;гранитный бордюр гп5
бордюр и поребрик;;бордюр дорожный 100.30 15;12;бордюр дорожный 100.30 15
бордюр и поребрик;;захват для дорожных бордюров;12;захват для дорожных бордюров
бордюр и поребрик;;бордюр тротуарный 1000х300х80;12;бордюр тротуарный 1000х300х80
бордюр и поребрик;;бордюр тротуарный 100;12;бордюр тротуарный 100
бордюр и поребрик;;бордюр садовый для дачи;12;бордюр садовый для дачи
бордюр и поребрик;;бордюр садовый пластиковый для дачи;12;бордюр садовый пластиковый для дачи
бордюр и поребрик;;садовый бордюр kanta;12;садовый бордюр kanta
бордюр и поребрик;;гранитный бордюр гп 5;11;гранитный бордюр гп 5
бордюр и поребрик;;тротуарный бордюр бетон;11;тротуарный бордюр бетон
бордюр и поребрик;;положить тротуарный бордюр;11;положить тротуарный бордюр
бордюр и поребрик;;бордюр садовый пластиковый стафф;11;бордюр садовый пластиковый стафф
бордюр и поребрик;;бордюр садовый стафф;11;бордюр садовый стафф
бордюр и поребрик;;бордюр садовый бетонный фото;11;бордюр садовый бетонный фото
бордюр и поребрик;;бордюр дорожный камень;10;бордюр дорожный камень
бордюр и поребрик;;бордюр дорожный 150;10;бордюр дорожный 150
бордюр и поребрик;;бордюр дорожный 300;10;бордюр дорожный 300
бордюр и поребрик;;бордюр дорожный 3 метра;10;бордюр дорожный 3 метра
бордюр и поребрик;;бордюр тротуарный 50;10;бордюр тротуарный 50
бордюр и поребрик;;форма для садового бордюра;10;форма для садового бордюра
бордюр и поребрик;;бордюр садовый 15 см;10;бордюр садовый 15 см
бордюр и поребрик;;бордюр садовый для грядок;10;бордюр садовый для грядок
бордюр и поребрик;;бордюр садовый пластиковый манго;10;бордюр садовый пластиковый манго
бордюр и поребрик;;садовый бордюр манго;10;садовый бордюр манго
бордюр и поребрик;;бордюр садовый 35;10;бордюр садовый 35
бордюр и поребрик;;бордюр садовый 1000;10;бордюр садовый 1000
бордюр и поребрик;;бордюр садовый 20 см;10;бордюр садовый 20 см
бордюр и поребрик;;бордюр садовый пластиковый черный;10;бордюр садовый пластиковый черный
бордюр и поребрик;;камень бортовой дорожный бр;10;камень бортовой дорожный бр
бордюр и поребрик;;бордюр дорожный нижний новгород;9;бордюр дорожный нижний новгород
бордюр и поребрик;;дорожный бордюр бр 15;9;дорожный бордюр бр 15
бордюр и поребрик;;бордюр тротуарный 1000х200х50;9;бордюр тротуарный 1000х200х50
бордюр и поребрик;;бордюр тротуарный стальной;9;бордюр тротуарный стальной
бордюр и поребрик;;тротуарный бордюр 8;9;тротуарный бордюр 8
бордюр и поребрик;;авито бордюр тротуарный;9;авито бордюр тротуарный
бордюр и поребрик;;бордюр тротуарный цвета;9;бордюр тротуарный цвета
бордюр и поребрик;;бордюр тротуарный сургут;9;бордюр тротуарный сургут
бордюр и поребрик;;standartpark бордюр садовый канта kanta;9;standartpark бордюр садовый канта kanta
бордюр и поребрик;;бордюр садовый standartpark kanta;9;бордюр садовый standartpark kanta
бордюр и поребрик;;бордюр садовый канта kanta;9;бордюр садовый канта kanta
бордюр и поребрик;;бордюр садовый стандартпарк;9;бордюр садовый стандартпарк
бордюр и поребрик;;бордюр садовый стандартпарк канта;9;бордюр садовый стандартпарк канта
бордюр и поребрик;;бордюр садовый леруа мерлен;9;бордюр садовый леруа мерлен
бордюр и поребрик;;мерлен бордюр садовый;9;мерлен бордюр садовый
бордюр и поребрик;;бордюр гранитный тротуарный;8;бордюр гранитный тротуарный
бордюр и поребрик;;бордюр дорожный 1000х300х180;8;бордюр дорожный 1000х300х180
бордюр и поребрик;;работа бордюр дорожный;8;работа бордюр дорожный
бордюр и поребрик;;бордюр тротуарный масса;8;бордюр тротуарный масса
бордюр и поребрик;;бордюр тротуарный 1 метр;8;бордюр тротуарный 1 метр
бордюр и поребрик;;раствор для бордюра тротуарного;8;раствор для бордюра тротуарного
бордюр и поребрик;;бордюр тротуарный бр;8;бордюр тротуарный бр
бордюр и поребрик;;бордюры тротуарные бу;8;бордюры тротуарные бу
бордюр и поребрик;;бордюр садовый бетонный тонкий;8;бордюр садовый бетонный тонкий
бордюр и поребрик;;бордюр садовый тонкий;8;бордюр садовый тонкий
бордюр и поребрик;;бордюр садовый канта 10 см;8;бордюр садовый канта 10 см
бордюр и поребрик;;садовый бордюр длиной 10 м;8;садовый бордюр длиной 10 м
бордюр и поребрик;;садовые дорожки без бордюра;8;садовые дорожки без бордюра
бордюр и поребрик;;бордюр садовый выбрать;8;бордюр садовый выбрать
бордюр и поребрик;;садовый пластиковый бордюр геопластборд стафф;8;садовый пластиковый бордюр геопластборд стафф
бордюр и поребрик;;садовый бордюр пластиковый для грядок;8;садовый бордюр пластиковый для грядок
бордюр и поребрик;;бордюр садовый 500;8;бордюр садовый 500
бордюр и поребрик;;алюминиевый бордюр для садовых дорожек;8;алюминиевый бордюр для садовых дорожек
бордюр и поребрик;;алюминиевый садовый бордюр;8;алюминиевый садовый бордюр
бордюр и поребрик;;бордюр на садовом участке;8;бордюр на садовом участке
бордюр и поребрик;;дорожный бортовой камень бр 100.30 15;8;дорожный бортовой камень бр 100.30 15
бордюр и поребрик;;бортовой камень бр 300.45 18;8;бортовой камень бр 300.45 18
бордюр и поребрик;;бетонный бортовой камень бр 100.20 8;8;бетонный бортовой камень бр 100.20 8
бордюр и поребрик;;гранитный бордюр садовый;7;гранитный бордюр садовый
бордюр и поребрик;;длина бордюра дорожного;7;длина бордюра дорожного
бордюр и поребрик;;бордюр дорожный 1000 300 150;7;бордюр дорожный 1000 300 150
бордюр и поребрик;;бордюр дорожный гранит;7;бордюр дорожный гранит
бордюр и поребрик;;бордюр дорожный серый;7;бордюр дорожный серый
бордюр и поребрик;;бордюры дорожные высокие;7;бордюры дорожные высокие
бордюр и поребрик;;бордюр дорожный бр 100.30 15;7;бордюр дорожный бр 100.30 15
бордюр и поребрик;;тротуарный бордюр 40;7;тротуарный бордюр 40
бордюр и поребрик;;бордюр тротуарный 1000х200х80 масса;7;бордюр тротуарный 1000х200х80 масса
бордюр и поребрик;;бордюр тротуарный серый 500х200х50 мм;7;бордюр тротуарный серый 500х200х50 мм
бордюр и поребрик;;бордюр тротуарный и садовый;7;бордюр тротуарный и садовый
бордюр и поребрик;;бордюр тротуарный полукруглый;7;бордюр тротуарный полукруглый
бордюр и поребрик;;бордюры тротуарные высокие;7;бордюры тротуарные высокие
бордюр и поребрик;;бордюр тротуарный 1000х200х80 серый;7;бордюр тротуарный 1000х200х80 серый
бордюр и поребрик;;бордюр тротуарный 100.20 8;7;бордюр тротуарный 100.20 8
бордюр и поребрик;;бордюр садовый 1000 210 35;7;бордюр садовый 1000 210 35
бордюр и поребрик;;бордюр садовый растения;7;бордюр садовый растения
бордюр и поребрик;;садовое ограждение бордюр;7;садовое ограждение бордюр
бордюр и поребрик;;бордюр садовый 45 мм;7;бордюр садовый 45 мм
бордюр и поребрик;;бордюр садовый пластиковый высотой 45 мм;7;бордюр садовый пластиковый высотой 45 мм
бордюр и поребрик;;бордюр садовый 1 м;7;бордюр садовый 1 м
бордюр и поребрик;;бордюр садовый стандартпарк канта standartpark;7;бордюр садовый стандартпарк канта standartpark
бордюр и поребрик;;бордюр садовый стандартпарк канта standartpark kanta;7;бордюр садовый стандартпарк канта standartpark kanta
бордюр и поребрик;;бордюр садовый лемана;7;бордюр садовый лемана
бордюр и поребрик;;лемана про бордюр садовый;7;лемана про бордюр садовый
бордюр и поребрик;;бордюр садовый канта про;7;бордюр садовый канта про
бордюр и поребрик;;бордюр садовый 20 метров;7;бордюр садовый 20 метров
бордюр и поребрик;;бордюр садовый пластиковый 10 см;7;бордюр садовый пластиковый 10 см
бордюр и поребрик;;бордюр садовый 20 м;7;бордюр садовый 20 м
бордюр и поребрик;;пластиковые бордюры для садовых клумб и грядок;7;пластиковые бордюры для садовых клумб и грядок
бордюр и поребрик;;бортовой бетонный камень бр 100.30 15;7;бортовой бетонный камень бр 100.30 15
бордюр и поребрик;;бортовой камень бр 100 30;7;бортовой камень бр 100 30
бордюр и поребрик;;бортовой камень бр 100 30 15;7;бортовой камень бр 100 30 15
бордюр и поребрик;;держатель дорожных бордюров;6;держатель дорожных бордюров
бордюр и поребрик;;форма для дорожного бордюра;6;форма для дорожного бордюра
бордюр и поребрик;;длина бордюра тротуарного;6;длина бордюра тротуарного
бордюр и поребрик;;выложить тротуарный бордюр;6;выложить тротуарный бордюр
бордюр и поребрик;;бордюр тротуарный для садовых дорожек пластиковый;6;бордюр тротуарный для садовых дорожек пластиковый
бордюр и поребрик;;пластиковый бордюр для тротуарной дорожки;6;пластиковый бордюр для тротуарной дорожки
бордюр и поребрик;;бордюр тротуарный графит;6;бордюр тротуарный графит
бордюр и поребрик;;бордюр тротуарный цвет графит;6;бордюр тротуарный цвет графит
бордюр и поребрик;;гибкий тротуарный бордюр;6;гибкий тротуарный бордюр
бордюр и поребрик;;разрез бордюра тротуарного под углом;6;разрез бордюра тротуарного под углом
бордюр и поребрик;;бордюры тротуарные камень;6;бордюры тротуарные камень
бордюр и поребрик;;дорожка садовая бордюры из шифера;6;дорожка садовая бордюры из шифера
бордюр и поребрик;;бордюр садовый полимерпесчаный;6;бордюр садовый полимерпесчаный
бордюр и поребрик;;бордюр садовый оформление;6;бордюр садовый оформление
бордюр и поребрик;;оформление бордюра садовой дорожки;6;оформление бордюра садовой дорожки
бордюр и поребрик;;бордюр садовый 50 см;6;бордюр садовый 50 см
бордюр и поребрик;;бордюр садовый круглый;6;бордюр садовый круглый
бордюр и поребрик;;бордюры садовые пластиковые для дорожек и клумб;6;бордюры садовые пластиковые для дорожек и клумб
бордюр и поребрик;;гибкий садовый бордюр;6;гибкий садовый бордюр
бордюр и поребрик;;бордюр садовый длиной 1 м;6;бордюр садовый длиной 1 м
бордюр и поребрик;;бордюр садовый канта kanta длина 10 м;6;бордюр садовый канта kanta длина 10 м
бордюр и поребрик;;бордюр садовый коричневый;6;бордюр садовый коричневый
бордюр и поребрик;;бортовой камень бр 300;6;бортовой камень бр 300
бордюр и поребрик;;радиусный гранитный бордюр;5;радиусный гранитный бордюр
бордюр и поребрик;;резка гранитных и бетонных бордюров;5;резка гранитных и бетонных бордюров
бордюр и поребрик;;бордюр дорожный бу;5;бордюр дорожный бу
бордюр и поребрик;;бордюры дорожные бетонные нижний новгород;5;бордюры дорожные бетонные нижний новгород
бордюр и поребрик;;бордюр дорожный черный;5;бордюр дорожный черный
бордюр и поребрик;;бордюр дорожный треугольный;5;бордюр дорожный треугольный
бордюр и поребрик;;бордюры дорожные авито;5;бордюры дорожные авито
бордюр и поребрик;;бордюр дорожный у асфальта;5;бордюр дорожный у асфальта
бордюр и поребрик;;бордюр тротуарный 1000х200х80 мм;5;бордюр тротуарный 1000х200х80 мм
бордюр и поребрик;;бордюр тротуарный серый 1000х200х80 мм;5;бордюр тротуарный серый 1000х200х80 мм
бордюр и поребрик;;бордюр тротуарный 300;5;бордюр тротуарный 300
бордюр и поребрик;;бордюр тротуарный поревит;5;бордюр тротуарный поревит
бордюр и поребрик;;бордюр тротуарный гранит;5;бордюр тротуарный гранит
бордюр и поребрик;;бордюр тротуарный 1м;5;бордюр тротуарный 1м
бордюр и поребрик;;бордюр садовый пластиковый леруа;5;бордюр садовый пластиковый леруа
бордюр и поребрик;;бордюр садовый манго 55 мм;5;бордюр садовый манго 55 мм
бордюр и поребрик;;бордюр садовый пластиковый манго 55 мм;5;бордюр садовый пластиковый манго 55 мм
бордюр и поребрик;;бордюр садовый 500 210;5;бордюр садовый 500 210
бордюр и поребрик;;бордюр волна черный садовый;5;бордюр волна черный садовый
бордюр и поребрик;;бордюр садовый волна;5;бордюр садовый волна
бордюр и поребрик;;бордюр садовый каменный;5;бордюр садовый каменный
бордюр и поребрик;;бордюр садовый пластиковый 20 см;5;бордюр садовый пластиковый 20 см
бордюр и поребрик;;бордюр садовый пластиковый для клумб 20 см;5;бордюр садовый пластиковый для клумб 20 см
бордюр и поребрик;;бордюр садовый advaplast;5;бордюр садовый advaplast
бордюр и поребрик;;бордюр садовый из кирпича;5;бордюр садовый из кирпича
бордюр и поребрик;;бордюр садовый пластиковый advaplast;5;бордюр садовый пластиковый advaplast
бордюр и поребрик;;крепление садового бордюра;5;крепление садового бордюра
бордюр и поребрик;;садовый бордюр advaplast 45 мм;5;садовый бордюр advaplast 45 мм
бордюр и поребрик;;бортовой камень бр 80;5;бортовой камень бр 80
бордюр и поребрик;;бордюр дорожный гранитный 1000х300х150;4;бордюр дорожный гранитный 1000х300х150
бордюр и поребрик;;бордюр гранитный гп 5 москва;4;бордюр гранитный гп 5 москва
бордюр и поребрик;;гранитный бордюр москва;4;гранитный бордюр москва
бордюр и поребрик;;металлический бордюр дорожный;4;металлический бордюр дорожный
бордюр и поребрик;;бордюр садовый 15 см высотой;4;бордюр садовый 15 см высотой
бордюр и поребрик;;бордюр садовый 3 м;4;бордюр садовый 3 м
бордюр и поребрик;;бордюр садовый канта 15 см;4;бордюр садовый канта 15 см
бордюр и поребрик;;бордюр садовый канта про 15;4;бордюр садовый канта про 15
бордюр и поребрик;;бордюр садовый канта про 15 см;4;бордюр садовый канта про 15 см
бордюр и поребрик;;садовый бордюр канта высота 15;4;садовый бордюр канта высота 15
бордюр и поребрик;;бордюр садовый пластик;4;бордюр садовый пластик
бордюр и поребрик;;бордюр садовый 20 см высота;4;бордюр садовый 20 см высота
бордюр и поребрик;;бордюр садовый канта 20;4;бордюр садовый канта 20
бордюр и поребрик;;бордюр садовый канта 20 м;4;бордюр садовый канта 20 м
бордюр и поребрик;;бордюр садовый канта 20 м черный;4;бордюр садовый канта 20 м черный
бордюр и поребрик;;бордюры садовые бетонные в леруа;4;бордюры садовые бетонные в леруа
бордюр и поребрик;;бордюры садовые бетонные в леруа мерлен;4;бордюры садовые бетонные в леруа мерлен
бордюр и поребрик;;садовый бордюр aquadrenag 8411b 1000x11 см черный;4;садовый бордюр aquadrenag 8411b 1000x11 см черный
бордюр и поребрик;;бордюр садовый kanta pro;4;бордюр садовый kanta pro
бордюр и поребрик;;бордюр садовый 10 метров;4;бордюр садовый 10 метров
бордюр и поребрик;;бордюр садовый усиленный;4;бордюр садовый усиленный
бордюр и поребрик;;бордюр садовый металлический для дорожек;4;бордюр садовый металлический для дорожек
бордюр и поребрик;;бордюр садовый высота 30;4;бордюр садовый высота 30
бордюр и поребрик;;садовая лента бордюр;4;садовая лента бордюр
бордюр и поребрик;;бордюр садовый пластиковый фото;4;бордюр садовый пластиковый фото
бордюр и поребрик;;между собой садовый бордюр;4;между собой садовый бордюр
бордюр и поребрик;;угол садового бордюра;4;угол садового бордюра
бордюр и поребрик;;камень бортовой типа бр;4;камень бортовой типа бр
бордюр и поребрик;;гранитный бордюр гп4;3;гранитный бордюр гп4
бордюр и поребрик;;бордюр гранитный гп 3;3;бордюр гранитный гп 3
бордюр и поребрик;;производство дорожных бордюров;3;производство дорожных бордюров
бордюр и поребрик;;бордюр садовый производитель;3;бордюр садовый производитель
бордюр и поребрик;;бордюр пвх садовый;3;бордюр пвх садовый
бордюр и поребрик;;бортовой камень бордюр бр 100.30 15;3;бортовой камень бордюр бр 100.30 15
бордюр и поребрик;;бордюр бетонный бр 100.30 15;3;бордюр бетонный бр 100.30 15
бордюр и поребрик;;бордюр гранитный серый;2;бордюр гранитный серый
бордюр и поребрик;;дорожные бордюры новомосковск;2;дорожные бордюры новомосковск
бордюр и поребрик;;дорожный бордюр длиной 1000 мм;2;дорожный бордюр длиной 1000 мм
бордюр и поребрик;;дорожный бордюр угол;2;дорожный бордюр угол
бордюр и поребрик;;правила дорожного движения бордюр;2;правила дорожного движения бордюр
бордюр и поребрик;;захват клещи для дорожных бордюров;2;захват клещи для дорожных бордюров
бордюр и поребрик;;клещи для дорожного бордюра;2;клещи для дорожного бордюра
бордюр и поребрик;;высота дорожного бордюра;2;высота дорожного бордюра
бордюр и поребрик;;разметка дорожного бордюра;2;разметка дорожного бордюра
бордюр и поребрик;;бордюр дорожный бр 100.30 15 серый;2;бордюр дорожный бр 100.30 15 серый
бордюр и поребрик;;бордюр дорожный серый 1000х300х150;2;бордюр дорожный серый 1000х300х150
бордюр и поребрик;;прямоугольный дорожный бордюр;2;прямоугольный дорожный бордюр
бордюр и поребрик;;бордюры дорожные москва;2;бордюры дорожные москва
бордюр и поребрик;;краска для дорожных бордюров;2;краска для дорожных бордюров
бордюр и поребрик;;черная краска для дорожных бордюров;2;черная краска для дорожных бордюров
бордюр и поребрик;;бордюр дорожный фото;2;бордюр дорожный фото
бордюр и поребрик;;резка бордюра дорожного;2;резка бордюра дорожного
бордюр и поребрик;;завод дорожных бордюров;2;завод дорожных бордюров
бордюр и поребрик;;бордюр дорожный 500х300х150;2;бордюр дорожный 500х300х150
бордюр и поребрик;;камень бортовой бр 300.30 15;2;камень бортовой бр 300.30 15
бордюр и поребрик;;бортовой камень бр 100.20 80;2;бортовой камень бр 100.20 80
бордюр и поребрик;;бортовой камень бр 100.30 15 серый;2;бортовой камень бр 100.30 15 серый
бордюр и поребрик;;бортовой камень бр 100.60;2;бортовой камень бр 100.60
бордюр и поребрик;;бортовой камень бр 100.60 20;2;бортовой камень бр 100.60 20
бордюр и поребрик;;камень бортовой бр 100.20 8 серый;2;камень бортовой бр 100.20 8 серый
бордюр и поребрик;;бортовой камень тротуарный бр;2;бортовой камень тротуарный бр
бордюр и поребрик;;тротуарный бортовой камень бр 100.20 8;2;тротуарный бортовой камень бр 100.20 8
бордюр и поребрик;;бортовой камень бр 60.20 8;2;бортовой камень бр 60.20 8
бордюр и поребрик;;гранитный бордюр гп 2;1;гранитный бордюр гп 2
бордюр и поребрик;;бордюры из гранитного камня;1;бордюры из гранитного камня
бордюр и поребрик;;гранитный бордюр мансуровский;1;гранитный бордюр мансуровский
бордюр и поребрик;;захват для гранитного бордюра;1;захват для гранитного бордюра
бордюр и поребрик;;бордюр дорожный 1 метр;1;бордюр дорожный 1 метр
бордюр и поребрик;;бордюр дорожный скошенный;1;бордюр дорожный скошенный
бордюр и поребрик;;дорожный бордюр на въезде;1;дорожный бордюр на въезде
бордюр и поребрик;;бордюр дорожный радиусный;1;бордюр дорожный радиусный
бордюр и поребрик;;бордюр дорожный усиленный;1;бордюр дорожный усиленный
бордюр и поребрик;;бордюр дорожный 1000х200х80;1;бордюр дорожный 1000х200х80
бордюр и поребрик;;бордюр дорожный 200;1;бордюр дорожный 200
бордюр и поребрик;;бордюр дорожный бр 100 30 15;1;бордюр дорожный бр 100 30 15
бордюр и поребрик;;бордюр дорожный в поддон;1;бордюр дорожный в поддон
бордюр и поребрик;;бордюр дорожный коричневый;1;бордюр дорожный коричневый
бордюр и поребрик;;бордюр дорожный на карте;1;бордюр дорожный на карте
бордюр и поребрик;;дорожный бордюр 100 30 15;1;дорожный бордюр 100 30 15
бордюр и поребрик;;масса дорожного бордюра;1;масса дорожного бордюра
бордюр и поребрик;;щипцы для бордюра дорожного;1;щипцы для бордюра дорожного
бордюр и поребрик;;лемана про бордюр дорожный;1;лемана про бордюр дорожный
бордюр и поребрик;;строительный дорожный бордюр;1;строительный дорожный бордюр
бордюр и поребрик;;бетонный поребрик для дорожек;1;бетонный поребрик для дорожек
бордюр и поребрик;;поребрик садовый бетонный;1;поребрик садовый бетонный
бордюр и поребрик;;бортовой камень бр 100.20 08;1;бортовой камень бр 100.20 08
бордюр и поребрик;;бортовой камень бр 100.45 18;1;бортовой камень бр 100.45 18
бордюр и поребрик;;бортовой камень бр 100.20 10;1;бортовой камень бр 100.20 10
бордюр и поребрик;выбор;бордюр тротуарный какой;47;бордюр тротуарный какой
бордюр и поребрик;выбор;какие бывают тротуарные бордюры;19;какие бывают тротуарные бордюры
бордюр и поребрик;выбор;какой садовый бордюр лучше;13;какой садовый бордюр лучше
бордюр и поребрик;выбор;самый тонкий тротуарный бордюр какой бывает;10;самый тонкий тротуарный бордюр какой бывает
бордюр и поребрик;выбор;какой садовый бордюр выбрать;8;какой садовый бордюр выбрать
бордюр и поребрик;выбор;какой садовый бордюр лучше выбрать;8;какой садовый бордюр лучше выбрать
бордюр и поребрик;выбор;какие бывают бордюры для садовых дорожек;7;какие бывают бордюры для садовых дорожек
бордюр и поребрик;выбор;какие бывают садовые бордюры;7;какие бывают садовые бордюры
бордюр и поребрик;выбор;какой бордюр лучше для садовой дорожки;5;какой бордюр лучше для садовой дорожки
бордюр и поребрик;выбор;какая высота дорожного бордюра;2;какая высота дорожного бордюра
бордюр и поребрик;выбор;какие бывают дорожные бордюры;1;какие бывают дорожные бордюры
бордюр и поребрик;выбор|характеристики;какой размер тротуарного бордюра;8;какой размер тротуарного бордюра
бордюр и поребрик;выбор|характеристики;бордюр тротуарный какие бывают размеры;6;бордюр тротуарный какие бывают размеры
бордюр и поребрик;гео;бордюр тротуарный екатеринбург;362;бордюр тротуарный екатеринбург
бордюр и поребрик;гео;гранитный бордюр екатеринбург;55;гранитный бордюр екатеринбург
бордюр и поребрик;гео;бордюр тротуарный 1000х200х80 в екатеринбурге;24;бордюр тротуарный 1000х200х80 в екатеринбурге
бордюр и поребрик;гео;бордюр тротуарный арамиль;16;бордюр тротуарный арамиль
бордюр и поребрик;гео;бордюр садовый бетонный екатеринбург;12;бордюр садовый бетонный екатеринбург
бордюр и поребрик;гео;бордюр черный тротуарный невьянск;8;бордюр черный тротуарный невьянск
бордюр и поребрик;гео;бордюр тротуарный в каменске уральском;8;бордюр тротуарный в каменске уральском
бордюр и поребрик;гео;бордюр дорожный из архитектурного бетона екатеринбург;7;бордюр дорожный из архитектурного бетона екатеринбург
бордюр и поребрик;гео;гранитный бордюр садовый екатеринбург;5;гранитный бордюр садовый екатеринбург
бордюр и поребрик;гео|расчёт;сколько стоит тротуарный бордюр в нижнем тагиле;6;сколько стоит тротуарный бордюр в нижнем тагиле
бордюр и поребрик;как сделать;установка бордюра;421;установка бордюра
бордюр и поребрик;как сделать;установка бордюров;421;установка бордюров
бордюр и поребрик;как сделать;установка тротуарного бордюра;115;установка тротуарного бордюра
бордюр и поребрик;как сделать;укладка тротуарного бордюра;92;укладка тротуарного бордюра
бордюр и поребрик;как сделать;тротуарный бордюр своими руками;82;тротуарный бордюр своими руками
бордюр и поребрик;как сделать;установка бордюров плитки;80;установка бордюров плитки
бордюр и поребрик;как сделать;как установить тротуарный бордюр;76;как установить тротуарный бордюр
бордюр и поребрик;как сделать;установка бордюров своими руками;48;установка бордюров своими руками
бордюр и поребрик;как сделать;бордюр садовый своими руками;36;бордюр садовый своими руками
бордюр и поребрик;как сделать;установка бордюра метр;34;установка бордюра метр
бордюр и поребрик;как сделать;как установить садовый бордюр;33;как установить садовый бордюр
бордюр и поребрик;как сделать;установка бордюров работ;32;установка бордюров работ
бордюр и поребрик;как сделать;установка тротуарного бордюра своими руками;29;установка тротуарного бордюра своими руками
бордюр и поребрик;как сделать;установка бордюра своими руками для плитка;29;установка бордюра своими руками для плитка
бордюр и поребрик;как сделать;как установить тротуарный бордюр своими руками;22;как установить тротуарный бордюр своими руками
бордюр и поребрик;как сделать;установка акрилового бордюра;21;установка акрилового бордюра
бордюр и поребрик;как сделать;установка дорожного бордюра;20;установка дорожного бордюра
бордюр и поребрик;как сделать;как правильно установить тротуарный бордюр;18;как правильно установить тротуарный бордюр
бордюр и поребрик;как сделать;установка пластикового бордюра;18;установка пластикового бордюра
бордюр и поребрик;как сделать;установка садового бордюра;17;установка садового бордюра
бордюр и поребрик;как сделать;как сделать тротуарный бордюр;16;как сделать тротуарный бордюр
бордюр и поребрик;как сделать;бордюр погонный установка;15;бордюр погонный установка
бордюр и поребрик;как сделать;установка бордюра погонный метр;15;установка бордюра погонный метр
бордюр и поребрик;как сделать;как правильно устанавливать садовый бордюр;14;как правильно устанавливать садовый бордюр
бордюр и поребрик;как сделать;укладка тротуарного бордюра своими руками;13;укладка тротуарного бордюра своими руками
бордюр и поребрик;как сделать;бордюр тротуарный технология;13;бордюр тротуарный технология
бордюр и поребрик;как сделать;технология укладки бордюра тротуарного;12;технология укладки бордюра тротуарного
бордюр и поребрик;как сделать;монтаж садового бордюра;12;монтаж садового бордюра
бордюр и поребрик;как сделать;как уложить тротуарный бордюр;11;как уложить тротуарный бордюр
бордюр и поребрик;как сделать;бордюр садовый своими руками для клумбы;11;бордюр садовый своими руками для клумбы
бордюр и поребрик;как сделать;установка бордюра на участке;9;установка бордюра на участке
бордюр и поребрик;как сделать;установка бордюра на ванну;9;установка бордюра на ванну
бордюр и поребрик;как сделать;как устанавливать дорожный бордюр;8;как устанавливать дорожный бордюр
бордюр и поребрик;как сделать;как поставить тротуарный бордюр;8;как поставить тротуарный бордюр
бордюр и поребрик;как сделать;как крепить садовый бордюр;8;как крепить садовый бордюр
бордюр и поребрик;как сделать;как установить садовый бордюр пластиковый;8;как установить садовый бордюр пластиковый
бордюр и поребрик;как сделать;пошаговая инструкция установки бордюра;8;пошаговая инструкция установки бордюра
бордюр и поребрик;как сделать;установка бордюров своими руками пошаговая;8;установка бордюров своими руками пошаговая
бордюр и поребрик;как сделать;установка бордюров своими руками пошаговая инструкция;8;установка бордюров своими руками пошаговая инструкция
бордюр и поребрик;как сделать;укладка дорожного бордюра;7;укладка дорожного бордюра
бордюр и поребрик;как сделать;как называется бордюр дорожный;7;как называется бордюр дорожный
бордюр и поребрик;как сделать;бордюр садовый пластиковый как правильно установить;7;бордюр садовый пластиковый как правильно установить
бордюр и поребрик;как сделать;установка бордюра поребрика;7;установка бордюра поребрика
бордюр и поребрик;как сделать;раствор для установки бордюров;7;раствор для установки бордюров
бордюр и поребрик;как сделать;установка бордюра в ванной;7;установка бордюра в ванной
бордюр и поребрик;как сделать;технология установки бордюра;7;технология установки бордюра
бордюр и поребрик;как сделать;расценки укладки тротуарных бордюров;6;расценки укладки тротуарных бордюров
бордюр и поребрик;как сделать;садовый бордюр своими руками фото;6;садовый бордюр своими руками фото
бордюр и поребрик;как сделать;как устанавливается садовый бордюр;6;как устанавливается садовый бордюр
бордюр и поребрик;как сделать;установка керамического бордюра;6;установка керамического бордюра
бордюр и поребрик;как сделать;якорь для пластикового бордюра установка;6;якорь для пластикового бордюра установка
бордюр и поребрик;как сделать;способы установки бордюров;6;способы установки бордюров
бордюр и поребрик;как сделать;установка бетонных бордюров;6;установка бетонных бордюров
бордюр и поребрик;как сделать;монтаж дорожных бордюров;5;монтаж дорожных бордюров
бордюр и поребрик;как сделать;как ложат тротуарные бордюры;5;как ложат тротуарные бордюры
бордюр и поребрик;как сделать;бетон для установки бордюров;5;бетон для установки бордюров
бордюр и поребрик;как сделать;установка керамического бордюра ванной;5;установка керамического бордюра ванной
бордюр и поребрик;как сделать;смесь для установки бордюров;5;смесь для установки бордюров
бордюр и поребрик;как сделать;установка гранитного бордюра;4;установка гранитного бордюра
бордюр и поребрик;как сделать;как положить бордюры дорожные;4;как положить бордюры дорожные
бордюр и поребрик;как сделать;как правильно установить дорожный бордюр;4;как правильно установить дорожный бордюр
бордюр и поребрик;как сделать;как соединить садовый бордюр;4;как соединить садовый бордюр
бордюр и поребрик;как сделать;бордюр для садовой дорожки своими руками;4;бордюр для садовой дорожки своими руками
бордюр и поребрик;как сделать;бордюр резиновый установка;4;бордюр резиновый установка
бордюр и поребрик;как сделать;установка мягкого бордюра;4;установка мягкого бордюра
бордюр и поребрик;как сделать;установка бордюра на ванну своими руками;4;установка бордюра на ванну своими руками
бордюр и поребрик;как сделать;установка керамического бордюра на ванну;4;установка керамического бордюра на ванну
бордюр и поребрик;как сделать;установка керамического бордюра на ванну своими руками;4;установка керамического бордюра на ванну своими руками
бордюр и поребрик;как сделать;укладка гранитных бордюров;3;укладка гранитных бордюров
бордюр и поребрик;как сделать;схема установки бордюра;3;схема установки бордюра
бордюр и поребрик;как сделать;установка бордюра и укладка плитки;3;установка бордюра и укладка плитки
бордюр и поребрик;как сделать;цемент для установки бордюров;3;цемент для установки бордюров
бордюр и поребрик;как сделать;инструмент для установки бордюров;3;инструмент для установки бордюров
бордюр и поребрик;как сделать;установка бордюра канта;3;установка бордюра канта
бордюр и поребрик;как сделать;установка садового бордюра канта;3;установка садового бордюра канта
бордюр и поребрик;как сделать;установка тротуарного бордюра своими руками пошаговая инструкция;3;установка тротуарного бордюра своими руками пошаговая инструкция
бордюр и поребрик;как сделать;установка тротуарных бордюров своими руками пошаговая;3;установка тротуарных бордюров своими руками пошаговая
бордюр и поребрик;как сделать;монтаж гранитного бордюра;2;монтаж гранитного бордюра
бордюр и поребрик;как сделать;как одному поднять дорожный бордюр;2;как одному поднять дорожный бордюр
бордюр и поребрик;как сделать;как смонтировать дорожный бордюр;2;как смонтировать дорожный бордюр
бордюр и поребрик;как сделать;бортовой камень бр установка;2;бортовой камень бр установка
бордюр и поребрик;как сделать;установка акрилового бордюра в ванной;2;установка акрилового бордюра в ванной
бордюр и поребрик;как сделать;установка акрилового бордюра на ванну;2;установка акрилового бордюра на ванну
бордюр и поребрик;как сделать;установка бордюра без бетона;2;установка бордюра без бетона
бордюр и поребрик;как сделать;установка бордюра кантри;2;установка бордюра кантри
бордюр и поребрик;как сделать;установка бордюров видео;2;установка бордюров видео
бордюр и поребрик;как сделать;установка пластикового бордюра на ванну;2;установка пластикового бордюра на ванну
бордюр и поребрик;как сделать;установка стального бордюра;2;установка стального бордюра
бордюр и поребрик;как сделать;смета установку бордюров;2;смета установку бордюров
бордюр и поребрик;как сделать;установка бордюра на цпс;2;установка бордюра на цпс
бордюр и поребрик;как сделать;установка бордюров расценка;2;установка бордюров расценка
бордюр и поребрик;как сделать;установка бордюров расценка в смете;2;установка бордюров расценка в смете
бордюр и поребрик;как сделать;установка садового бордюра своими руками;2;установка садового бордюра своими руками
бордюр и поребрик;как сделать;оборудование для установки бордюров;2;оборудование для установки бордюров
бордюр и поребрик;как сделать;установка бордюра гэсн;2;установка бордюра гэсн
бордюр и поребрик;как сделать;установка бордюров на дорожке;2;установка бордюров на дорожке
бордюр и поребрик;как сделать;установка бордюров сп;2;установка бордюров сп
бордюр и поребрик;как сделать;установка метровых бордюров;2;установка метровых бордюров
бордюр и поребрик;как сделать;устройство гранитного бордюра;1;устройство гранитного бордюра
бордюр и поребрик;как сделать;как укладывать дорожный бордюр;1;как укладывать дорожный бордюр
бордюр и поребрик;как сделать;как ставить дорожную бордюр;1;как ставить дорожную бордюр
бордюр и поребрик;как сделать;установка бордюров на отмостку;1;установка бордюров на отмостку
бордюр и поребрик;как сделать;нормы установки бордюра;1;нормы установки бордюра
бордюр и поребрик;как сделать;раствор для установки бордюров пропорции;1;раствор для установки бордюров пропорции
бордюр и поребрик;как сделать;что нужно для установки бордюров;1;что нужно для установки бордюров
бордюр и поребрик;как сделать;установка бордюров на бетонное основание;1;установка бордюров на бетонное основание
бордюр и поребрик;как сделать;видео установки садового бордюра;1;видео установки садового бордюра
бордюр и поребрик;как сделать;установка бетонного бордюра технология;1;установка бетонного бордюра технология
бордюр и поребрик;как сделать;установка бордюров фото;1;установка бордюров фото
бордюр и поребрик;как сделать;установка бордюров для клумбы;1;установка бордюров для клумбы
бордюр и поребрик;как сделать;узел установки бордюра;1;узел установки бордюра
бордюр и поребрик;как сделать;установка бордюра на плантер;1;установка бордюра на плантер
бордюр и поребрик;как сделать;установка бордюров на кладбище;1;установка бордюров на кладбище
бордюр и поребрик;как сделать;установка бордюров на могилу;1;установка бордюров на могилу
бордюр и поребрик;как сделать;установка пвх бордюра;1;установка пвх бордюра
бордюр и поребрик;как сделать;установка полимерпесчаного бордюра;1;установка полимерпесчаного бордюра
бордюр и поребрик;как сделать;приспособление для установки бордюров;1;приспособление для установки бордюров
бордюр и поребрик;как сделать;пропорции бетона для установки бордюра;1;пропорции бетона для установки бордюра
бордюр и поребрик;как сделать;технология установки тротуарных бордюров;1;технология установки тротуарных бордюров
бордюр и поребрик;как сделать;установка бордюра в ванной своими руками;1;установка бордюра в ванной своими руками
бордюр и поребрик;как сделать|применение;установка бордюра под плитку;1;установка бордюра под плитку
бордюр и поребрик;как сделать|характеристики;установка бордюра гост;2;установка бордюра гост
бордюр и поребрик;коммерческий;купить бордюр тротуарный;667;купить бордюр тротуарный
бордюр и поребрик;коммерческий;бордюр садовый купить;305;бордюр садовый купить
бордюр и поребрик;коммерческий;бордюр тротуарный цена;231;бордюр тротуарный цена
бордюр и поребрик;коммерческий;купить бордюр дорожный;132;купить бордюр дорожный
бордюр и поребрик;коммерческий;купить бордюр для садовой дорожки;73;купить бордюр для садовой дорожки
бордюр и поребрик;коммерческий;бордюр дорожный цена;67;бордюр дорожный цена
бордюр и поребрик;коммерческий;купить бордюр тротуарный 1000х200х80;67;купить бордюр тротуарный 1000х200х80
бордюр и поребрик;коммерческий;бордюр садовый пластиковый купить;66;бордюр садовый пластиковый купить
бордюр и поребрик;коммерческий;купить гранитный бордюр;61;купить гранитный бордюр
бордюр и поребрик;коммерческий;бордюр тротуарный 1000х200х80 цена;60;бордюр тротуарный 1000х200х80 цена
бордюр и поребрик;коммерческий;бордюр тротуарный недорого;59;бордюр тротуарный недорого
бордюр и поребрик;коммерческий;купить тротуарный бордюр недорого;57;купить тротуарный бордюр недорого
бордюр и поребрик;коммерческий;бордюр тротуарный цена за штуку;50;бордюр тротуарный цена за штуку
бордюр и поребрик;коммерческий;бордюр дорожный 1000х300х150 цена;46;бордюр дорожный 1000х300х150 цена
бордюр и поребрик;коммерческий;бордюр садовый цена;40;бордюр садовый цена
бордюр и поребрик;коммерческий;бордюр садовый бетонный купить;38;бордюр садовый бетонный купить
бордюр и поребрик;коммерческий;купить бордюр тротуарный цена;36;купить бордюр тротуарный цена
бордюр и поребрик;коммерческий;пластиковый бордюр для садовых дорожек купить;35;пластиковый бордюр для садовых дорожек купить
бордюр и поребрик;коммерческий;купить бордюр тротуарный в нижнем;33;купить бордюр тротуарный в нижнем
бордюр и поребрик;коммерческий;купить бордюр садовый канта;33;купить бордюр садовый канта
бордюр и поребрик;коммерческий;бордюр дорожный 1000х300х150 купить;32;бордюр дорожный 1000х300х150 купить
бордюр и поребрик;коммерческий;камень бортовой бр 100.20 8 м300;29;камень бортовой бр 100.20 8 м300
бордюр и поребрик;коммерческий;купить бетонные поребрики;27;купить бетонные поребрики
бордюр и поребрик;коммерческий;бордюр садовый купить на озоне;24;бордюр садовый купить на озоне
бордюр и поребрик;коммерческий;бордюр пластиковый тротуарный купить;22;бордюр пластиковый тротуарный купить
бордюр и поребрик;коммерческий;купить бордюр садовый оцинкованный;22;купить бордюр садовый оцинкованный
бордюр и поребрик;коммерческий;бортовой камень бр 100.20 8 м3;22;бортовой камень бр 100.20 8 м3
бордюр и поребрик;коммерческий;садовые бордюры для дорожек цена;21;садовые бордюры для дорожек цена
бордюр и поребрик;коммерческий;бордюр тротуарный для садовых дорожек цена;20;бордюр тротуарный для садовых дорожек цена
бордюр и поребрик;коммерческий;садовый бордюр пластиковый цена;20;садовый бордюр пластиковый цена
бордюр и поребрик;коммерческий;гранитный бордюр цена;19;гранитный бордюр цена
бордюр и поребрик;коммерческий;бордюр тротуарный бетонный цена;18;бордюр тротуарный бетонный цена
бордюр и поребрик;коммерческий;бордюр тротуарный для садовых дорожек бетонный цена;18;бордюр тротуарный для садовых дорожек бетонный цена
бордюр и поребрик;коммерческий;бетонные бордюры для садовых дорожек цена;18;бетонные бордюры для садовых дорожек цена
бордюр и поребрик;коммерческий;бордюры садовые бетонные цена;18;бордюры садовые бетонные цена
бордюр и поребрик;коммерческий;стоимость тротуарного бордюра;17;стоимость тротуарного бордюра
бордюр и поребрик;коммерческий;купить бордюр садовой клумбы;17;купить бордюр садовой клумбы
бордюр и поребрик;коммерческий;бортовой камень бр цена;17;бортовой камень бр цена
бордюр и поребрик;коммерческий;цена бордюра тротуарного 1;16;цена бордюра тротуарного 1
бордюр и поребрик;коммерческий;бордюр тротуарный 500х200х50 купить;16;бордюр тротуарный 500х200х50 купить
бордюр и поребрик;коммерческий;купить садовые бордюры для дорожек и клумб;15;купить садовые бордюры для дорожек и клумб
бордюр и поребрик;коммерческий;купить бортовой камень бр 100.20 8;15;купить бортовой камень бр 100.20 8
бордюр и поребрик;коммерческий;дорожный бордюр цена 1000х300х150 купить;14;дорожный бордюр цена 1000х300х150 купить
бордюр и поребрик;коммерческий;купить бордюр дорожный цена;14;купить бордюр дорожный цена
бордюр и поребрик;коммерческий;бордюр цена за штуку бетонный тротуарный;11;бордюр цена за штуку бетонный тротуарный
бордюр и поребрик;коммерческий;тротуарный бордюр 1000х200х80 цена купить;11;тротуарный бордюр 1000х200х80 цена купить
бордюр и поребрик;коммерческий;бордюр садовый бетонный цена за штуку;11;бордюр садовый бетонный цена за штуку
бордюр и поребрик;коммерческий;купить бордюр дорожный 3 метра;10;купить бордюр дорожный 3 метра
бордюр и поребрик;коммерческий;бордюры бетонные дорожные купить;10;бордюры бетонные дорожные купить
бордюр и поребрик;коммерческий;бордюр тротуарный бетонный купить;10;бордюр тротуарный бетонный купить
бордюр и поребрик;коммерческий;формы для бордюра тротуарного купить;10;формы для бордюра тротуарного купить
бордюр и поребрик;коммерческий;купить бордюр тротуарный метровый;9;купить бордюр тротуарный метровый
бордюр и поребрик;коммерческий;где купить тротуарный бордюр;9;где купить тротуарный бордюр
бордюр и поребрик;коммерческий;купить бортовой камень бр 100.30 15;9;купить бортовой камень бр 100.30 15
бордюр и поребрик;коммерческий;бордюр гранитный дорожный цена;8;бордюр гранитный дорожный цена
бордюр и поребрик;коммерческий;стоимость дорожного бордюра;8;стоимость дорожного бордюра
бордюр и поребрик;коммерческий;бордюр тротуарный цена за штуку купить;8;бордюр тротуарный цена за штуку купить
бордюр и поребрик;коммерческий;купить бордюр тротуарный садовый;8;купить бордюр тротуарный садовый
бордюр и поребрик;коммерческий;алюминиевый бордюр для садовых дорожек купить;8;алюминиевый бордюр для садовых дорожек купить
бордюр и поребрик;коммерческий;бордюр садовый алюминиевый купить;8;бордюр садовый алюминиевый купить
бордюр и поребрик;коммерческий;купить бордюр гп1 гранитный;7;купить бордюр гп1 гранитный
бордюр и поребрик;коммерческий;тротуарный бордюр 1000х200х80 цена за штуку;7;тротуарный бордюр 1000х200х80 цена за штуку
бордюр и поребрик;коммерческий;тротуарный бордюр 1000х200х80 цена сургуте;7;тротуарный бордюр 1000х200х80 цена сургуте
бордюр и поребрик;коммерческий;бордюр тротуарный коричневый купить;7;бордюр тротуарный коричневый купить
бордюр и поребрик;коммерческий;купить садовый бордюр 10 м;7;купить садовый бордюр 10 м
бордюр и поребрик;коммерческий;бордюр дорожный из архитектурного бетона купить;6;бордюр дорожный из архитектурного бетона купить
бордюр и поребрик;коммерческий;бордюр тротуарный дорожный цена;6;бордюр тротуарный дорожный цена
бордюр и поребрик;коммерческий;бордюр шарнирный тротуарный купить;6;бордюр шарнирный тротуарный купить
бордюр и поребрик;коммерческий;бордюр тротуарный полимерпесчаный купить;6;бордюр тротуарный полимерпесчаный купить
бордюр и поребрик;коммерческий;бордюр дорожный бу купить;5;бордюр дорожный бу купить
бордюр и поребрик;коммерческий;бордюр дорожный бетонный 1000х300х150 купить в истре;5;бордюр дорожный бетонный 1000х300х150 купить в истре
бордюр и поребрик;коммерческий;дорожный бордюр купить в истре;5;дорожный бордюр купить в истре
бордюр и поребрик;коммерческий;купить бордюр дорожный 3 метра авито;5;купить бордюр дорожный 3 метра авито
бордюр и поребрик;коммерческий;бордюр бр 100.30 15 купить;5;бордюр бр 100.30 15 купить
бордюр и поребрик;коммерческий;бордюр дорожный гранитный 1000х300х150 цена;4;бордюр дорожный гранитный 1000х300х150 цена
бордюр и поребрик;коммерческий;бордюр гранитный тротуарный купить;4;бордюр гранитный тротуарный купить
бордюр и поребрик;коммерческий;форма для бордюра садовой дорожки купить;4;форма для бордюра садовой дорожки купить
бордюр и поребрик;коммерческий;форма для садового бордюра купить;4;форма для садового бордюра купить
бордюр и поребрик;коммерческий;бордюр гранитный гп 1 купить;3;бордюр гранитный гп 1 купить
бордюр и поребрик;коммерческий;бордюр бр 100.30 15 цена;3;бордюр бр 100.30 15 цена
бордюр и поребрик;коммерческий;купить дорожный бордюр 1000х300х150 в новомосковске;2;купить дорожный бордюр 1000х300х150 в новомосковске
бордюр и поребрик;коммерческий;бордюр дорожный бр 100.30 15 цена;2;бордюр дорожный бр 100.30 15 цена
бордюр и поребрик;коммерческий;бетонный поребрик цена;2;бетонный поребрик цена
бордюр и поребрик;коммерческий;бортовой камень бр 100.20 8 цена;2;бортовой камень бр 100.20 8 цена
бордюр и поребрик;коммерческий;стоимость гранитного бордюра;1;стоимость гранитного бордюра
бордюр и поребрик;коммерческий;захват для дорожных бордюров купить;1;захват для дорожных бордюров купить
бордюр и поребрик;коммерческий;бордюр дорожный с доставкой;1;бордюр дорожный с доставкой
бордюр и поребрик;коммерческий;бордюр дорожный бетонный 1000х300х150 цена;1;бордюр дорожный бетонный 1000х300х150 цена
бордюр и поребрик;коммерческий;бордюры дорожные и тротуарные купить;1;бордюры дорожные и тротуарные купить
бордюр и поребрик;коммерческий;купить садовый бетонный поребрик;1;купить садовый бетонный поребрик
бордюр и поребрик;коммерческий|гео;бордюр тротуарный купить в екатеринбурге;264;бордюр тротуарный купить в екатеринбурге
бордюр и поребрик;коммерческий|гео;бордюр садовый купить в екатеринбурге;66;бордюр садовый купить в екатеринбурге
бордюр и поребрик;коммерческий|гео;купить бордюр тротуарный в екатеринбурге недорого;54;купить бордюр тротуарный в екатеринбурге недорого
бордюр и поребрик;коммерческий|гео;бордюр тротуарный купить в полевском;36;бордюр тротуарный купить в полевском
бордюр и поребрик;коммерческий|гео;бордюр дорожный купить в екатеринбурге;30;бордюр дорожный купить в екатеринбурге
бордюр и поребрик;коммерческий|гео;купить бордюр тротуарный в нижнем тагиле;29;купить бордюр тротуарный в нижнем тагиле
бордюр и поребрик;коммерческий|гео;бордюр гранитный купить в екатеринбурге;24;бордюр гранитный купить в екатеринбурге
бордюр и поребрик;коммерческий|гео;тротуарная бордюр цена екатеринбург;24;тротуарная бордюр цена екатеринбург
бордюр и поребрик;коммерческий|гео;бордюр тротуарный 1000х200х80 купить в екатеринбурге;24;бордюр тротуарный 1000х200х80 купить в екатеринбурге
бордюр и поребрик;коммерческий|гео;бордюр тротуарный 1000х200х80 цена екатеринбург;18;бордюр тротуарный 1000х200х80 цена екатеринбург
бордюр и поребрик;коммерческий|гео;тротуарный бордюр в березовском цена за штуку;15;тротуарный бордюр в березовском цена за штуку
бордюр и поребрик;коммерческий|гео;бетонный бордюр садовый купить в березовском свердловской;15;бетонный бордюр садовый купить в березовском свердловской
бордюр и поребрик;коммерческий|гео;тротуарный бордюр купить в красноуфимске;13;тротуарный бордюр купить в красноуфимске
бордюр и поребрик;коммерческий|гео;бордюры тротуарные пластиковые купить в екатеринбурге;11;бордюры тротуарные пластиковые купить в екатеринбурге
бордюр и поребрик;коммерческий|гео;купить садовый пластиковый бордюр в екатеринбурге;11;купить садовый пластиковый бордюр в екатеринбурге
бордюр и поребрик;коммерческий|гео;бордюр тротуарный для дачи купить в екатеринбурге;10;бордюр тротуарный для дачи купить в екатеринбурге
бордюр и поребрик;коммерческий|гео;бордюр садовый бетонный купить в екатеринбурге;9;бордюр садовый бетонный купить в екатеринбурге
бордюр и поребрик;коммерческий|гео;поребрик бетонный купить екатеринбург;9;поребрик бетонный купить екатеринбург
бордюр и поребрик;коммерческий|гео;купить бу бордюры бетонные забора в среднеуральске;7;купить бу бордюры бетонные забора в среднеуральске
бордюр и поребрик;коммерческий|гео;где купить бэушный дорожный бордюр в екатеринбурге;5;где купить бэушный дорожный бордюр в екатеринбурге
бордюр и поребрик;коммерческий|гео;тротуарный бордюр 1000х200х80 в полевском купить;5;тротуарный бордюр 1000х200х80 в полевском купить
бордюр и поребрик;коммерческий|гео;купить бетонные поребрики в нижнем тагиле;5;купить бетонные поребрики в нижнем тагиле
бордюр и поребрик;коммерческий|как сделать;установка бордюра цена;66;установка бордюра цена
бордюр и поребрик;коммерческий|как сделать;установка бордюров цена за работу;27;установка бордюров цена за работу
бордюр и поребрик;коммерческий|как сделать;установка тротуарного бордюра цена;24;установка тротуарного бордюра цена
бордюр и поребрик;коммерческий|как сделать;установка бордюра цена за метр;24;установка бордюра цена за метр
бордюр и поребрик;коммерческий|как сделать;стоимость установки бордюров;13;стоимость установки бордюров
бордюр и поребрик;коммерческий|как сделать;цена установки бордюра за погонный;10;цена установки бордюра за погонный
бордюр и поребрик;коммерческий|как сделать;цена установки бордюра за погонный метр;10;цена установки бордюра за погонный метр
бордюр и поребрик;коммерческий|как сделать;установка бордюров цена за работу за метр;10;установка бордюров цена за работу за метр
бордюр и поребрик;коммерческий|как сделать;установка тротуарного бордюра цена за работу;9;установка тротуарного бордюра цена за работу
бордюр и поребрик;коммерческий|как сделать;стоимость установки дорожного бордюра;4;стоимость установки дорожного бордюра
бордюр и поребрик;коммерческий|как сделать;стоимость установки тротуарного бордюра;4;стоимость установки тротуарного бордюра
бордюр и поребрик;коммерческий|как сделать;установка дорожного бордюра цена;2;установка дорожного бордюра цена
бордюр и поребрик;коммерческий|как сделать;установка дорожного бордюра цена за работу;2;установка дорожного бордюра цена за работу
бордюр и поребрик;коммерческий|как сделать;укладка дорожного бордюра цена;2;укладка дорожного бордюра цена
бордюр и поребрик;коммерческий|как сделать;стоимость работ по установке бордюра;2;стоимость работ по установке бордюра
бордюр и поребрик;коммерческий|как сделать;монтаж дорожного бордюра цена;1;монтаж дорожного бордюра цена
бордюр и поребрик;коммерческий|как сделать;монтаж дорожного бордюра цена за работу;1;монтаж дорожного бордюра цена за работу
бордюр и поребрик;коммерческий|как сделать;стоимость установки бордюра тротуарного за погонный;1;стоимость установки бордюра тротуарного за погонный
бордюр и поребрик;коммерческий|как сделать;стоимость установки бордюра тротуарного за погонный метр;1;стоимость установки бордюра тротуарного за погонный метр
бордюр и поребрик;коммерческий|расчёт;бордюр тротуарный 1000х200х80 цена вес;7;бордюр тротуарный 1000х200х80 цена вес
бордюр и поребрик;коммерческий|характеристики;тротуарные бордюры размеры и цены;31;тротуарные бордюры размеры и цены
бордюр и поребрик;коммерческий|характеристики;размеры тротуарного бордюра купить;14;размеры тротуарного бордюра купить
бордюр и поребрик;коммерческий|характеристики;бордюры дорожные и тротуарные размеры цена;6;бордюры дорожные и тротуарные размеры цена
бордюр и поребрик;коммерческий|характеристики;дорожные бордюры размеры и цены;6;дорожные бордюры размеры и цены
бордюр и поребрик;применение;применение садового бордюра;8;применение садового бордюра
бордюр и поребрик;расчёт;вес тротуарного бордюра;99;вес тротуарного бордюра
бордюр и поребрик;расчёт;вес бордюра тротуарного 1000х200х80;62;вес бордюра тротуарного 1000х200х80
бордюр и поребрик;расчёт;вес дорожного бордюра;59;вес дорожного бордюра
бордюр и поребрик;расчёт;бордюр тротуарный весит;36;бордюр тротуарный весит
бордюр и поребрик;расчёт;сколько весит тротуарный бордюр;36;сколько весит тротуарный бордюр
бордюр и поребрик;расчёт;сколько стоит бордюр тротуарный;35;сколько стоит бордюр тротуарный
бордюр и поребрик;расчёт;вес 1 бордюра тротуарного;33;вес 1 бордюра тротуарного
бордюр и поребрик;расчёт;гранитный бордюр вес;31;гранитный бордюр вес
бордюр и поребрик;расчёт;вес 1 бордюра тротуарного 1000х200х80;30;вес 1 бордюра тротуарного 1000х200х80
бордюр и поребрик;расчёт;бордюр тротуарный 1000х200х80 вес 1 штуки;19;бордюр тротуарный 1000х200х80 вес 1 штуки
бордюр и поребрик;расчёт;сколько весит дорожный бордюр;18;сколько весит дорожный бордюр
бордюр и поребрик;расчёт;сколько весит гранитный бордюр;16;сколько весит гранитный бордюр
бордюр и поребрик;расчёт;вес бордюра дорожного 1000х300х150;10;вес бордюра дорожного 1000х300х150
бордюр и поребрик;расчёт;бордюр тротуарный 1000х200х80 вес 1 шт;10;бордюр тротуарный 1000х200х80 вес 1 шт
бордюр и поребрик;расчёт;бордюр тротуарный вес 1 шт;10;бордюр тротуарный вес 1 шт
бордюр и поребрик;расчёт;вес гранитного бордюра 1000х300х150;9;вес гранитного бордюра 1000х300х150
бордюр и поребрик;расчёт;вес бордюра дорожного 1000х300х180;8;вес бордюра дорожного 1000х300х180
бордюр и поребрик;расчёт;объем дорожного бордюра;8;объем дорожного бордюра
бордюр и поребрик;расчёт;сколько весит тротуарный бордюр 1000х200х80;8;сколько весит тротуарный бордюр 1000х200х80
бордюр и поребрик;расчёт;вес бордюра тротуарного 500х200х50;8;вес бордюра тротуарного 500х200х50
бордюр и поребрик;расчёт;сколько весит метр гранитного бордюра гп5;7;сколько весит метр гранитного бордюра гп5
бордюр и поребрик;расчёт;гранитный бордюр гп 1 вес;7;гранитный бордюр гп 1 вес
бордюр и поребрик;расчёт;вес дорожного бордюра 1000х30х15;7;вес дорожного бордюра 1000х30х15
бордюр и поребрик;расчёт;сколько стоит бордюр дорожный;7;сколько стоит бордюр дорожный
бордюр и поребрик;расчёт;вес тротуарного бордюра 1000х200х80 масса;7;вес тротуарного бордюра 1000х200х80 масса
бордюр и поребрик;расчёт;вес гранитного дорожного бордюра;5;вес гранитного дорожного бордюра
бордюр и поребрик;расчёт;сколько весит гранитный бордюр дорожный;5;сколько весит гранитный бордюр дорожный
бордюр и поребрик;расчёт;дорожный бордюр сколько вес;5;дорожный бордюр сколько вес
бордюр и поребрик;расчёт;сколько весит бордюр дорожный 1000х300х180 вес;5;сколько весит бордюр дорожный 1000х300х180 вес
бордюр и поребрик;расчёт;сколько весит дорожный бордюр 1000х300х180;5;сколько весит дорожный бордюр 1000х300х180
бордюр и поребрик;расчёт;вес бордюра 1000 тротуарного;5;вес бордюра 1000 тротуарного
бордюр и поребрик;расчёт;вес бордюра тротуарного 1000 80 200;5;вес бордюра тротуарного 1000 80 200
бордюр и поребрик;расчёт;бордюр садовый вес;5;бордюр садовый вес
бордюр и поребрик;расчёт;вес садового бордюра 1000х200х80;5;вес садового бордюра 1000х200х80
бордюр и поребрик;расчёт;объем дорожного бордюра 100.30 15;4;объем дорожного бордюра 100.30 15
бордюр и поребрик;расчёт;сколько садовый бордюр;4;сколько садовый бордюр
бордюр и поребрик;расчёт;сколько стоит гранитный бордюр;2;сколько стоит гранитный бордюр
бордюр и поребрик;расчёт;бортовой камень бр 100.30 18 объем бетона;2;бортовой камень бр 100.30 18 объем бетона
бордюр и поребрик;расчёт;вес гранитного бордюра гп1 1 метра;1;вес гранитного бордюра гп1 1 метра
бордюр и поребрик;расчёт;сколько стоит 1 дорожный бордюр;1;сколько стоит 1 дорожный бордюр
бордюр и поребрик;расчёт;бордюр дорожный 1000х300х150 вес 1 шт;1;бордюр дорожный 1000х300х150 вес 1 шт
бордюр и поребрик;расчёт;бордюр дорожный вес 1 шт;1;бордюр дорожный вес 1 шт
бордюр и поребрик;расчёт;вес 1 дорожного бордюра;1;вес 1 дорожного бордюра
бордюр и поребрик;расчёт;сколько дорожных бордюров в поддоне;1;сколько дорожных бордюров в поддоне
бордюр и поребрик;расчёт;бордюр дорожный 1000х300х150 объем бетона;1;бордюр дорожный 1000х300х150 объем бетона
бордюр и поребрик;расчёт;объем бордюра дорожного 1000х300х150;1;объем бордюра дорожного 1000х300х150
бордюр и поребрик;расчёт;сколько весит бетонный поребрик;1;сколько весит бетонный поребрик
бордюр и поребрик;расчёт;вес бордюра бр 100.30 15;1;вес бордюра бр 100.30 15
бордюр и поребрик;расчёт|выбор;дорожная бордюры какой вес;2;дорожная бордюры какой вес
бордюр и поребрик;расчёт|как сделать;сколько установка бордюра;23;сколько установка бордюра
бордюр и поребрик;расчёт|как сделать;сколько стоит установка бордюров;15;сколько стоит установка бордюров
бордюр и поребрик;расчёт|как сделать;сколько стоит установка бордюра тротуарного;9;сколько стоит установка бордюра тротуарного
бордюр и поребрик;расчёт|как сделать;сколько стоит установка бордюра тротуарного за 1мп;9;сколько стоит установка бордюра тротуарного за 1мп
бордюр и поребрик;расчёт|как сделать;сколько стоит укладка дорожных бордюров;2;сколько стоит укладка дорожных бордюров
бордюр и поребрик;расчёт|как сделать;сколько стоит установка дорожного бордюра;1;сколько стоит установка дорожного бордюра
бордюр и поребрик;расчёт|как сделать;сколько стоит работа по установке бордюра;1;сколько стоит работа по установке бордюра
бордюр и поребрик;характеристики;тротуарный бордюр размеры;76;тротуарный бордюр размеры
бордюр и поребрик;характеристики;размер дорожного бордюра;40;размер дорожного бордюра
бордюр и поребрик;характеристики;бортовой камень бр гост 6665 91;30;бортовой камень бр гост 6665 91
бордюр и поребрик;характеристики;гранитный бордюр размеры;17;гранитный бордюр размеры
бордюр и поребрик;характеристики;бортовой камень бр 100.20 8 гост;15;бортовой камень бр 100.20 8 гост
бордюр и поребрик;характеристики;бортовой камень бр размеры;12;бортовой камень бр размеры
бордюр и поребрик;характеристики;бордюр дорожный гост;11;бордюр дорожный гост
бордюр и поребрик;характеристики;бортовой камень бр 100.30 15 гост;9;бортовой камень бр 100.30 15 гост
бордюр и поребрик;характеристики;гранитные бордюры гост;8;гранитные бордюры гост
бордюр и поребрик;характеристики;бордюр тротуарный гост;8;бордюр тротуарный гост
бордюр и поребрик;характеристики;размеры бордюра дорожного и тротуарного;7;размеры бордюра дорожного и тротуарного
бордюр и поребрик;характеристики;гранитный бордюр гп 1 размеры;5;гранитный бордюр гп 1 размеры
бордюр и поребрик;характеристики;виды тротуарных бордюров;5;виды тротуарных бордюров
бордюр и поребрик;характеристики;бордюр садовый бетонный размеры;5;бордюр садовый бетонный размеры
бордюр и поребрик;характеристики;размер садового бордюра;5;размер садового бордюра
бордюр и поребрик;характеристики;дорожный бордюр размеры 1000х300х150;4;дорожный бордюр размеры 1000х300х150
бордюр и поребрик;характеристики;бордюр садовый бетонный тонкий размеры;4;бордюр садовый бетонный тонкий размеры
бордюр и поребрик;характеристики;бордюр садовый бетонный тонкий размеры 1000х210х35;4;бордюр садовый бетонный тонкий размеры 1000х210х35
бордюр и поребрик;характеристики;бордюр садовый тонкий размеры;4;бордюр садовый тонкий размеры
бордюр и поребрик;характеристики;бортовой камень бр 100.20 8 размеры;3;бортовой камень бр 100.20 8 размеры
бордюр и поребрик;характеристики;виды гранитных бордюров;2;виды гранитных бордюров
бордюр и поребрик;характеристики;бордюр дорожный 1000х300х150 гост;2;бордюр дорожный 1000х300х150 гост
бордюр и поребрик;характеристики;виды дорожных бордюров;2;виды дорожных бордюров
бордюр и поребрик;характеристики;камень бортовой бр 100.30 15 характеристики;2;камень бортовой бр 100.30 15 характеристики
бордюр и поребрик;характеристики;бортовой камень марки бр 100.30 15;2;бортовой камень марки бр 100.30 15
бордюр и поребрик;характеристики;бортовой камень бр 100.30 18 гост;2;бортовой камень бр 100.30 18 гост
бордюр и поребрик;характеристики;бордюр бр 100.30 15 размеры;2;бордюр бр 100.30 15 размеры
бордюр и поребрик;характеристики;бордюр бр 100.30 15 гост;2;бордюр бр 100.30 15 гост
бордюр и поребрик;характеристики;бордюр бр 100.30 15 гост 6665 91;2;бордюр бр 100.30 15 гост 6665 91
бордюр и поребрик;характеристики;бордюр дорожный маркировка;1;бордюр дорожный маркировка
бордюр и поребрик;характеристики;гост на бордюры дорожные и тротуарные;1;гост на бордюры дорожные и тротуарные
бордюр и поребрик;характеристики;бордюр дорожный 1000х300х150 характеристики;1;бордюр дорожный 1000х300х150 характеристики
бордюр и поребрик;характеристики;камень бортовой марки бр 100.20 8;1;камень бортовой марки бр 100.20 8
бордюр и поребрик;характеристики;бортовой камень бр 100.30 15 размеры;1;бортовой камень бр 100.30 15 размеры
дорожные плиты;;дорожные плиты пдн;344;дорожные плиты пдн
дорожные плиты;;плита дорожная пдн;344;плита дорожная пдн
дорожные плиты;;плита дорожная пдн 6000х2000х140;102;плита дорожная пдн 6000х2000х140
дорожные плиты;;плита дорожная пдн 14;94;плита дорожная пдн 14
дорожные плиты;;аэродромные плиты паг;45;аэродромные плиты паг
дорожные плиты;;плита дорожная пдн 1;38;плита дорожная пдн 1
дорожные плиты;;плита аэродромная паг 14;22;плита аэродромная паг 14
дорожные плиты;;плиты дорожные пдн 2 2;20;плиты дорожные пдн 2 2
дорожные плиты;;плиты для покрытий дорог;16;плиты для покрытий дорог
дорожные плиты;;плиты для покрытия дорог;16;плиты для покрытия дорог
дорожные плиты;;плита дорожная пдн 6х2;15;плита дорожная пдн 6х2
дорожные плиты;;плиты дорожные пдн б;13;плиты дорожные пдн б
дорожные плиты;;плита железобетонная для покрытий дорог;13;плита железобетонная для покрытий дорог
дорожные плиты;;плита дорожная пдн 6 2;12;плита дорожная пдн 6 2
дорожные плиты;;плиты дорожные пдн 6;12;плиты дорожные пдн 6
дорожные плиты;;плита дорожная пдн 3 2;11;плита дорожная пдн 3 2
дорожные плиты;;плита аэродромная паг 18;10;плита аэродромная паг 18
дорожные плиты;;плиты железобетонные для покрытия городских дорог;9;плиты железобетонные для покрытия городских дорог
дорожные плиты;;плита дорожная напряженная пдн 14;8;плита дорожная напряженная пдн 14
дорожные плиты;;плита дорожная пдн 6х2х0 14;8;плита дорожная пдн 6х2х0 14
дорожные плиты;;плиты железобетонные дорожные пдн;8;плиты железобетонные дорожные пдн
дорожные плиты;;дорожная плита пдн 3.503 1 91;5;дорожная плита пдн 3.503 1 91
дорожные плиты;;дорожная плита пдн 5;5;дорожная плита пдн 5
дорожные плиты;;плиты дорожные пдн серия;5;плиты дорожные пдн серия
дорожные плиты;;плита дорожная пдн 6000х2000х140 масса;5;плита дорожная пдн 6000х2000х140 масса
дорожные плиты;;плита аэродромная паг 20;5;плита аэродромная паг 20
дорожные плиты;;пдн 14 плита дорожная армирование;4;пдн 14 плита дорожная армирование
дорожные плиты;;плита дорожная пдн 18;4;плита дорожная пдн 18
дорожные плиты;;плита дорожная пдн 60.20;3;плита дорожная пдн 60.20
дорожные плиты;;плиты аэродромные паг бу;3;плиты аэродромные паг бу
дорожные плиты;;плиты для покрытия автомобильных дорог;3;плиты для покрытия автомобильных дорог
дорожные плиты;;плита дорожная 1 пдн 14;2;плита дорожная 1 пдн 14
дорожные плиты;;плита дорожная пдн 14 6000х2000х140;2;плита дорожная пдн 14 6000х2000х140
дорожные плиты;;плита дорожная пдн 6000х2000х140 мм;2;плита дорожная пдн 6000х2000х140 мм
дорожные плиты;;плита дорожная пдн аiv;2;плита дорожная пдн аiv
дорожные плиты;;плита дорожная пдн пдо;2;плита дорожная пдн пдо
дорожные плиты;;плита аэродромная паг 14 бу;2;плита аэродромная паг 14 бу
дорожные плиты;;плита дорожная пдн 14 6 2;1;плита дорожная пдн 14 6 2
дорожные плиты;;плита дорожная пдн аv;1;плита дорожная пдн аv
дорожные плиты;;плиты дорожные пдн 6х2х 0.14;1;плиты дорожные пдн 6х2х 0.14
дорожные плиты;;плиты дорожные пдн м;1;плиты дорожные пдн м
дорожные плиты;;плиты дорожные пдн пдо бетон b25;1;плиты дорожные пдн пдо бетон b25
дорожные плиты;;пдн атv плита дорожная;1;пдн атv плита дорожная
дорожные плиты;;плита дорожная напряженная пдн атv;1;плита дорожная напряженная пдн атv
дорожные плиты;;плита дорожная пдн 55;1;плита дорожная пдн 55
дорожные плиты;;плиты дорожные пдн атv 55;1;плиты дорожные пдн атv 55
дорожные плиты;;аэродромная плита паг 14 1;1;аэродромная плита паг 14 1
дорожные плиты;;плиты аэродромного покрытия паг 14;1;плиты аэродромного покрытия паг 14
дорожные плиты;;плиты железобетонные для покрытия автомобильных дорог;1;плиты железобетонные для покрытия автомобильных дорог
дорожные плиты;гео;плита дорожная пдн екатеринбург;89;плита дорожная пдн екатеринбург
дорожные плиты;коммерческий;купить плиту дорожную пдн;63;купить плиту дорожную пдн
дорожные плиты;коммерческий;плиты дорожные пдн цена;61;плиты дорожные пдн цена
дорожные плиты;коммерческий;плита дорожная пдн 6000х2000х140 цена;50;плита дорожная пдн 6000х2000х140 цена
дорожные плиты;коммерческий;плита дорожная пдн 6000х2000х140 купить;12;плита дорожная пдн 6000х2000х140 купить
дорожные плиты;коммерческий;плиты дорожные пдн 14 купить;12;плиты дорожные пдн 14 купить
дорожные плиты;коммерческий;куплю плиты паг аэродромные;12;куплю плиты паг аэродромные
дорожные плиты;коммерческий;аэродромные плиты паг 18 купить;7;аэродромные плиты паг 18 купить
дорожные плиты;коммерческий;плиты аэродромные паг 18 б у купить;7;плиты аэродромные паг 18 б у купить
дорожные плиты;коммерческий;плита аэродромная паг 14 цена;5;плита аэродромная паг 14 цена
дорожные плиты;коммерческий;плиты аэродромные паг цена;5;плиты аэродромные паг цена
дорожные плиты;коммерческий;аэродромные плиты паг 14 купить;4;аэродромные плиты паг 14 купить
дорожные плиты;коммерческий;аэродромные плиты паг 14 купить бу;2;аэродромные плиты паг 14 купить бу
дорожные плиты;коммерческий;плиты аэродромные паг бу купить;2;плиты аэродромные паг бу купить
дорожные плиты;коммерческий;дорожная плита пдн купить в омске;1;дорожная плита пдн купить в омске
дорожные плиты;коммерческий;плита дорожная пдн 14 цена;1;плита дорожная пдн 14 цена
дорожные плиты;коммерческий;плита дорожная пдн 3000х2000х140 цена;1;плита дорожная пдн 3000х2000х140 цена
дорожные плиты;коммерческий;аэродромные плиты паг 14 купить в казани;1;аэродромные плиты паг 14 купить в казани
дорожные плиты;коммерческий|гео;плита дорожная пдн 6000х2000х140 цена екатеринбург;49;плита дорожная пдн 6000х2000х140 цена екатеринбург
дорожные плиты;расчёт;плита дорожная пдн вес;37;плита дорожная пдн вес
дорожные плиты;расчёт;плита дорожная пдн 6000х2000х140 вес;21;плита дорожная пдн 6000х2000х140 вес
дорожные плиты;расчёт;плита дорожная пдн 6000х2000х140 вес 1 шт;20;плита дорожная пдн 6000х2000х140 вес 1 шт
дорожные плиты;расчёт;вес дорожной плиты 6х2 пдн;6;вес дорожной плиты 6х2 пдн
дорожные плиты;расчёт;плита дорожная пдн 14 вес;4;плита дорожная пдн 14 вес
дорожные плиты;расчёт;плита аэродромная паг 18 вес;1;плита аэродромная паг 18 вес
дорожные плиты;расчёт;плиты аэродромные паг вес;1;плиты аэродромные паг вес
дорожные плиты;характеристики;плиты дорожные пдн гост;12;плиты дорожные пдн гост
дорожные плиты;характеристики;плиты дорожные пдн размеры;12;плиты дорожные пдн размеры
дорожные плиты;характеристики;аэродромные плиты паг гост;5;аэродромные плиты паг гост
дорожные плиты;характеристики;плиты дорожные пдн характеристики;4;плиты дорожные пдн характеристики
дорожные плиты;характеристики;плиты дорожные пдн 14 гост;3;плиты дорожные пдн 14 гост
дорожные плиты;характеристики;пдн 14 плита дорожная характеристики;3;пдн 14 плита дорожная характеристики
дорожные плиты;характеристики;плита дорожная пдн 6000х2000х140 гост;3;плита дорожная пдн 6000х2000х140 гост
дорожные плиты;характеристики;плита дорожная пдн 14 размеры;2;плита дорожная пдн 14 размеры
дорожные плиты;характеристики;дорожные плиты пдн 6х2х 0.14 гост;1;дорожные плиты пдн 6х2х 0.14 гост
дорожные плиты;характеристики;плита аэродромная паг 14 гост;1;плита аэродромная паг 14 гост
дорожные плиты;характеристики;размеры аэродромных плит паг;1;размеры аэродромных плит паг
керамзит и гравий;выбор|характеристики;фракции керамзита какие;107;фракции керамзита какие
керамзит и гравий;выбор|характеристики;какая фракция керамзита потолка;32;какая фракция керамзита потолка
керамзит и гравий;выбор|характеристики;керамзит какая фракция лучше;23;керамзит какая фракция лучше
керамзит и гравий;выбор|характеристики;какая фракция керамзита для утепления потолка;16;какая фракция керамзита для утепления потолка
керамзит и гравий;выбор|характеристики;какая фракция керамзита пола;12;какая фракция керамзита пола
керамзит и гравий;выбор|характеристики;какая фракция керамзита лучше для утепления;10;какая фракция керамзита лучше для утепления
керамзит и гравий;выбор|характеристики;какой фракции нужен керамзит для потолка;10;какой фракции нужен керамзит для потолка
керамзит и гравий;выбор|характеристики;керамзит какая фракция для стяжки;8;керамзит какая фракция для стяжки
керамзит и гравий;выбор|характеристики;какой фракции бывает керамзит;7;какой фракции бывает керамзит
керамзит и гравий;выбор|характеристики;керамзит для цветов какая фракция;6;керамзит для цветов какая фракция
керамзит и гравий;выбор|характеристики;какая фракция керамзита нужна для утепления потолка;6;какая фракция керамзита нужна для утепления потолка
керамзит и гравий;выбор|характеристики;какой фракции керамзит стяжки пола;5;какой фракции керамзит стяжки пола
керамзит и гравий;выбор|характеристики;керамзит на кровлю какая фракция;5;керамзит на кровлю какая фракция
керамзит и гравий;выбор|характеристики;какой фракции нужен керамзит для пола;3;какой фракции нужен керамзит для пола
керамзит и гравий;выбор|характеристики;какой фракции керамзит лучше для стяжки;3;какой фракции керамзит лучше для стяжки
керамзит и гравий;выбор|характеристики;какой фракции керамзит лучше для пола;2;какой фракции керамзит лучше для пола
керамзит и гравий;выбор|характеристики;какой фракции керамзит использовать для полов;2;какой фракции керамзит использовать для полов
керамзит и гравий;выбор|характеристики;какая фракция керамзита для каких растений;1;какая фракция керамзита для каких растений
керамзит и гравий;выбор|характеристики;какая фракция керамзита нужна для стяжки;1;какая фракция керамзита нужна для стяжки
керамзит и гравий;выбор|характеристики;керамзит для стяжки пола фракция какой нужен;1;керамзит для стяжки пола фракция какой нужен
керамзит и гравий;выбор|характеристики|применение;керамзит какой фракции используют для утепления;1;керамзит какой фракции используют для утепления
керамзит и гравий;выбор|характеристики|применение;керамзит под стяжку какая фракция;1;керамзит под стяжку какая фракция
керамзит и гравий;коммерческий|расчёт|характеристики;вес 1 м3 керамзита фракции 10;10;вес 1 м3 керамзита фракции 10
керамзит и гравий;коммерческий|расчёт|характеристики;керамзит вес 1 м3 фракция 10 20;8;керамзит вес 1 м3 фракция 10 20
керамзит и гравий;коммерческий|расчёт|характеристики;керамзит вес м3 фракция 10 20;8;керамзит вес м3 фракция 10 20
керамзит и гравий;коммерческий|расчёт|характеристики;керамзит вес 1 м3 фракция 20 40;6;керамзит вес 1 м3 фракция 20 40
керамзит и гравий;коммерческий|расчёт|характеристики;керамзит вес 1 м3 фракция 5 10;2;керамзит вес 1 м3 фракция 5 10
керамзит и гравий;коммерческий|расчёт|характеристики;керамзит вес м3 фракция 5 10;2;керамзит вес м3 фракция 5 10
керамзит и гравий;коммерческий|расчёт|характеристики;вес 1м3 керамзита фракции 10 20;1;вес 1м3 керамзита фракции 10 20
керамзит и гравий;коммерческий|характеристики;керамзит фракция купить;66;керамзит фракция купить
керамзит и гравий;коммерческий|характеристики;купить керамзит фракция 5;37;купить керамзит фракция 5
керамзит и гравий;коммерческий|характеристики;керамзит фракция цена;17;керамзит фракция цена
керамзит и гравий;коммерческий|характеристики;керамзит фракция 20 40 купить;15;керамзит фракция 20 40 купить
керамзит и гравий;коммерческий|характеристики;керамзит фракция 20 40 мм купить;15;керамзит фракция 20 40 мм купить
керамзит и гравий;коммерческий|характеристики;керамзит купить фракция 10 20;14;керамзит купить фракция 10 20
керамзит и гравий;коммерческий|характеристики;купить керамзит фракция 5 10;12;купить керамзит фракция 5 10
керамзит и гравий;коммерческий|характеристики;керамзит фракция 10 20 цена;9;керамзит фракция 10 20 цена
керамзит и гравий;коммерческий|характеристики;керамзита 0 5 фракция купить;8;керамзита 0 5 фракция купить
керамзит и гравий;коммерческий|характеристики;керамзит фракции 10 20 мм цена;7;керамзит фракции 10 20 мм цена
керамзит и гравий;коммерческий|характеристики;керамзит фракция 10 мм цена;7;керамзит фракция 10 мм цена
керамзит и гравий;коммерческий|характеристики;керамзит фракция 0 5 цена;7;керамзит фракция 0 5 цена
керамзит и гравий;коммерческий|характеристики;керамзит крупной фракции купить;7;керамзит крупной фракции купить
керамзит и гравий;коммерческий|характеристики;керамзит фракция 10 20 цена мешок;7;керамзит фракция 10 20 цена мешок
керамзит и гравий;коммерческий|характеристики;керамзит фракция 10 20мм 0 9м3 мкр;5;керамзит фракция 10 20мм 0 9м3 мкр
керамзит и гравий;коммерческий|характеристики;керамзит мелкой фракции 0 5 цена;4;керамзит мелкой фракции 0 5 цена
керамзит и гравий;коммерческий|характеристики;керамзит мелкой фракции цена;4;керамзит мелкой фракции цена
керамзит и гравий;коммерческий|характеристики;керамзит фракция 5 10 мм купить;4;керамзит фракция 5 10 мм купить
керамзит и гравий;коммерческий|характеристики;керамзит фракции 10 20 мм купить;3;керамзит фракции 10 20 мм купить
керамзит и гравий;коммерческий|характеристики;керамзит в мешках 5 10 фракции цена;3;керамзит в мешках 5 10 фракции цена
керамзит и гравий;коммерческий|характеристики;керамзит фракция 5 10 цена;3;керамзит фракция 5 10 цена
керамзит и гравий;коммерческий|характеристики;керамзит фракция 0 5 мм цена;2;керамзит фракция 0 5 мм цена
керамзит и гравий;коммерческий|характеристики;керамзит фракции 0 5 мм купить;2;керамзит фракции 0 5 мм купить
керамзит и гравий;коммерческий|характеристики;керамзит мелкой фракции купить;2;керамзит мелкой фракции купить
керамзит и гравий;коммерческий|характеристики;керамзит фракция 10 20 цена м3;1;керамзит фракция 10 20 цена м3
керамзит и гравий;расчёт|характеристики;плотность фракций керамзита;15;плотность фракций керамзита
керамзит и гравий;расчёт|характеристики;вес керамзита фракции 10 20;13;вес керамзита фракции 10 20
керамзит и гравий;расчёт|характеристики;вес керамзита фракции 20 40;9;вес керамзита фракции 20 40
керамзит и гравий;расчёт|характеристики;сколько весит керамзит фракция 10 20;8;сколько весит керамзит фракция 10 20
керамзит и гравий;расчёт|характеристики;сколько весит куб керамзита 5 10 фракция;6;сколько весит куб керамзита 5 10 фракция
керамзит и гравий;расчёт|характеристики;куб керамзита вес фракция;4;куб керамзита вес фракция
керамзит и гравий;расчёт|характеристики;керамзит 5 10 фракция вес;4;керамзит 5 10 фракция вес
керамзит и гравий;расчёт|характеристики;вес керамзита 0 5 фракции;2;вес керамзита 0 5 фракции
керамзит и гравий;расчёт|характеристики;сколько весит куб керамзита 10 20 фракция;1;сколько весит куб керамзита 10 20 фракция
керамзит и гравий;расчёт|характеристики;керамзит насыпная плотность фракция 10 20;1;керамзит насыпная плотность фракция 10 20
керамзит и гравий;характеристики;керамзит фракция;432;керамзит фракция
керамзит и гравий;характеристики;фракции керамзита;432;фракции керамзита
керамзит и гравий;характеристики;керамзит фракция 10;166;керамзит фракция 10
керамзит и гравий;характеристики;керамзит 20 фракция;143;керамзит 20 фракция
керамзит и гравий;характеристики;керамзит 5 фракции;130;керамзит 5 фракции
керамзит и гравий;характеристики;керамзит фракция 10 20;89;керамзит фракция 10 20
керамзит и гравий;характеристики;керамзит фракция 5 10;66;керамзит фракция 5 10
керамзит и гравий;характеристики;керамзит фракция 20 мм;54;керамзит фракция 20 мм
керамзит и гравий;характеристики;керамзит фракция 40;51;керамзит фракция 40
керамзит и гравий;характеристики;керамзит фракция 0 5;43;керамзит фракция 0 5
керамзит и гравий;характеристики;керамзит фракция 20 40;40;керамзит фракция 20 40
керамзит и гравий;характеристики;керамзит фракция 5 20;30;керамзит фракция 5 20
керамзит и гравий;характеристики;керамзит мелкой фракции;29;керамзит мелкой фракции
керамзит и гравий;характеристики;фракция керамзита для утепления;27;фракция керамзита для утепления
керамзит и гравий;характеристики;керамзит фракция 20 40 мм;25;керамзит фракция 20 40 мм
керамзит и гравий;характеристики;керамзит крупная фракция;23;керамзит крупная фракция
керамзит и гравий;характеристики;керамзит в мешках фракции;23;керамзит в мешках фракции
керамзит и гравий;характеристики;керамзит фракция 10 20 мм;22;керамзит фракция 10 20 мм
керамзит и гравий;характеристики;керамзит фракция 0 5 мм;19;керамзит фракция 0 5 мм
керамзит и гравий;характеристики;керамзит для утепления потолка фракция;16;керамзит для утепления потолка фракция
керамзит и гравий;характеристики;керамзит фракция 0 10;16;керамзит фракция 0 10
керамзит и гравий;характеристики;керамзит фракция 10 20мм;15;керамзит фракция 10 20мм
керамзит и гравий;характеристики;керамзит для пола фракция;15;керамзит для пола фракция
керамзит и гравий;характеристики;керамзит средней фракции;14;керамзит средней фракции
керамзит и гравий;характеристики;керамзит для кровли фракции;13;керамзит для кровли фракции
керамзит и гравий;характеристики;керамзит фракции 5 20 мм;13;керамзит фракции 5 20 мм
керамзит и гравий;характеристики;керамзит фракция для стяжки;11;керамзит фракция для стяжки
керамзит и гравий;характеристики;керамзит фракции 5 10 мм;10;керамзит фракции 5 10 мм
керамзит и гравий;характеристики;керамзит в мешках фракция 10 20;10;керамзит в мешках фракция 10 20
керамзит и гравий;характеристики;дренаж керамзит фракция;10;дренаж керамзит фракция
керамзит и гравий;характеристики;марка керамзита фракциям;9;марка керамзита фракциям
керамзит и гравий;характеристики;фракция керамзита для потолка бани;8;фракция керамзита для потолка бани
керамзит и гравий;характеристики;керамзит 05 фракции;8;керамзит 05 фракции
керамзит и гравий;характеристики;фракция керамзита для стяжки пола;7;фракция керамзита для стяжки пола
керамзит и гравий;характеристики;дренаж керамзит фракция 10 20 средний;6;дренаж керамзит фракция 10 20 средний
керамзит и гравий;характеристики;керамзит фракция 0 40;6;керамзит фракция 0 40
керамзит и гравий;характеристики;фракция керамзита для цветов;6;фракция керамзита для цветов
керамзит и гравий;характеристики;керамзит фракция 10 20 мм в мешках;6;керамзит фракция 10 20 мм в мешках
керамзит и гравий;характеристики;керамзит для разуклонки кровли фракция;5;керамзит для разуклонки кровли фракция
керамзит и гравий;характеристики;фракция керамзита для разуклонки;5;фракция керамзита для разуклонки
керамзит и гравий;характеристики;керамзит размеры фракций;5;керамзит размеры фракций
керамзит и гравий;характеристики;керамзит в мешках 5 10 фракции;5;керамзит в мешках 5 10 фракции
керамзит и гравий;характеристики;керамзит для утепления фракция 10 20;5;керамзит для утепления фракция 10 20
керамзит и гравий;характеристики;керамзит мелкой фракции 0 5;4;керамзит мелкой фракции 0 5
керамзит и гравий;характеристики;керамзит фракция 0 5 в мешках;4;керамзит фракция 0 5 в мешках
керамзит и гравий;характеристики;керамзит засыпка фракция;4;керамзит засыпка фракция
керамзит и гравий;характеристики;керамзит мешках мелкая фракция;4;керамзит мешках мелкая фракция
керамзит и гравий;характеристики;керамзит фракция 0 10 мм;4;керамзит фракция 0 10 мм
керамзит и гравий;характеристики;фракции керамзита для растений;3;фракции керамзита для растений
керамзит и гравий;характеристики;керамзит 40 литров фракция 10 20;3;керамзит 40 литров фракция 10 20
керамзит и гравий;характеристики;керамзит фракция 10 40;3;керамзит фракция 10 40
керамзит и гравий;характеристики;самая мелкая фракция керамзита;3;самая мелкая фракция керамзита
керамзит и гравий;характеристики;керамзит фракция 10 20 биг бэг;3;керамзит фракция 10 20 биг бэг
керамзит и гравий;характеристики;какую фракцию керамзита использовать для стяжки;3;какую фракцию керамзита использовать для стяжки
керамзит и гравий;характеристики;фракция керамзита утепления пола;2;фракция керамзита утепления пола
керамзит и гравий;характеристики;керамзит фракция 5 10мм;2;керамзит фракция 5 10мм
керамзит и гравий;характеристики;какую фракцию керамзита использовать для стяжки пола;2;какую фракцию керамзита использовать для стяжки пола
керамзит и гравий;характеристики;фракция керамзита для сухой стяжки;2;фракция керамзита для сухой стяжки
керамзит и гравий;характеристики;фракции керамзита для стяжки в квартире;2;фракции керамзита для стяжки в квартире
керамзит и гравий;характеристики;фракция керамзита для стяжки пола в квартире;2;фракция керамзита для стяжки пола в квартире
керамзит и гравий;характеристики;керамзит фракция 10 20 фото;2;керамзит фракция 10 20 фото
керамзит и гравий;характеристики;керамзит большой фракции;2;керамзит большой фракции
керамзит и гравий;характеристики;керамзит фракция 0.5;1;керамзит фракция 0.5
керамзит и гравий;характеристики|применение;керамзит фракция 5 10 применение;1;керамзит фракция 5 10 применение
керамзит и гравий;характеристики|применение;фракция керамзита под стяжку;1;фракция керамзита под стяжку
кольца и колодцы;;кольца жби;2214;кольца жби
кольца и колодцы;;люки для колодцев;539;люки для колодцев
кольца и колодцы;;люк для колодца;539;люк для колодца
кольца и колодцы;;крышки для колодцев;444;крышки для колодцев
кольца и колодцы;;крышка для колодца;444;крышка для колодца
кольца и колодцы;;жби кольца для канализации;278;жби кольца для канализации
кольца и колодцы;;кольцо жби 1.5;143;кольцо жби 1.5
кольца и колодцы;;кольцо жби 2;98;кольцо жби 2
кольца и колодцы;;люк полимерный для колодцев;97;люк полимерный для колодцев
кольца и колодцы;;кольцо жби кс;84;кольцо жби кс
кольца и колодцы;;жби кольца область;80;жби кольца область
кольца и колодцы;;кольца жби кубы;80;кольца жби кубы
кольца и колодцы;;куб кольца жби;80;куб кольца жби
кольца и колодцы;;жби кольца 1;77;жби кольца 1
кольца и колодцы;;бетонная крышка для колодца;73;бетонная крышка для колодца
кольца и колодцы;;крышка для колодца пластиковая;70;крышка для колодца пластиковая
кольца и колодцы;;пластиковый люк для колодца;70;пластиковый люк для колодца
кольца и колодцы;;чугунный люк для колодца;70;чугунный люк для колодца
кольца и колодцы;;кольцо жби 1м;51;кольцо жби 1м
кольца и колодцы;;жби кольца 1.5 м;50;жби кольца 1.5 м
кольца и колодцы;;кольцо жби 2 метра;46;кольцо жби 2 метра
кольца и колодцы;;высота жби кольца;42;высота жби кольца
кольца и колодцы;;жби кольца для септика;41;жби кольца для септика
кольца и колодцы;;кольцо жби 1.5 метра;39;кольцо жби 1.5 метра
кольца и колодцы;;кольца жби для колодца;38;кольца жби для колодца
кольца и колодцы;;люк для колодца диаметр;38;люк для колодца диаметр
кольца и колодцы;;кольцо жби 1 метр;34;кольцо жби 1 метр
кольца и колодцы;;люки для канализационных колодцев;34;люки для канализационных колодцев
кольца и колодцы;;кольца колодезные кс;33;кольца колодезные кс
кольца и колодцы;;колодезное кольцо кс;33;колодезное кольцо кс
кольца и колодцы;;бетонные кольца жби;32;бетонные кольца жби
кольца и колодцы;;кольцо жби кс 10;31;кольцо жби кс 10
кольца и колодцы;;люк с крышкой для колодца;30;люк с крышкой для колодца
кольца и колодцы;;кольца жби 1 5;29;кольца жби 1 5
кольца и колодцы;;кольца жби авито;27;кольца жби авито
кольца и колодцы;;кольцо для канализации жби 1.5;27;кольцо для канализации жби 1.5
кольца и колодцы;;крышка для канализационного колодца;27;крышка для канализационного колодца
кольца и колодцы;;кольца жби 10 9;26;кольца жби 10 9
кольца и колодцы;;кольцо жби кс 10 9;26;кольцо жби кс 10 9
кольца и колодцы;;метровые кольца жби;25;метровые кольца жби
кольца и колодцы;;кольца жби для канализации 1.5 м;24;кольца жби для канализации 1.5 м
кольца и колодцы;;конус люк для колодца;24;конус люк для колодца
кольца и колодцы;;крюк для люков колодцев;24;крюк для люков колодцев
кольца и колодцы;;канализационные кольца жби;23;канализационные кольца жби
кольца и колодцы;;металлический люк для колодца;23;металлический люк для колодца
кольца и колодцы;;крышка для смотрового колодца;22;крышка для смотрового колодца
кольца и колодцы;;крышка дно для колодца;22;крышка дно для колодца
кольца и колодцы;;кольца жби нижний;21;кольца жби нижний
кольца и колодцы;;жби кольцо 20;21;жби кольцо 20
кольца и колодцы;;люк для смотровых колодцев;21;люк для смотровых колодцев
кольца и колодцы;;форма для кольца жби;20;форма для кольца жби
кольца и колодцы;;квадратные кольца жби;20;квадратные кольца жби
кольца и колодцы;;трубы для колодца с крышкой;19;трубы для колодца с крышкой
кольца и колодцы;;крышка для канализации колодца;18;крышка для канализации колодца
кольца и колодцы;;крышка для колодца диаметр;18;крышка для колодца диаметр
кольца и колодцы;;крышка для колодца 1 метр;18;крышка для колодца 1 метр
кольца и колодцы;;кольца жби 2м;17;кольца жби 2м
кольца и колодцы;;люк бетонный для колодца;17;люк бетонный для колодца
кольца и колодцы;;кольцо жби под септик;16;кольцо жби под септик
кольца и колодцы;;нужно жби кольца;16;нужно жби кольца
кольца и колодцы;;кольца жби 1500;16;кольца жби 1500
кольца и колодцы;;кольцо жби 1000;16;кольцо жби 1000
кольца и колодцы;;жби кольца кс 20 9;16;жби кольца кс 20 9
кольца и колодцы;;кольцо жби 20 9;16;кольцо жби 20 9
кольца и колодцы;;полимерная крышка для колодца;16;полимерная крышка для колодца
кольца и колодцы;;бетонные крышки люков для колодцев;16;бетонные крышки люков для колодцев
кольца и колодцы;;типы люка для колодцев;16;типы люка для колодцев
кольца и колодцы;;крюк для открывания люков колодцев;16;крюк для открывания люков колодцев
кольца и колодцы;;жби кольца под канализацию;15;жби кольца под канализацию
кольца и колодцы;;люк дно для колодцев;15;люк дно для колодцев
кольца и колодцы;;жби кольцо с дном;14;жби кольцо с дном
кольца и колодцы;;кольца уплотнительные для жби;14;кольца уплотнительные для жби
кольца и колодцы;;люк для телефонных колодцев;14;люк для телефонных колодцев
кольца и колодцы;;плиты для люков колодцев;14;плиты для люков колодцев
кольца и колодцы;;жби кольца для канализации 1м;13;жби кольца для канализации 1м
кольца и колодцы;;жби кольцо дом;13;жби кольцо дом
кольца и колодцы;;кольца жби челябинск;13;кольца жби челябинск
кольца и колодцы;;крышка жби для колодца;13;крышка жби для колодца
кольца и колодцы;;люк для колодца 700;13;люк для колодца 700
кольца и колодцы;;кольцо с люком для колодца;13;кольцо с люком для колодца
кольца и колодцы;;жби квадратные кольца для погреба;12;жби квадратные кольца для погреба
кольца и колодцы;;жби кольца погреб;12;жби кольца погреб
кольца и колодцы;;кольцо жби 15.9;12;кольцо жби 15.9
кольца и колодцы;;жби кольцо 1 м;12;жби кольцо 1 м
кольца и колодцы;;кольцо колодезное стеновое кс;12;кольцо колодезное стеновое кс
кольца и колодцы;;канализации крышка пластиковая для колодцев;12;канализации крышка пластиковая для колодцев
кольца и колодцы;;крышка для кабельного колодца;12;крышка для кабельного колодца
кольца и колодцы;;крышка для колодца дренажного пластикового;12;крышка для колодца дренажного пластикового
кольца и колодцы;;люк решетка для колодцев;12;люк решетка для колодцев
кольца и колодцы;;жби кольцо кс 10.9;11;жби кольцо кс 10.9
кольца и колодцы;;кольцо жби 10.9;11;кольцо жби 10.9
кольца и колодцы;;кольца жби 2 м;11;кольца жби 2 м
кольца и колодцы;;кольца жби фото;11;кольца жби фото
кольца и колодцы;;жби кольца 700;11;жби кольца 700
кольца и колодцы;;люк кольцо жби;11;люк кольцо жби
кольца и колодцы;;крышки для люков канализационных колодцев;11;крышки для люков канализационных колодцев
кольца и колодцы;;крышка для колодца пластиковая с люком;11;крышка для колодца пластиковая с люком
кольца и колодцы;;теплая крышка для колодца;11;теплая крышка для колодца
кольца и колодцы;;теплая крышка для сливного колодца;11;теплая крышка для сливного колодца
кольца и колодцы;;крышка кольца жби 1500;10;крышка кольца жби 1500
кольца и колодцы;;маленькое кольцо жби;10;маленькое кольцо жби
кольца и колодцы;;кольцо жби масса;10;кольцо жби масса
кольца и колодцы;;кольца колодезные кс 10 10;10;кольца колодезные кс 10 10
кольца и колодцы;;чугунная крышка для колодца;10;чугунная крышка для колодца
кольца и колодцы;;круглая крышка для колодца;10;круглая крышка для колодца
кольца и колодцы;;крышка бетонная для колодца 1 метр;10;крышка бетонная для колодца 1 метр
кольца и колодцы;;крышка для колодца 1.5;10;крышка для колодца 1.5
кольца и колодцы;;люк тяжелый для колодцев;10;люк тяжелый для колодцев
кольца и колодцы;;кольцо под люк для колодца;10;кольцо под люк для колодца
кольца и колодцы;;люк для колодца для воды;10;люк для колодца для воды
кольца и колодцы;;люк для колодца с отверстиями;10;люк для колодца с отверстиями
кольца и колодцы;;крышка кольца жби 1000;9;крышка кольца жби 1000
кольца и колодцы;;кольцо колодезное кс 15 15;9;кольцо колодезное кс 15 15
кольца и колодцы;;крышка для колодца скважины;9;крышка для колодца скважины
кольца и колодцы;;крышка деревянная для колодца;9;крышка деревянная для колодца
кольца и колодцы;;люк чугунный для смотровых колодцев;9;люк чугунный для смотровых колодцев
кольца и колодцы;;люк для колодца связи;9;люк для колодца связи
кольца и колодцы;;жби изделия для колодцев;8;жби изделия для колодцев
кольца и колодцы;;кольцо жби 5 метров;8;кольцо жби 5 метров
кольца и колодцы;;завод жби кольца;8;завод жби кольца
кольца и колодцы;;жби кольца 2 0.9;8;жби кольца 2 0.9
кольца и колодцы;;кольца жби с пазами;8;кольца жби с пазами
кольца и колодцы;;кольца жби 70;8;кольца жби 70
кольца и колодцы;;правильные кольца жби;8;правильные кольца жби
кольца и колодцы;;кольца жби бизнес;8;кольца жби бизнес
кольца и колодцы;;кс 9 кольцо колодезное;8;кс 9 кольцо колодезное
кольца и колодцы;;крышка для колодца 630 полимер;8;крышка для колодца 630 полимер
кольца и колодцы;;крышка утепленная для колодца;8;крышка утепленная для колодца
кольца и колодцы;;крышка люка для смотровых колодцев;8;крышка люка для смотровых колодцев
кольца и колодцы;;люк конусный для колодца;8;люк конусный для колодца
кольца и колодцы;;перекрытие для колодца с люком;8;перекрытие для колодца с люком
кольца и колодцы;;плита перекрытия для колодца с люком;8;плита перекрытия для колодца с люком
кольца и колодцы;;люк для колодца 1000;8;люк для колодца 1000
кольца и колодцы;;люк чугунный для канализационного колодца;8;люк чугунный для канализационного колодца
кольца и колодцы;;дождеприемные люки для колодцев;8;дождеприемные люки для колодцев
кольца и колодцы;;люк для жб колодца;8;люк для жб колодца
кольца и колодцы;;жби кольца в бердске;7;жби кольца в бердске
кольца и колодцы;;кольца жби рядом;7;кольца жби рядом
кольца и колодцы;;крышка на кольцо жби 1500 колодец новоуральск;7;крышка на кольцо жби 1500 колодец новоуральск
кольца и колодцы;;самое маленькое кольцо жби;7;самое маленькое кольцо жби
кольца и колодцы;;жби кольца тюмень;7;жби кольца тюмень
кольца и колодцы;;масса кольца жби 1.5;7;масса кольца жби 1.5
кольца и колодцы;;жби тобольск кольца;7;жби тобольск кольца
кольца и колодцы;;жби кольца стеновые;7;жби кольца стеновые
кольца и колодцы;;кольца жби 15 9;7;кольца жби 15 9
кольца и колодцы;;кольцо жби 15;7;кольцо жби 15
кольца и колодцы;;кольцо жби 7.9;7;кольцо жби 7.9
кольца и колодцы;;кольцо 90 жби;7;кольцо 90 жби
кольца и колодцы;;жби кольца курган;7;жби кольца курган
кольца и колодцы;;кольца колодезные кс 10.9;7;кольца колодезные кс 10.9
кольца и колодцы;;предохранительная крышка для колодца;7;предохранительная крышка для колодца
кольца и колодцы;;крышка для колодца фото;7;крышка для колодца фото
кольца и колодцы;;конус с люком для колодца полимерный;7;конус с люком для колодца полимерный
кольца и колодцы;;люк полимерный для колодцев кемерово;7;люк полимерный для колодцев кемерово
кольца и колодцы;;люк с решеткой для дождеприемного колодца;7;люк с решеткой для дождеприемного колодца
кольца и колодцы;;люк чугунный для дождеприемного колодца;7;люк чугунный для дождеприемного колодца
кольца и колодцы;;квадратный люк для колодца;7;квадратный люк для колодца
кольца и колодцы;;жби кольца фото на улице;6;жби кольца фото на улице
кольца и колодцы;;кольцо жби 1 5 м;6;кольцо жби 1 5 м
кольца и колодцы;;кольца жби 1 5 метра;6;кольца жби 1 5 метра
кольца и колодцы;;продам кольца жби;6;продам кольца жби
кольца и колодцы;;кольцо колодезное стеновое кс 10.9;6;кольцо колодезное стеновое кс 10.9
кольца и колодцы;;кольцо колодезное кс 7 7;6;кольцо колодезное кс 7 7
кольца и колодцы;;крышка для колодца с отверстиями;6;крышка для колодца с отверстиями
кольца и колодцы;;жб крышка для колодца;6;жб крышка для колодца
кольца и колодцы;;крышка для колодца 1000;6;крышка для колодца 1000
кольца и колодцы;;крышка для проветривания колодца;6;крышка для проветривания колодца
кольца и колодцы;;люк чугунный с решеткой для дождеприемного колодца;6;люк чугунный с решеткой для дождеприемного колодца
кольца и колодцы;;люки чугунные с решеткой для колодцев;6;люки чугунные с решеткой для колодцев
кольца и колодцы;;люк стальной для колодца;6;люк стальной для колодца
кольца и колодцы;;фальцевые кольца жби;5;фальцевые кольца жби
кольца и колодцы;;толщина жби кольца;5;толщина жби кольца
кольца и колодцы;;кольца жби для канализации 2м;5;кольца жби для канализации 2м
кольца и колодцы;;жби кольца в магадане;5;жби кольца в магадане
кольца и колодцы;;жби кольца с отверстиями;5;жби кольца с отверстиями
кольца и колодцы;;крышка для жби кольца;5;крышка для жби кольца
кольца и колодцы;;жби 6 кольца;5;жби 6 кольца
кольца и колодцы;;кольца жби кс 10 6;5;кольца жби кс 10 6
кольца и колодцы;;кольцо жби кс 7;5;кольцо жби кс 7
кольца и колодцы;;автио кольца жби;5;автио кольца жби
кольца и колодцы;;жби кольцо 1 3;5;жби кольцо 1 3
кольца и колодцы;;жби кольцо диаметром 2 метра;5;жби кольцо диаметром 2 метра
кольца и колодцы;;крышка бетонная для колодца 1.5 м;5;крышка бетонная для колодца 1.5 м
кольца и колодцы;;крышка для колодца 1.5 м;5;крышка для колодца 1.5 м
кольца и колодцы;;конус с крышкой для колодца;5;конус с крышкой для колодца
кольца и колодцы;;крышка для колодца 1000 мм;5;крышка для колодца 1000 мм
кольца и колодцы;;крышка для колодца пластиковая 1000 мм;5;крышка для колодца пластиковая 1000 мм
кольца и колодцы;;крышка жби для колодца 1.5;5;крышка жби для колодца 1.5
кольца и колодцы;;крышка для колодца 315;5;крышка для колодца 315
кольца и колодцы;;люк чугунный для колодцев тяжелый;5;люк чугунный для колодцев тяжелый
кольца и колодцы;;диаметры чугунных люков для колодцев;5;диаметры чугунных люков для колодцев
кольца и колодцы;;люк для колодца 800;5;люк для колодца 800
кольца и колодцы;;кольцо под люк для колодца бетон;5;кольцо под люк для колодца бетон
кольца и колодцы;;жби люки для колодцев;5;жби люки для колодцев
кольца и колодцы;;заход под люк для колодца;5;заход под люк для колодца
кольца и колодцы;;кольца жби копейск;4;кольца жби копейск
кольца и колодцы;;жби кольца для скважины;4;жби кольца для скважины
кольца и колодцы;;кольца колодезные кс 7 1 5;4;кольца колодезные кс 7 1 5
кольца и колодцы;;кольцо колодезное кс 7 1;4;кольцо колодезное кс 7 1
кольца и колодцы;;кольцо колодезное кс 7 5;4;кольцо колодезное кс 7 5
кольца и колодцы;;кольцо колодезное кс 15 10;4;кольцо колодезное кс 15 10
кольца и колодцы;;кольцо колодезное кс 10 9;4;кольцо колодезное кс 10 9
кольца и колодцы;;крышка чугунная для колодца канализационного;4;крышка чугунная для колодца канализационного
кольца и колодцы;;люк для колодца пластик;4;люк для колодца пластик
кольца и колодцы;;люк 1000 мм для колодца;4;люк 1000 мм для колодца
кольца и колодцы;;люк для колодца полимерный 1000 мм;4;люк для колодца полимерный 1000 мм
кольца и колодцы;;тип люка т для колодцев;4;тип люка т для колодцев
кольца и колодцы;;плавающий люк для колодца чугунный;4;плавающий люк для колодца чугунный
кольца и колодцы;;круглый люк для колодца;4;круглый люк для колодца
кольца и колодцы;;жби изделия кольца;3;жби изделия кольца
кольца и колодцы;;кольцо колодезное кс 15 9;3;кольцо колодезное кс 15 9
кольца и колодцы;;крюк для крышки колодца;3;крюк для крышки колодца
кольца и колодцы;;крюк для открывания крышек колодцев;3;крюк для открывания крышек колодцев
кольца и колодцы;;крюк для открывания крышки люка колодца;3;крюк для открывания крышки люка колодца
кольца и колодцы;;конус для колодца полимерный с крышкой;3;конус для колодца полимерный с крышкой
кольца и колодцы;;крышка для ливневого колодца;3;крышка для ливневого колодца
кольца и колодцы;;кольцо с крышкой для колодца;3;кольцо с крышкой для колодца
кольца и колодцы;;крышка для колодца 500;3;крышка для колодца 500
кольца и колодцы;;конусная крышка для колодца;3;конусная крышка для колодца
кольца и колодцы;;конусный люк для колодцев с крышкой;3;конусный люк для колодцев с крышкой
кольца и колодцы;;ручки для крышки колодца;3;ручки для крышки колодца
кольца и колодцы;;крышка для колодца металл;3;крышка для колодца металл
кольца и колодцы;;железобетонная крышка для колодца;3;железобетонная крышка для колодца
кольца и колодцы;;полимерно песчаный люк для колодца;3;полимерно песчаный люк для колодца
кольца и колодцы;;люк для колодца большой;3;люк для колодца большой
кольца и колодцы;;диаметр люков для канализационных колодцев;3;диаметр люков для канализационных колодцев
кольца и колодцы;;люк для колодца высота;3;люк для колодца высота
кольца и колодцы;;плавающий люк для колодца что это;3;плавающий люк для колодца что это
кольца и колодцы;;люк для колодца канализации;3;люк для колодца канализации
кольца и колодцы;;тип люка л для колодцев;3;тип люка л для колодцев
кольца и колодцы;;квадратная крышка для колодца;2;квадратная крышка для колодца
кольца и колодцы;;кольцо для крышки колодца пластиковой;2;кольцо для крышки колодца пластиковой
кольца и колодцы;;крышка жби для колодца 1;2;крышка жби для колодца 1
кольца и колодцы;;крышка жби для колодца 1 метр;2;крышка жби для колодца 1 метр
кольца и колодцы;;материалы для крышки колодца;2;материалы для крышки колодца
кольца и колодцы;;полимерпесчаная крышка для колодца;2;полимерпесчаная крышка для колодца
кольца и колодцы;;крышка для колодца пластиковая 630 мм;2;крышка для колодца пластиковая 630 мм
кольца и колодцы;;железная крышка для колодца;2;железная крышка для колодца
кольца и колодцы;;крышка для колодца 1500;2;крышка для колодца 1500
кольца и колодцы;;крышка для колодца деревянная утепляющая;2;крышка для колодца деревянная утепляющая
кольца и колодцы;;стальная крышка для колодца;2;стальная крышка для колодца
кольца и колодцы;;крышка для колодца 120 см;2;крышка для колодца 120 см
кольца и колодцы;;крышка для колодца пластиковая 120 см;2;крышка для колодца пластиковая 120 см
кольца и колодцы;;пластиковая крышка для колодца 120;2;пластиковая крышка для колодца 120
кольца и колодцы;;крышка для колодца полимерно песчаная;2;крышка для колодца полимерно песчаная
кольца и колодцы;;крышка для колодца из дерева;2;крышка для колодца из дерева
кольца и колодцы;;люк прямоугольный для колодца;2;люк прямоугольный для колодца
кольца и колодцы;;полимерные люки для колодцев прямоугольный;2;полимерные люки для колодцев прямоугольный
кольца и колодцы;;диаметр полимерного люка для колодца;2;диаметр полимерного люка для колодца
кольца и колодцы;;конус люк для колодца полимерный диаметр;2;конус люк для колодца полимерный диаметр
кольца и колодцы;;конус люк для колодца полимерный диаметр 1000;2;конус люк для колодца полимерный диаметр 1000
кольца и колодцы;;люк для колодца диаметром 1000;2;люк для колодца диаметром 1000
кольца и колодцы;;люк для колодца тюмень;2;люк для колодца тюмень
кольца и колодцы;;люк конусный для колодца полимерный;2;люк конусный для колодца полимерный
кольца и колодцы;;конусный переходник для колодцев с люком;2;конусный переходник для колодцев с люком
кольца и колодцы;;переходник для люка колодца;2;переходник для люка колодца
кольца и колодцы;;легкие люки для колодцев;2;легкие люки для колодцев
кольца и колодцы;;инструмент для открытия люков колодцев;2;инструмент для открытия люков колодцев
кольца и колодцы;;люк для колодца 15 кн;2;люк для колодца 15 кн
кольца и колодцы;;люк для колодца 600;2;люк для колодца 600
кольца и колодцы;;люк для колодца 600 мм;2;люк для колодца 600 мм
кольца и колодцы;;люк железный для колодца;2;люк железный для колодца
кольца и колодцы;;пластиковый люк для канализационного колодца;2;пластиковый люк для канализационного колодца
кольца и колодцы;;чугунный люк для колодца 600 мм;2;чугунный люк для колодца 600 мм
кольца и колодцы;;люк для колодца 315;2;люк для колодца 315
кольца и колодцы;;пластиковый квадратный люк для колодца;2;пластиковый квадратный люк для колодца
кольца и колодцы;;люк для кабельных колодцев;2;люк для кабельных колодцев
кольца и колодцы;;люки для колодцев кабельной канализации;2;люки для колодцев кабельной канализации
кольца и колодцы;;конус люк для жб колодца;2;конус люк для жб колодца
кольца и колодцы;;люк полимерный для колодцев типы;2;люк полимерный для колодцев типы
кольца и колодцы;;пк 20 плита перекрытия колодца;1;пк 20 плита перекрытия колодца
кольца и колодцы;;кольцо колодезное кс 15 6;1;кольцо колодезное кс 15 6
кольца и колодцы;;кольцо колодезное кс 7 6;1;кольцо колодезное кс 7 6
кольца и колодцы;;кольцо колодезное кс 10 5;1;кольцо колодезное кс 10 5
кольца и колодцы;;авито крышка для колодца;1;авито крышка для колодца
кольца и колодцы;;конус люк крышка для колодца;1;конус люк крышка для колодца
кольца и колодцы;;крышка для колодца 1200;1;крышка для колодца 1200
кольца и колодцы;;крышка конус для колодца пластиковая;1;крышка конус для колодца пластиковая
кольца и колодцы;;крышка конус для колодца пластиковая с люком;1;крышка конус для колодца пластиковая с люком
кольца и колодцы;;крышка люка полимерная для колодца;1;крышка люка полимерная для колодца
кольца и колодцы;;крышка для колодца бетон;1;крышка для колодца бетон
кольца и колодцы;;внутренняя крышка для колодца;1;внутренняя крышка для колодца
кольца и колодцы;;вторая крышка для колодца;1;вторая крышка для колодца
кольца и колодцы;;вторая крышка для колодца канализации;1;вторая крышка для колодца канализации
кольца и колодцы;;вторые крышки для колодцев;1;вторые крышки для колодцев
кольца и колодцы;;крышка для колодца 640 мм;1;крышка для колодца 640 мм
кольца и колодцы;;крышка для колодца 80;1;крышка для колодца 80
кольца и колодцы;;крышка для колодца 800;1;крышка для колодца 800
кольца и колодцы;;крышка для колодца бетонная без люка;1;крышка для колодца бетонная без люка
кольца и колодцы;;крышка для колодца с чугунным люком;1;крышка для колодца с чугунным люком
кольца и колодцы;;крышка жб для колодца с люком;1;крышка жб для колодца с люком
кольца и колодцы;;крышки для колодцев без люка;1;крышки для колодцев без люка
кольца и колодцы;;удлинитель для крышки колодца;1;удлинитель для крышки колодца
кольца и колодцы;;крышка для колодца домиком;1;крышка для колодца домиком
кольца и колодцы;;крышка для ревизионного колодца;1;крышка для ревизионного колодца
кольца и колодцы;;крышка для большого колодца;1;крышка для большого колодца
кольца и колодцы;;крышка для колодца из дерева круглая;1;крышка для колодца из дерева круглая
кольца и колодцы;;крышка для колодца пластик;1;крышка для колодца пластик
кольца и колодцы;;люк для колодца 1 метр;1;люк для колодца 1 метр
кольца и колодцы;;уплотнитель для люка колодца;1;уплотнитель для люка колодца
кольца и колодцы;;полимерпесчаные люки для колодцев;1;полимерпесчаные люки для колодцев
кольца и колодцы;;леруа люк для колодца;1;леруа люк для колодца
кольца и колодцы;;люк для газового колодца;1;люк для газового колодца
кольца и колодцы;;бетонное кольцо для люка колодца;1;бетонное кольцо для люка колодца
кольца и колодцы;;герметичный люк для колодца;1;герметичный люк для колодца
кольца и колодцы;;люк для ливневого колодца;1;люк для ливневого колодца
кольца и колодцы;;люк полимерный для колодцев квадратный;1;люк полимерный для колодцев квадратный
кольца и колодцы;;ручка для люка колодца;1;ручка для люка колодца
кольца и колодцы;;крючок для люка колодца;1;крючок для люка колодца
кольца и колодцы;;крючок для открывания люков колодцев;1;крючок для открывания люков колодцев
кольца и колодцы;;люк для кабельного колодца типа л;1;люк для кабельного колодца типа л
кольца и колодцы;;люк для колодца водопровода;1;люк для колодца водопровода
кольца и колодцы;;люк для колодцев легкого типа л;1;люк для колодцев легкого типа л
кольца и колодцы;;люк для телефонных колодцев легкого типа;1;люк для телефонных колодцев легкого типа
кольца и колодцы;;люк легкий для кабельных колодцев;1;люк легкий для кабельных колодцев
кольца и колодцы;;люки для кабельных колодцев телефонной канализации;1;люки для кабельных колодцев телефонной канализации
кольца и колодцы;выбор;кольца жби какие диаметры;5;кольца жби какие диаметры
кольца и колодцы;выбор;какой высоты кольцо жби стандарт;5;какой высоты кольцо жби стандарт
кольца и колодцы;выбор;какие бывают люки для колодцев;5;какие бывают люки для колодцев
кольца и колодцы;выбор;люки для колодца какие лучше;2;люки для колодца какие лучше
кольца и колодцы;выбор;какая крышка для колодца лучше;1;какая крышка для колодца лучше
кольца и колодцы;выбор|применение;какие жби кольца используются для канализации;5;какие жби кольца используются для канализации
кольца и колодцы;гео;кольца жби екатеринбург;223;кольца жби екатеринбург
кольца и колодцы;гео;жби кольца березовский;31;жби кольца березовский
кольца и колодцы;гео;кольца жби для канализации екатеринбург;30;кольца жби для канализации екатеринбург
кольца и колодцы;гео;кольца жби камышлов;27;кольца жби камышлов
кольца и колодцы;гео;жби ревда кольца;26;жби ревда кольца
кольца и колодцы;гео;кольца жби арамиль;26;кольца жби арамиль
кольца и колодцы;гео;жби кольца полевской;22;жби кольца полевской
кольца и колодцы;гео;жби кольца каменск уральский;19;жби кольца каменск уральский
кольца и колодцы;гео;жби кольца сухой лог;14;жби кольца сухой лог
кольца и колодцы;гео;кольца жби нижний тагил;14;кольца жби нижний тагил
кольца и колодцы;гео;жби кольца в алапаевске;7;жби кольца в алапаевске
кольца и колодцы;гео;картинка екатеринбург кольцо трамвая жби панельная;5;картинка екатеринбург кольцо трамвая жби панельная
кольца и колодцы;гео;конус люк для колодца полимерный екатеринбург;5;конус люк для колодца полимерный екатеринбург
кольца и колодцы;как сделать;как сделать жби кольца;6;как сделать жби кольца
кольца и колодцы;как сделать;как правильно установить жби кольца;6;как правильно установить жби кольца
кольца и колодцы;как сделать;как устанавливать жби кольца;6;как устанавливать жби кольца
кольца и колодцы;как сделать;как сделать крышку для колодца;6;как сделать крышку для колодца
кольца и колодцы;как сделать;крышка для колодца своими руками;3;крышка для колодца своими руками
кольца и колодцы;как сделать;крышка для колодца своими руками из дерева;1;крышка для колодца своими руками из дерева
кольца и колодцы;коммерческий;купить жби кольца;461;купить жби кольца
кольца и колодцы;коммерческий;кольца жби цена;187;кольца жби цена
кольца и колодцы;коммерческий;купить люк для колодца;114;купить люк для колодца
кольца и колодцы;коммерческий;купить кольца жби для канализации;90;купить кольца жби для канализации
кольца и колодцы;коммерческий;кольцо для канализации жби цена;64;кольцо для канализации жби цена
кольца и колодцы;коммерческий;крышка для колодца купить;51;крышка для колодца купить
кольца и колодцы;коммерческий;кольцо жби 1.5 цена;35;кольцо жби 1.5 цена
кольца и колодцы;коммерческий;купить крышку люка для колодца;26;купить крышку люка для колодца
кольца и колодцы;коммерческий;кольца жби 1.5 м цена;23;кольца жби 1.5 м цена
кольца и колодцы;коммерческий;купить пластиковые люки для колодцев;22;купить пластиковые люки для колодцев
кольца и колодцы;коммерческий;люк для колодца полимерный купить;18;люк для колодца полимерный купить
кольца и колодцы;коммерческий;кольцо жби 1м цена;17;кольцо жби 1м цена
кольца и колодцы;коммерческий;крышка для колодца пластиковая купить;16;крышка для колодца пластиковая купить
кольца и колодцы;коммерческий;авито купить кольцо жби;15;авито купить кольцо жби
кольца и колодцы;коммерческий;купить жби кольца 1.5;14;купить жби кольца 1.5
кольца и колодцы;коммерческий;крышки для колодцев цена;14;крышки для колодцев цена
кольца и колодцы;коммерческий;люк для колодца чугунный купить;14;люк для колодца чугунный купить
кольца и колодцы;коммерческий;жби кольца для канализации 1.5 м цена;13;жби кольца для канализации 1.5 м цена
кольца и колодцы;коммерческий;кольцо для канализации жби 1.5 цена;13;кольцо для канализации жби 1.5 цена
кольца и колодцы;коммерческий;где купить люк для колодца;13;где купить люк для колодца
кольца и колодцы;коммерческий;купить кольцо жби 1м;11;купить кольцо жби 1м
кольца и колодцы;коммерческий;купить кольцо жби 1.5 метра;11;купить кольцо жби 1.5 метра
кольца и колодцы;коммерческий;купить кольца жби цена;10;купить кольца жби цена
кольца и колодцы;коммерческий;купить кольца жби для септика;10;купить кольца жби для септика
кольца и колодцы;коммерческий;люк для колодца цена;10;люк для колодца цена
кольца и колодцы;коммерческий;кольцо жби 1.5 метра цена;9;кольцо жби 1.5 метра цена
кольца и колодцы;коммерческий;купить кольцо жби 1.5 метра на авито;9;купить кольцо жби 1.5 метра на авито
кольца и колодцы;коммерческий;бетонная крышка для колодца цена;8;бетонная крышка для колодца цена
кольца и колодцы;коммерческий;купить крышку люка для колодца пластиковый;8;купить крышку люка для колодца пластиковый
кольца и колодцы;коммерческий;жби кольца кс 20 9 цены;7;жби кольца кс 20 9 цены
кольца и колодцы;коммерческий;р п пышма купить кольца жби;7;р п пышма купить кольца жби
кольца и колодцы;коммерческий;кольцо жби для колодца купить;7;кольцо жби для колодца купить
кольца и колодцы;коммерческий;купить бетонную крышку для колодца;7;купить бетонную крышку для колодца
кольца и колодцы;коммерческий;где купить крюк для вскрытия люков колодцев;7;где купить крюк для вскрытия люков колодцев
кольца и колодцы;коммерческий;кольцо жби 2 метра цена;6;кольцо жби 2 метра цена
кольца и колодцы;коммерческий;люк чугунный для колодцев цена;6;люк чугунный для колодцев цена
кольца и колодцы;коммерческий;стоимость жби кольца;5;стоимость жби кольца
кольца и колодцы;коммерческий;кольца жби 2м цена;5;кольца жби 2м цена
кольца и колодцы;коммерческий;кольца жби для канализации 2м цена;5;кольца жби для канализации 2м цена
кольца и колодцы;коммерческий;купить кольца жби для канализации цена;5;купить кольца жби для канализации цена
кольца и колодцы;коммерческий;жби кольцо 1 цена;5;жби кольцо 1 цена
кольца и колодцы;коммерческий;цена кольца жби 1 5;5;цена кольца жби 1 5
кольца и колодцы;коммерческий;купить крышку для колодца на кольцо бетонное;5;купить крышку для колодца на кольцо бетонное
кольца и колодцы;коммерческий;купить крышку для кольца колодца;5;купить крышку для кольца колодца
кольца и колодцы;коммерческий;металлический люк для колодца купить;5;металлический люк для колодца купить
кольца и колодцы;коммерческий;кольцо колодезное кс 10 10 цена;4;кольцо колодезное кс 10 10 цена
кольца и колодцы;коммерческий;колодезные кольца кс 10 9 цена;3;колодезные кольца кс 10 9 цена
кольца и колодцы;коммерческий;крышка для колодца круглая купить;3;крышка для колодца круглая купить
кольца и колодцы;коммерческий;люк конусный для колодца купить;3;люк конусный для колодца купить
кольца и колодцы;коммерческий;крюк для открывания крышки люка колодца купить;2;крюк для открывания крышки люка колодца купить
кольца и колодцы;коммерческий;купить для колодца крышка чугунная;2;купить для колодца крышка чугунная
кольца и колодцы;коммерческий;крышка для колодца деревянная купить;2;крышка для колодца деревянная купить
кольца и колодцы;коммерческий;крюк для открывания люков колодцев купить;2;крюк для открывания люков колодцев купить
кольца и колодцы;коммерческий;люк конусный для колодца полимерный купить;2;люк конусный для колодца полимерный купить
кольца и колодцы;коммерческий;купить кольца колодезные кс;1;купить кольца колодезные кс
кольца и колодцы;коммерческий;кольцо колодезное кс 15 9 цена;1;кольцо колодезное кс 15 9 цена
кольца и колодцы;коммерческий;купить крышку для канализационного колодца;1;купить крышку для канализационного колодца
кольца и колодцы;коммерческий;купить крышку люка для колодца чугунный;1;купить крышку люка для колодца чугунный
кольца и колодцы;коммерческий;крышка люк для колодца полимерный купить;1;крышка люк для колодца полимерный купить
кольца и колодцы;коммерческий;крышка для колодца с люком цена;1;крышка для колодца с люком цена
кольца и колодцы;коммерческий;чугунные крышки для колодцев цена;1;чугунные крышки для колодцев цена
кольца и колодцы;коммерческий;люк для колодца полимерный купить в леруа;1;люк для колодца полимерный купить в леруа
кольца и колодцы;коммерческий;люк полимерный для колодцев цена;1;люк полимерный для колодцев цена
кольца и колодцы;коммерческий;бетонные люки для колодцев купить;1;бетонные люки для колодцев купить
кольца и колодцы;коммерческий;купить люк для колодца из бетонных колец;1;купить люк для колодца из бетонных колец
кольца и колодцы;коммерческий|гео;кольца жби купить в екатеринбурге;113;кольца жби купить в екатеринбурге
кольца и колодцы;коммерческий|гео;купить кольца жби в березовском;27;купить кольца жби в березовском
кольца и колодцы;коммерческий|гео;купить жби кольца для канализации в екатеринбурге;17;купить жби кольца для канализации в екатеринбурге
кольца и колодцы;коммерческий|гео;жби кольца купить в нижнем тагиле;10;жби кольца купить в нижнем тагиле
кольца и колодцы;коммерческий|гео;купить кольца жби сухой лог;8;купить кольца жби сухой лог
кольца и колодцы;коммерческий|гео;купить жби кольца в первоуральске;6;купить жби кольца в первоуральске
кольца и колодцы;коммерческий|гео;люк полимерный для колодцев купить екатеринбург;6;люк полимерный для колодцев купить екатеринбург
кольца и колодцы;коммерческий|гео;купить жби кольца в среднеуральске свердловской область;5;купить жби кольца в среднеуральске свердловской область
кольца и колодцы;коммерческий|гео;люк чугунный для колодцев купить в среднеуральск;5;люк чугунный для колодцев купить в среднеуральск
кольца и колодцы;коммерческий|применение;купить люк для дренажного колодца;29;купить люк для дренажного колодца
кольца и колодцы;коммерческий|применение;купить крышку для дренажного колодца;20;купить крышку для дренажного колодца
кольца и колодцы;коммерческий|применение;купить крышку люка для дренажного колодца;20;купить крышку люка для дренажного колодца
кольца и колодцы;коммерческий|применение;купить люк для дренажного колодца 500;6;купить люк для дренажного колодца 500
кольца и колодцы;коммерческий|характеристики;кольца жби размеры и цены;35;кольца жби размеры и цены
кольца и колодцы;коммерческий|характеристики;жби кольца для канализации размеры и цены;23;жби кольца для канализации размеры и цены
кольца и колодцы;коммерческий|характеристики;кольцо жби 1м размеры цена;8;кольцо жби 1м размеры цена
кольца и колодцы;коммерческий|характеристики;кольцо колодезное кс 10 9 размеры цена;3;кольцо колодезное кс 10 9 размеры цена
кольца и колодцы;коммерческий|характеристики;бетонные крышки для колодцев размеры цены;3;бетонные крышки для колодцев размеры цены
кольца и колодцы;коммерческий|характеристики;крышки для колодцев размеры цены;3;крышки для колодцев размеры цены
кольца и колодцы;коммерческий|характеристики;кольцо колодезное кс 15 9 размеры цена;1;кольцо колодезное кс 15 9 размеры цена
кольца и колодцы;применение;люк для дренажного колодца;42;люк для дренажного колодца
кольца и колодцы;применение;крышка для дренажного колодца;38;крышка для дренажного колодца
кольца и колодцы;применение;люк крышка для дренажного колодца;24;люк крышка для дренажного колодца
кольца и колодцы;применение;крышка дно для дренажного колодца;16;крышка дно для дренажного колодца
кольца и колодцы;применение;люк пластиковый для дренажного колодца;16;люк пластиковый для дренажного колодца
кольца и колодцы;применение;крышка для бетонного колодца 1;11;крышка для бетонного колодца 1
кольца и колодцы;применение;крышка для дренажного колодца 400;10;крышка для дренажного колодца 400
кольца и колодцы;применение;люк для дренажного колодца 400;10;люк для дренажного колодца 400
кольца и колодцы;применение;крышка для дренажного колодца 460;7;крышка для дренажного колодца 460
кольца и колодцы;применение;крышки для бетонных колец на колодцах;5;крышки для бетонных колец на колодцах
кольца и колодцы;применение;крышка для бетонного колодца пластиковая;2;крышка для бетонного колодца пластиковая
кольца и колодцы;применение;крышка для дренажного колодца 315;2;крышка для дренажного колодца 315
кольца и колодцы;применение;крышка пластиковая 630 мм для дренажного колодца;2;крышка пластиковая 630 мм для дренажного колодца
кольца и колодцы;применение;люк для дренажного колодца чугунный;2;люк для дренажного колодца чугунный
кольца и колодцы;расчёт;объем жби кольца;61;объем жби кольца
кольца и колодцы;расчёт;кольца жби сколько кубов;58;кольца жби сколько кубов
кольца и колодцы;расчёт;сколько весит кольцо жби;35;сколько весит кольцо жби
кольца и колодцы;расчёт;жби кольцо 1.5 сколько кубов;26;жби кольцо 1.5 сколько кубов
кольца и колодцы;расчёт;внутренний объем кольца жби;16;внутренний объем кольца жби
кольца и колодцы;расчёт;сколько весит жби кольцо 1;16;сколько весит жби кольцо 1
кольца и колодцы;расчёт;кольцо жби сколько в кубе;15;кольцо жби сколько в кубе
кольца и колодцы;расчёт;кольцо жби 1.5 объем;15;кольцо жби 1.5 объем
кольца и колодцы;расчёт;крышка для колодца вес;15;крышка для колодца вес
кольца и колодцы;расчёт;сколько стоит жби кольца;14;сколько стоит жби кольца
кольца и колодцы;расчёт;кольца жби 1.5 м сколько кубов;14;кольца жби 1.5 м сколько кубов
кольца и колодцы;расчёт;сколько весит кольцо жби 1 метр;12;сколько весит кольцо жби 1 метр
кольца и колодцы;расчёт;вес кольца жби 1;11;вес кольца жби 1
кольца и колодцы;расчёт;бетонная крышка для колодца вес;11;бетонная крышка для колодца вес
кольца и колодцы;расчёт;кольцо жби кс 10.9 объем внутренний;9;кольцо жби кс 10.9 объем внутренний
кольца и колодцы;расчёт;сколько стоит жби кольца для канализации;8;сколько стоит жби кольца для канализации
кольца и колодцы;расчёт;жби кольцо 1.5 вес;8;жби кольцо 1.5 вес
кольца и колодцы;расчёт;объем кольца жби 1.75;8;объем кольца жби 1.75
кольца и колодцы;расчёт;сколько кубов 1 кольцо жби;8;сколько кубов 1 кольцо жби
кольца и колодцы;расчёт;кольцо жби 2 метра сколько кубов;7;кольцо жби 2 метра сколько кубов
кольца и колодцы;расчёт;кольцо жби кс 15.9 объем внутренний;7;кольцо жби кс 15.9 объем внутренний
кольца и колодцы;расчёт;вес кольца жби 1 метр;7;вес кольца жби 1 метр
кольца и колодцы;расчёт;сколько весит чугунный люк для канализационного колодца;7;сколько весит чугунный люк для канализационного колодца
кольца и колодцы;расчёт;сколько весит чугунный люк для колодца;7;сколько весит чугунный люк для колодца
кольца и колодцы;расчёт;сколько весит кольцо жби 2 метра;6;сколько весит кольцо жби 2 метра
кольца и колодцы;расчёт;сколько весит кольцо жби 2 на 2;6;сколько весит кольцо жби 2 на 2
кольца и колодцы;расчёт;жби кольца сколько метровые;5;жби кольца сколько метровые
кольца и колодцы;расчёт;сколько воды в жби кольце;5;сколько воды в жби кольце
кольца и колодцы;расчёт;сколько весит крышка для колодца;5;сколько весит крышка для колодца
кольца и колодцы;расчёт;сколько стоит крышка для колодца;3;сколько стоит крышка для колодца
кольца и колодцы;расчёт;крышка бетонная для колодца 1 метр вес;2;крышка бетонная для колодца 1 метр вес
кольца и колодцы;расчёт;сколько стоит люк для колодца;1;сколько стоит люк для колодца
кольца и колодцы;расчёт|характеристики;жби кольца размеры и вес;6;жби кольца размеры и вес
кольца и колодцы;характеристики;кольца жби размеры;158;кольца жби размеры
кольца и колодцы;характеристики;кольца жби для канализации размеры;32;кольца жби для канализации размеры
кольца и колодцы;характеристики;люк для колодца размеры;20;люк для колодца размеры
кольца и колодцы;характеристики;размеры жби колец для колодца;14;размеры жби колец для колодца
кольца и колодцы;характеристики;кольцо жби 1м размеры;13;кольцо жби 1м размеры
кольца и колодцы;характеристики;люки для колодцев гост;12;люки для колодцев гост
кольца и колодцы;характеристики;крышка для колодцев размеры;7;крышка для колодцев размеры
кольца и колодцы;характеристики;гост люки чугунные для колодцев смотровых;7;гост люки чугунные для колодцев смотровых
кольца и колодцы;характеристики;люк чугунный для колодцев гост;7;люк чугунный для колодцев гост
кольца и колодцы;характеристики;кольца жби кс 10 9 размеры;6;кольца жби кс 10 9 размеры
кольца и колодцы;характеристики;люк для колодца полимерный размеры;6;люк для колодца полимерный размеры
кольца и колодцы;характеристики;размеры люков для канализационных колодцев;5;размеры люков для канализационных колодцев
кольца и колодцы;характеристики;размеры люков для канализационных колодцев круглые;4;размеры люков для канализационных колодцев круглые
кольца и колодцы;характеристики;кольцо колодезное кс 10 9 размеры;3;кольцо колодезное кс 10 9 размеры
кольца и колодцы;характеристики;бетонная крышка для колодца размеры;3;бетонная крышка для колодца размеры
кольца и колодцы;характеристики;люки для колодцев гост 3634 99;3;люки для колодцев гост 3634 99
кольца и колодцы;характеристики;квадратные люки для колодцев размеры пластиковые;2;квадратные люки для колодцев размеры пластиковые
кольца и колодцы;характеристики;размеры пластиковых люков для колодцев;2;размеры пластиковых люков для колодцев
кольца и колодцы;характеристики;кольцо колодезное кс 15 9 размеры;1;кольцо колодезное кс 15 9 размеры
лотки и водоотвод;;дождеприемники;1910;дождеприемники
лотки и водоотвод;;дождеприемник;1910;дождеприемник
лотки и водоотвод;;бетонные лотки водоотводные;1489;бетонные лотки водоотводные
лотки и водоотвод;;лоток водоотводный бетонный;1489;лоток водоотводный бетонный
лотки и водоотвод;;лотки жби;401;лотки жби
лотки и водоотвод;;лотки теплотрасс;302;лотки теплотрасс
лотки и водоотвод;;дождеприемник пластиковый;163;дождеприемник пластиковый
лотки и водоотвод;;решетка дождеприемника;151;решетка дождеприемника
лотки и водоотвод;;лоток водоотводный бетонный с решеткой;141;лоток водоотводный бетонный с решеткой
лотки и водоотвод;;лотки жби водоотводные;130;лотки жби водоотводные
лотки и водоотвод;;лоток для теплотрассы;117;лоток для теплотрассы
лотки и водоотвод;;дождеприемник лоток;105;дождеприемник лоток
лотки и водоотвод;;дождеприемник чугунный;85;дождеприемник чугунный
лотки и водоотвод;;дождеприемник круглый;85;дождеприемник круглый
лотки и водоотвод;;дождеприемник 300х300;76;дождеприемник 300х300
лотки и водоотвод;;дождеприемник для водостока;73;дождеприемник для водостока
лотки и водоотвод;;дождеприемник дм2;70;дождеприемник дм2
лотки и водоотвод;;дождеприемник с250;66;дождеприемник с250
лотки и водоотвод;;лоток водоотводный бетонный betomax;64;лоток водоотводный бетонный betomax
лотки и водоотвод;;жби лотки для канавы;63;жби лотки для канавы
лотки и водоотвод;;лоток жби водоотводной для канавы;62;лоток жби водоотводной для канавы
лотки и водоотвод;;водоотводные лотки бетонные высота;61;водоотводные лотки бетонные высота
лотки и водоотвод;;дождеприемники для ливневой;58;дождеприемники для ливневой
лотки и водоотвод;;дождеприемник в125;56;дождеприемник в125
лотки и водоотвод;;дождеприемник дб2;55;дождеприемник дб2
лотки и водоотвод;;лоток водоотводный 1000 бетонный;55;лоток водоотводный 1000 бетонный
лотки и водоотвод;;дождеприемник аквасток;53;дождеприемник аквасток
лотки и водоотвод;;дождеприемники для ливневой канализации;53;дождеприемники для ливневой канализации
лотки и водоотвод;;дождеприемник большой;51;дождеприемник большой
лотки и водоотвод;;лоток бетонный водоотводной лв;50;лоток бетонный водоотводной лв
лотки и водоотвод;;водоотводные лотки бетонные с чугунными;50;водоотводные лотки бетонные с чугунными
лотки и водоотвод;;дождеприемник прямоугольный;49;дождеприемник прямоугольный
лотки и водоотвод;;лоток водоотводный бетонный с чугунной решеткой;49;лоток водоотводный бетонный с чугунной решеткой
лотки и водоотвод;;дождеприемник дб;48;дождеприемник дб
лотки и водоотвод;;дождеприемник в сборе;46;дождеприемник в сборе
лотки и водоотвод;;лоток бетонный для теплотрассы;40;лоток бетонный для теплотрассы
лотки и водоотвод;;колодец дождеприемник;38;колодец дождеприемник
лотки и водоотвод;;лоток водоотводный бетонный лвб;37;лоток водоотводный бетонный лвб
лотки и водоотвод;;дождеприемник пластик;36;дождеприемник пластик
лотки и водоотвод;;дождеприемник 60 60;36;дождеприемник 60 60
лотки и водоотвод;;дождеприемник стандартпарк;36;дождеприемник стандартпарк
лотки и водоотвод;;лоток бетонный водоотводный сечение;35;лоток бетонный водоотводный сечение
лотки и водоотвод;;дождеприемник 400х400;34;дождеприемник 400х400
лотки и водоотвод;;дождеприемник 400х400 пластиковый;34;дождеприемник 400х400 пластиковый
лотки и водоотвод;;лотки бетонные водоотводные 400;34;лотки бетонные водоотводные 400
лотки и водоотвод;;дождеприемник 300х300х300;33;дождеприемник 300х300х300
лотки и водоотвод;;дорожный лоток водоотводный бетонный;33;дорожный лоток водоотводный бетонный
лотки и водоотвод;;лоток водоотводный бетонный открытый;33;лоток водоотводный бетонный открытый
лотки и водоотвод;;дождеприемник пластиковый 300х300;32;дождеприемник пластиковый 300х300
лотки и водоотвод;;дождеприемник 300х300х300 мм;32;дождеприемник 300х300х300 мм
лотки и водоотвод;;дождеприемник дм2 с250;31;дождеприемник дм2 с250
лотки и водоотвод;;лоток водоотводной бетонный 1000 мм;31;лоток водоотводной бетонный 1000 мм
лотки и водоотвод;;лоток водоотводный бетонный е600;30;лоток водоотводный бетонный е600
лотки и водоотвод;;дождеприемники в отмостке;29;дождеприемники в отмостке
лотки и водоотвод;;плита дождеприемника;29;плита дождеприемника
лотки и водоотвод;;дождеприемник дб2 в125;28;дождеприемник дб2 в125
лотки и водоотвод;;дождеприемник gidrolica;28;дождеприемник gidrolica
лотки и водоотвод;;лоток водоотводный бетонный d400;28;лоток водоотводный бетонный d400
лотки и водоотвод;;жби лотки теплотрасс;27;жби лотки теплотрасс
лотки и водоотвод;;дождеприемник для водостока с крыши;27;дождеприемник для водостока с крыши
лотки и водоотвод;;лоток водоотводный бетонный dn100;27;лоток водоотводный бетонный dn100
лотки и водоотвод;;дождеприемник polymax;26;дождеприемник polymax
лотки и водоотвод;;дождеприемник polymax basic;26;дождеприемник polymax basic
лотки и водоотвод;;дождеприемник с пластиковой решеткой;26;дождеприемник с пластиковой решеткой
лотки и водоотвод;;лоток водоотводный бетонный коробчатый;26;лоток водоотводный бетонный коробчатый
лотки и водоотвод;;дождеприемник пластик с решеткой;25;дождеприемник пластик с решеткой
лотки и водоотвод;;дождеприемник металлический;25;дождеприемник металлический
лотки и водоотвод;;дождеприемники чугунные прямоугольные;23;дождеприемники чугунные прямоугольные
лотки и водоотвод;;дождеприемник 10 10;23;дождеприемник 10 10
лотки и водоотвод;;лотки водоотводные бетонные betomax drive;23;лотки водоотводные бетонные betomax drive
лотки и водоотвод;;дождеприемник черный;22;дождеприемник черный
лотки и водоотвод;;дождеприемник дб1;22;дождеприемник дб1
лотки и водоотвод;;лоток бетонный водоотводный длиной 1000;22;лоток бетонный водоотводный длиной 1000
лотки и водоотвод;;лоток водоотводный бетонный длиной 1000 мм;22;лоток водоотводный бетонный длиной 1000 мм
лотки и водоотвод;;бетонные водоотводные коробчатые лотки со;22;бетонные водоотводные коробчатые лотки со
лотки и водоотвод;;люк дождеприемник;21;люк дождеприемник
лотки и водоотвод;;дождеприемник 300х300х300 мм пластик;21;дождеприемник 300х300х300 мм пластик
лотки и водоотвод;;дождеприемник гидролика;21;дождеприемник гидролика
лотки и водоотвод;;дождеприемник чугунный дб2;20;дождеприемник чугунный дб2
лотки и водоотвод;;дождеприемник пластиковый в сборе;20;дождеприемник пластиковый в сборе
лотки и водоотвод;;дождеприемник polymax basic пластиковый;20;дождеприемник polymax basic пластиковый
лотки и водоотвод;;дождеприемник дм;20;дождеприемник дм
лотки и водоотвод;;лоток водоотводный бетонный optima;20;лоток водоотводный бетонный optima
лотки и водоотвод;;лоток водоотводный бетонный лвб optima;20;лоток водоотводный бетонный лвб optima
лотки и водоотвод;;дождеприемник д;19;дождеприемник д
лотки и водоотвод;;дождеприемник плавающий;19;дождеприемник плавающий
лотки и водоотвод;;дождеприемник высота;19;дождеприемник высота
лотки и водоотвод;;лоток бетонный водоотводной basic;19;лоток бетонный водоотводной basic
лотки и водоотвод;;лоток водоотводный betomax basic бетонный;19;лоток водоотводный betomax basic бетонный
лотки и водоотвод;;лоток водоотводный бетонный dn200;19;лоток водоотводный бетонный dn200
лотки и водоотвод;;лоток водоотводный бетонный aquastok;19;лоток водоотводный бетонный aquastok
лотки и водоотвод;;крышка лотка теплотрассы;18;крышка лотка теплотрассы
лотки и водоотвод;;дождеприемник дк;18;дождеприемник дк
лотки и водоотвод;;дождеприемник круглый с250;18;дождеприемник круглый с250
лотки и водоотвод;;дренажный дождеприемник;18;дренажный дождеприемник
лотки и водоотвод;;дождеприемник большой дб2;18;дождеприемник большой дб2
лотки и водоотвод;;дождеприемник прямоугольный большой;18;дождеприемник прямоугольный большой
лотки и водоотвод;;дождеприемник 300х300х300 мм пластик с решеткой;18;дождеприемник 300х300х300 мм пластик с решеткой
лотки и водоотвод;;трап дождеприемник;17;трап дождеприемник
лотки и водоотвод;;дождеприемник 200х200;17;дождеприемник 200х200
лотки и водоотвод;;дождеприемник вчшг;17;дождеприемник вчшг
лотки и водоотвод;;дождеприемник master 350х350х420;17;дождеприемник master 350х350х420
лотки и водоотвод;;дождеприемник дм1;16;дождеприемник дм1
лотки и водоотвод;;дождеприемники боковой;16;дождеприемники боковой
лотки и водоотвод;;дождеприемник стальной;16;дождеприемник стальной
лотки и водоотвод;;дождеприемник b125;16;дождеприемник b125
лотки и водоотвод;;дождеприемник пп;16;дождеприемник пп
лотки и водоотвод;;плита под дождеприемник;16;плита под дождеприемник
лотки и водоотвод;;дождеприемник дп;16;дождеприемник дп
лотки и водоотвод;;корзина для дождеприемника;16;корзина для дождеприемника
лотки и водоотвод;;труба под дождеприемник;16;труба под дождеприемник
лотки и водоотвод;;лоток водоотводный бетонный лвб norma;16;лоток водоотводный бетонный лвб norma
лотки и водоотвод;;лоток водоотводный бетонный dn150;16;лоток водоотводный бетонный dn150
лотки и водоотвод;;плита лотка теплотрассы;15;плита лотка теплотрассы
лотки и водоотвод;;дождеприемник 300 300;15;дождеприемник 300 300
лотки и водоотвод;;лоток бетонный водоотводный 150;15;лоток бетонный водоотводный 150
лотки и водоотвод;;лоток водоотводный бетонный 300;15;лоток водоотводный бетонный 300
лотки и водоотвод;;лотки бетонные водоотводные с решеткой щелевой;15;лотки бетонные водоотводные с решеткой щелевой
лотки и водоотвод;;лоток бетонный водоотводный с решеткой чугунной щелевой;15;лоток бетонный водоотводный с решеткой чугунной щелевой
лотки и водоотвод;;труба для дождеприемника;14;труба для дождеприемника
лотки и водоотвод;;лучший дождеприемник;14;лучший дождеприемник
лотки и водоотвод;;крышка дождеприемника;14;крышка дождеприемника
лотки и водоотвод;;дождеприемник polymax 300х300;14;дождеприемник polymax 300х300
лотки и водоотвод;;дождеприемник polymax basic пластиковый 300х300;14;дождеприемник polymax basic пластиковый 300х300
лотки и водоотвод;;дождеприемник standartpark;14;дождеприемник standartpark
лотки и водоотвод;;дождеприемник чугунный дб2 в125;14;дождеприемник чугунный дб2 в125
лотки и водоотвод;;дождеприемник большой дб2 в125;14;дождеприемник большой дб2 в125
лотки и водоотвод;;вода в дождеприемнике;14;вода в дождеприемнике
лотки и водоотвод;;комплект дождеприемника;14;комплект дождеприемника
лотки и водоотвод;;дождеприемник оцинкованный;14;дождеприемник оцинкованный
лотки и водоотвод;;решетка дождеприемника оцинкованная;14;решетка дождеприемника оцинкованная
лотки и водоотвод;;дождеприемник для ливневки;14;дождеприемник для ливневки
лотки и водоотвод;;лоток водоотводный бетонный 50;14;лоток водоотводный бетонный 50
лотки и водоотвод;;лотки водоотводные бетонные высотой 1000;14;лотки водоотводные бетонные высотой 1000
лотки и водоотвод;;петрович дождеприемник;13;петрович дождеприемник
лотки и водоотвод;;дождеприемник зимой;13;дождеприемник зимой
лотки и водоотвод;;соединение дождеприемника;13;соединение дождеприемника
лотки и водоотвод;;mch дождеприемник;13;mch дождеприемник
лотки и водоотвод;;дождеприемник chudej;13;дождеприемник chudej
лотки и водоотвод;;дождеприемник 110;13;дождеприемник 110
лотки и водоотвод;;дождеприемник aquadrenag;13;дождеприемник aquadrenag
лотки и водоотвод;;лоток водоотводный бетонный 500;13;лоток водоотводный бетонный 500
лотки и водоотвод;;жби лотки бетонные;12;жби лотки бетонные
лотки и водоотвод;;дождеприемник дб в125;12;дождеприемник дб в125
лотки и водоотвод;;дождеприемник дм 2;12;дождеприемник дм 2
лотки и водоотвод;;дождеприемник polymax basic пластиковый 300х300 h300;12;дождеприемник polymax basic пластиковый 300х300 h300
лотки и водоотвод;;дождеприемник дб2 2;12;дождеприемник дб2 2
лотки и водоотвод;;дождеприемник дб2 в125 2;12;дождеприемник дб2 в125 2
лотки и водоотвод;;дождеприемник дм2 круглый;12;дождеприемник дм2 круглый
лотки и водоотвод;;дождеприемник spark;12;дождеприемник spark
лотки и водоотвод;;лоток водоотводный бетонный 200;12;лоток водоотводный бетонный 200
лотки и водоотвод;;лоток водоотводный бетонный 1000х140х130мм betomax basic;12;лоток водоотводный бетонный 1000х140х130мм betomax basic
лотки и водоотвод;;лоток водоотводный бетонный лвб aquastok optima;12;лоток водоотводный бетонный лвб aquastok optima
лотки и водоотвод;;лоток водоотводный бетонный dn500;12;лоток водоотводный бетонный dn500
лотки и водоотвод;;лоток железобетонный для теплотрассы;11;лоток железобетонный для теплотрассы
лотки и водоотвод;;трубы в лотке теплотрассы;11;трубы в лотке теплотрассы
лотки и водоотвод;;перекрытие лотков теплотрассы;11;перекрытие лотков теплотрассы
лотки и водоотвод;;крышка лотка жби;11;крышка лотка жби
лотки и водоотвод;;дождеприемник а15;11;дождеприемник а15
лотки и водоотвод;;решетка дождеприемника круглая;11;решетка дождеприемника круглая
лотки и водоотвод;;дождеприемник s park;11;дождеприемник s park
лотки и водоотвод;;дождеприемник магистральный;11;дождеприемник магистральный
лотки и водоотвод;;дождеприемник чугун;11;дождеприемник чугун
лотки и водоотвод;;стандартпарк решетка дождеприемника;11;стандартпарк решетка дождеприемника
лотки и водоотвод;;дождеприемник дб1 в125;11;дождеприемник дб1 в125
лотки и водоотвод;;дождеприемник дм2 прямоугольный;11;дождеприемник дм2 прямоугольный
лотки и водоотвод;;дождеприемники для ливневки стальной;11;дождеприемники для ливневки стальной
лотки и водоотвод;;дождеприемник бетонный;11;дождеприемник бетонный
лотки и водоотвод;;водоотводной лоток бетонный с решеткой betomax;11;водоотводной лоток бетонный с решеткой betomax
лотки и водоотвод;;лоток водоотводный бетонный расценка;11;лоток водоотводный бетонный расценка
лотки и водоотвод;;лотки теплотрасс л;10;лотки теплотрасс л
лотки и водоотвод;;лоток теплотрассы л 8;10;лоток теплотрассы л 8
лотки и водоотвод;;ширина лотка теплотрассы;10;ширина лотка теплотрассы
лотки и водоотвод;;дождеприемник дм1 с250;10;дождеприемник дм1 с250
лотки и водоотвод;;дождеприемник под водосточную трубу;10;дождеприемник под водосточную трубу
лотки и водоотвод;;дождеприемник трап под водосточную трубу;10;дождеприемник трап под водосточную трубу
лотки и водоотвод;;корзина дождеприемника пластиковая;10;корзина дождеприемника пластиковая
лотки и водоотвод;;дождеприемник большой дб;10;дождеприемник большой дб
лотки и водоотвод;;дождеприемник дм с250;10;дождеприемник дм с250
лотки и водоотвод;;типы дождеприемников;10;типы дождеприемников
лотки и водоотвод;;дождеприемник gidrolica point;10;дождеприемник gidrolica point
лотки и водоотвод;;дождеприемник круглый дк;10;дождеприемник круглый дк
лотки и водоотвод;;квадратный дождеприемник;10;квадратный дождеприемник
лотки и водоотвод;;лоток тротуарный водоотводный бетонный;10;лоток тротуарный водоотводный бетонный
лотки и водоотвод;;лоток водоотводный бетонный с оцинкованной насадкой;10;лоток водоотводный бетонный с оцинкованной насадкой
лотки и водоотвод;;лоток водоотводный бетонный 100;10;лоток водоотводный бетонный 100
лотки и водоотвод;;лотки теплотрассы смета;9;лотки теплотрассы смета
лотки и водоотвод;;ж б лотки теплотрассы;9;ж б лотки теплотрассы
лотки и водоотвод;;завод жби лоток;9;завод жби лоток
лотки и водоотвод;;армейский привоз жби лоток;9;армейский привоз жби лоток
лотки и водоотвод;;дождеприемник пластиковый 200х200;9;дождеприемник пластиковый 200х200
лотки и водоотвод;;дождеприемник расценка;9;дождеприемник расценка
лотки и водоотвод;;дождеприемник в сборе 300х300;9;дождеприемник в сборе 300х300
лотки и водоотвод;;дождеприемник водосточной с;9;дождеприемник водосточной с
лотки и водоотвод;;дождеприемник с чугунной решеткой;9;дождеприемник с чугунной решеткой
лотки и водоотвод;;дождеприемник дб 2;9;дождеприемник дб 2
лотки и водоотвод;;дождеприемник магистральный дм2;9;дождеприемник магистральный дм2
лотки и водоотвод;;дождеприемник магистральный дм2 с250;9;дождеприемник магистральный дм2 с250
лотки и водоотвод;;дождеприемник плавающий чугунный;9;дождеприемник плавающий чугунный
лотки и водоотвод;;лоток бетонный водоотводный пластиковый;9;лоток бетонный водоотводный пластиковый
лотки и водоотвод;;лоток водоотводный бетонный 300мм;9;лоток водоотводный бетонный 300мм
лотки и водоотвод;;лоток водоотводный бетонный расценка в смете;9;лоток водоотводный бетонный расценка в смете
лотки и водоотвод;;лоток водоотводный бетонный смета;9;лоток водоотводный бетонный смета
лотки и водоотвод;;лоток водоотводный бетонный с250;9;лоток водоотводный бетонный с250
лотки и водоотвод;;лоток водоотводный бетонный steepro;9;лоток водоотводный бетонный steepro
лотки и водоотвод;;лоток водоотводный бетонный optima dn200;9;лоток водоотводный бетонный optima dn200
лотки и водоотвод;;люк дождеприемник круглый;8;люк дождеприемник круглый
лотки и водоотвод;;дождеприемник аквасток 300х300;8;дождеприемник аквасток 300х300
лотки и водоотвод;;дождеприемник под 110 трубу;8;дождеприемник под 110 трубу
лотки и водоотвод;;решетка дождеприемника пластиковая 300х300;8;решетка дождеприемника пластиковая 300х300
лотки и водоотвод;;дождеприемник 300х300 мм;8;дождеприемник 300х300 мм
лотки и водоотвод;;дождеприемник пластиковый gidrolica;8;дождеприемник пластиковый gidrolica
лотки и водоотвод;;дождеприемник 250 250;8;дождеприемник 250 250
лотки и водоотвод;;дождеприемник дм 2 с250;8;дождеприемник дм 2 с250
лотки и водоотвод;;типы дождеприемник круглый;8;типы дождеприемник круглый
лотки и водоотвод;;дождеприемник дп 30.30;8;дождеприемник дп 30.30
лотки и водоотвод;;лотки бетонные водоотводные фото;8;лотки бетонные водоотводные фото
лотки и водоотвод;;лоток водоотводный бетонный dn300;8;лоток водоотводный бетонный dn300
лотки и водоотвод;;лоток водоотводный бетонный коробчатый со 300мм;8;лоток водоотводный бетонный коробчатый со 300мм
лотки и водоотвод;;лоток водоотводный бетонный серия;8;лоток водоотводный бетонный серия
лотки и водоотвод;;бетонная обойма водоотводного лотка;8;бетонная обойма водоотводного лотка
лотки и водоотвод;;лотки каналов теплотрасс;7;лотки каналов теплотрасс
лотки и водоотвод;;кабельный лоток жби;7;кабельный лоток жби
лотки и водоотвод;;дождеприемник 200х200 мм;7;дождеприемник 200х200 мм
лотки и водоотвод;;дождеприемник aco;7;дождеприемник aco
лотки и водоотвод;;крышка дождеприемника кцп 2 10;7;крышка дождеприемника кцп 2 10
лотки и водоотвод;;сом дождеприемник;7;сом дождеприемник
лотки и водоотвод;;дождеприемник смета;7;дождеприемник смета
лотки и водоотвод;;дождеприемник в землю;7;дождеприемник в землю
лотки и водоотвод;;соединение дождеприемника с лотком;7;соединение дождеприемника с лотком
лотки и водоотвод;;дорожный дождеприемник;7;дорожный дождеприемник
лотки и водоотвод;;дождеприемники для отвода воды;7;дождеприемники для отвода воды
лотки и водоотвод;;отвод для дождеприемника;7;отвод для дождеприемника
лотки и водоотвод;;дождеприемник универсальный 300х300;7;дождеприемник универсальный 300х300
лотки и водоотвод;;надстройка дождеприемника 300х300;7;надстройка дождеприемника 300х300
лотки и водоотвод;;дождеприемник технониколь;7;дождеприемник технониколь
лотки и водоотвод;;решетка дождеприемника gidrolica;7;решетка дождеприемника gidrolica
лотки и водоотвод;;дождеприемник дм1 с250 60;7;дождеприемник дм1 с250 60
лотки и водоотвод;;лоток бетонный для водоотводной канавы;7;лоток бетонный для водоотводной канавы
лотки и водоотвод;;лоток водоотводный бетонный форма;7;лоток водоотводный бетонный форма
лотки и водоотвод;;лоток бетонный водоотводный владивосток;7;лоток бетонный водоотводный владивосток
лотки и водоотвод;;лоток водоотводный бетонный steepro m dn200;7;лоток водоотводный бетонный steepro m dn200
лотки и водоотвод;;лоток водоотводный бетонный steepro m dn200 h230;7;лоток водоотводный бетонный steepro m dn200 h230
лотки и водоотвод;;лоток водоотводный бетонный dn400;7;лоток водоотводный бетонный dn400
лотки и водоотвод;;изоляция лотков теплотрассы;6;изоляция лотков теплотрассы
лотки и водоотвод;;лоток бетонный для теплотрассы с крышкой;6;лоток бетонный для теплотрассы с крышкой
лотки и водоотвод;;лоток теплотрассы л 2 8 2;6;лоток теплотрассы л 2 8 2
лотки и водоотвод;;лотки водоотведения жби;6;лотки водоотведения жби
лотки и водоотвод;;лотки водоотводные бетонные в новоуральске;6;лотки водоотводные бетонные в новоуральске
лотки и водоотвод;;лоток водоотводный бетонный коробчатый со 150;6;лоток водоотводный бетонный коробчатый со 150
лотки и водоотвод;;лоток водоотводный бетонный 1 метр;6;лоток водоотводный бетонный 1 метр
лотки и водоотвод;;лоток под теплотрасса;5;лоток под теплотрасса
лотки и водоотвод;;лоток теплотрассы расценка в смете;5;лоток теплотрассы расценка в смете
лотки и водоотвод;;лотки каналов теплотрасс 300х90;5;лотки каналов теплотрасс 300х90
лотки и водоотвод;;лотки теплотрасс жби шириной 750;5;лотки теплотрасс жби шириной 750
лотки и водоотвод;;жб лотки теплотрасс;5;жб лотки теплотрасс
лотки и водоотвод;;форма лотков жби;5;форма лотков жби
лотки и водоотвод;;лоток водоотводный бетонный л 300;5;лоток водоотводный бетонный л 300
лотки и водоотвод;;лоток водоотводный бетонный аквасток;5;лоток водоотводный бетонный аквасток
лотки и водоотвод;;лоток водоотводный бетонный gidrolica;5;лоток водоотводный бетонный gidrolica
лотки и водоотвод;;бетонная обойма под водоотводные лотки;5;бетонная обойма под водоотводные лотки
лотки и водоотвод;;лотки теплотрасс лк;4;лотки теплотрасс лк
лотки и водоотвод;;гидроизоляция лотков теплотрассы;4;гидроизоляция лотков теплотрассы
лотки и водоотвод;;лотки теплотрасс серия;4;лотки теплотрасс серия
лотки и водоотвод;;п образный лоток жби;4;п образный лоток жби
лотки и водоотвод;;жби лотки водоотводные бетонные;4;жби лотки водоотводные бетонные
лотки и водоотвод;;плита лотков жби;4;плита лотков жби
лотки и водоотвод;;лотки водоотводные бетонные bgu;4;лотки водоотводные бетонные bgu
лотки и водоотвод;;лоток водоотводный бетонный 500х200х60;4;лоток водоотводный бетонный 500х200х60
лотки и водоотвод;;лоток водоотводный бетонный dn;4;лоток водоотводный бетонный dn
лотки и водоотвод;;лоток водоотводный бетонный steeplus;4;лоток водоотводный бетонный steeplus
лотки и водоотвод;;лотки бетонные водоотводные лвб 100;4;лотки бетонные водоотводные лвб 100
лотки и водоотвод;;бетонные водоотводные лотки лв betomax basic;4;бетонные водоотводные лотки лв betomax basic
лотки и водоотвод;;лоток водоотводный бетонный gidrolica dn100;4;лоток водоотводный бетонный gidrolica dn100
лотки и водоотвод;;лоток теплотрассы л 1 8;3;лоток теплотрассы л 1 8
лотки и водоотвод;;лоток теплотрассы л 1 8 2;3;лоток теплотрассы л 1 8 2
лотки и водоотвод;;лотки теплотрасс серия 3.006;3;лотки теплотрасс серия 3.006
лотки и водоотвод;;лотки теплотрасс серия 3.006 2.87;3;лотки теплотрасс серия 3.006 2.87
лотки и водоотвод;;прокладка лотков теплотрассы;3;прокладка лотков теплотрассы
лотки и водоотвод;;пермь жби лотки;3;пермь жби лотки
лотки и водоотвод;;лотки бетонные водоотводные 3м;3;лотки бетонные водоотводные 3м
лотки и водоотвод;;лоток водоотводный бетонный со стальной решеткой;3;лоток водоотводный бетонный со стальной решеткой
лотки и водоотвод;;лотки водоотводные бетонные челябинск;3;лотки водоотводные бетонные челябинск
лотки и водоотвод;;бетонный лоток водоотводный с металлической;3;бетонный лоток водоотводный с металлической
лотки и водоотвод;;лотки бетонные водоотводные с металлической решеткой;3;лотки бетонные водоотводные с металлической решеткой
лотки и водоотвод;;лоток бетонный водоотводный bgf;3;лоток бетонный водоотводный bgf
лотки и водоотвод;;лоток водоотводный бетонный лвб 300;3;лоток водоотводный бетонный лвб 300
лотки и водоотвод;;лоток водоотводный бетонный лвб optima 300;3;лоток водоотводный бетонный лвб optima 300
лотки и водоотвод;;лоток бетонный водоотводной 10.14 13;3;лоток бетонный водоотводной 10.14 13
лотки и водоотвод;;лоток водоотводный бетонный лв 10.14 13 б;3;лоток водоотводный бетонный лв 10.14 13 б
лотки и водоотвод;;лоток водоотводный лв 10.14 13 бетонный;3;лоток водоотводный лв 10.14 13 бетонный
лотки и водоотвод;;лоток водоотводный бетонный без уклона;3;лоток водоотводный бетонный без уклона
лотки и водоотвод;;лоток теплотрассы л7;2;лоток теплотрассы л7
лотки и водоотвод;;деформационный шов в лотках теплотрассы;2;деформационный шов в лотках теплотрассы
лотки и водоотвод;;лотки для теплотрассы серия 3.006 1 2.87;2;лотки для теплотрассы серия 3.006 1 2.87
лотки и водоотвод;;лоток железобетонный для теплотрассы серия;2;лоток железобетонный для теплотрассы серия
лотки и водоотвод;;расстояние между трубами в лотке теплотрассы;2;расстояние между трубами в лотке теплотрассы
лотки и водоотвод;;лоток теплотрассы угловой;2;лоток теплотрассы угловой
лотки и водоотвод;;жби лоток большой;2;жби лоток большой
лотки и водоотвод;;лоток л2 жби;2;лоток л2 жби
лотки и водоотвод;;бетонные каналы и лотки водоотводные;2;бетонные каналы и лотки водоотводные
лотки и водоотвод;;производитель бетонных водоотводных лотков;2;производитель бетонных водоотводных лотков
лотки и водоотвод;;лоток бетонный водоотводный узкий;2;лоток бетонный водоотводный узкий
лотки и водоотвод;;лоток водоотводный бетонный 400 мм;2;лоток водоотводный бетонный 400 мм
лотки и водоотвод;;лотки водоотводные бетонные bgu z;2;лотки водоотводные бетонные bgu z
лотки и водоотвод;;лоток бетонный водоотводной со 100мм;2;лоток бетонный водоотводной со 100мм
лотки и водоотвод;;лоток бетонный водоотводный 165 ширина;2;лоток бетонный водоотводный 165 ширина
лотки и водоотвод;;лоток водоотводный бетонный 100мм;2;лоток водоотводный бетонный 100мм
лотки и водоотвод;;лоток водоотводный бетонный без решетки;2;лоток водоотводный бетонный без решетки
лотки и водоотвод;;лоток водоотводный бетонный гидролика;2;лоток водоотводный бетонный гидролика
лотки и водоотвод;;лоток водоотводный бетонный иркутск;2;лоток водоотводный бетонный иркутск
лотки и водоотвод;;лоток водоотводный бетонный коробчатый со 100мм;2;лоток водоотводный бетонный коробчатый со 100мм
лотки и водоотвод;;лоток водоотводный бетонный лвб aquastok optima 300;2;лоток водоотводный бетонный лвб aquastok optima 300
лотки и водоотвод;;лоток водоотводный бетонный с уклоном;2;лоток водоотводный бетонный с уклоном
лотки и водоотвод;;лоток водоотводный бетонный лвб optima 150;2;лоток водоотводный бетонный лвб optima 150
лотки и водоотвод;;лоток водоотводный бетонный лвб optima 400;2;лоток водоотводный бетонный лвб optima 400
лотки и водоотвод;;лоток водоотводный бетонный саратов;2;лоток водоотводный бетонный саратов
лотки и водоотвод;;лоток водоотводный бетонный бу;2;лоток водоотводный бетонный бу
лотки и водоотвод;;лоток бетон b15 м200;2;лоток бетон b15 м200
лотки и водоотвод;;лоток теплотрассы л7 8 2;1;лоток теплотрассы л7 8 2
лотки и водоотвод;;лотки теплотрасс б у;1;лотки теплотрасс б у
лотки и водоотвод;;лоток теплотрасс л 6 8;1;лоток теплотрасс л 6 8
лотки и водоотвод;;серия лотки железобетонные для теплотрасс 3.006;1;серия лотки железобетонные для теплотрасс 3.006
лотки и водоотвод;;лотки теплотрасс бу;1;лотки теплотрасс бу
лотки и водоотвод;;лоток водосточный жби;1;лоток водосточный жби
лотки и водоотвод;;лотки лк жби;1;лотки лк жби
лотки и водоотвод;;лоток дорожный жби;1;лоток дорожный жби
лотки и водоотвод;;лоток бетонный водоотводный в кирове;1;лоток бетонный водоотводный в кирове
лотки и водоотвод;;бетонная крышка на водоотводный лоток;1;бетонная крышка на водоотводный лоток
лотки и водоотвод;;лотки водоотводные стандартпарк бетонные;1;лотки водоотводные стандартпарк бетонные
лотки и водоотвод;;лотки бетонные водоотводные широкие;1;лотки бетонные водоотводные широкие
лотки и водоотвод;;лоток бетонный 200мм водоотводный;1;лоток бетонный 200мм водоотводный
лотки и водоотвод;;лоток водоотводный бетонный дорожный с решеткой;1;лоток водоотводный бетонный дорожный с решеткой
лотки и водоотвод;;лоток водоотводный бетонный дорожный с чугунной решеткой;1;лоток водоотводный бетонный дорожный с чугунной решеткой
лотки и водоотвод;;лоток водоотводный бетонный коробчатый со 150мм;1;лоток водоотводный бетонный коробчатый со 150мм
лотки и водоотвод;;лоток водоотводный бетонный коробчатый со 200мм;1;лоток водоотводный бетонный коробчатый со 200мм
лотки и водоотвод;;лоток водоотводный бетонный леруа;1;лоток водоотводный бетонный леруа
лотки и водоотвод;;водоотводный лоток бетонный гидравлическое сечение dn500;1;водоотводный лоток бетонный гидравлическое сечение dn500
лотки и водоотвод;;лоток бетонный водоотводный лв 15.21 21;1;лоток бетонный водоотводный лв 15.21 21
лотки и водоотвод;;лоток бетонный водоотводный п образный;1;лоток бетонный водоотводный п образный
лотки и водоотвод;;лоток водоотводный бетонный 500х160х50;1;лоток водоотводный бетонный 500х160х50
лотки и водоотвод;;лоток водоотводный для отмостки бетонный;1;лоток водоотводный для отмостки бетонный
лотки и водоотвод;гео;лотки водоотводные бетонные в екатеринбурге;255;лотки водоотводные бетонные в екатеринбурге
лотки и водоотвод;гео;дождеприемник екатеринбург;115;дождеприемник екатеринбург
лотки и водоотвод;гео;лоток водоотводный бетонный с решеткой екатеринбург;29;лоток водоотводный бетонный с решеткой екатеринбург
лотки и водоотвод;гео;лотки жби екатеринбург;28;лотки жби екатеринбург
лотки и водоотвод;гео;лоток водоотводный бетонный на авито свердловская область;13;лоток водоотводный бетонный на авито свердловская область
лотки и водоотвод;гео;лотки жби водоотводные в арамиле;10;лотки жби водоотводные в арамиле
лотки и водоотвод;гео;жби лоток нижний тагил;3;жби лоток нижний тагил
лотки и водоотвод;гео;лоток водоотводный бетонный в нижнем тагиле;3;лоток водоотводный бетонный в нижнем тагиле
лотки и водоотвод;как сделать;установка дождеприемника;61;установка дождеприемника
лотки и водоотвод;как сделать;монтаж дождеприемника;53;монтаж дождеприемника
лотки и водоотвод;как сделать;как установить дождеприемник;41;как установить дождеприемник
лотки и водоотвод;как сделать;устройство бетонного водоотводного лотка;33;устройство бетонного водоотводного лотка
лотки и водоотвод;как сделать;дождеприемник своими руками;27;дождеприемник своими руками
лотки и водоотвод;как сделать;как правильно установить дождеприемник;20;как правильно установить дождеприемник
лотки и водоотвод;как сделать;как установить дождеприемник пластиковый;19;как установить дождеприемник пластиковый
лотки и водоотвод;как сделать;как соединить дождеприемники;18;как соединить дождеприемники
лотки и водоотвод;как сделать;монтаж лотков водоотводных бетонных;18;монтаж лотков водоотводных бетонных
лотки и водоотвод;как сделать;дождеприемник схема;14;дождеприемник схема
лотки и водоотвод;как сделать;монтаж лотков теплотрассы;13;монтаж лотков теплотрассы
лотки и водоотвод;как сделать;как сделать дождеприемник;13;как сделать дождеприемник
лотки и водоотвод;как сделать;монтаж дождеприемника для ливневой;12;монтаж дождеприемника для ливневой
лотки и водоотвод;как сделать;как установить лотки водоотводные бетонные;12;как установить лотки водоотводные бетонные
лотки и водоотвод;как сделать;как соединить трубу с дождеприемником;11;как соединить трубу с дождеприемником
лотки и водоотвод;как сделать;устройство дождеприемника;10;устройство дождеприемника
лотки и водоотвод;как сделать;монтаж дождеприемника для ливневой канализации;9;монтаж дождеприемника для ливневой канализации
лотки и водоотвод;как сделать;как соединить дождеприемник с дренажной трубой;9;как соединить дождеприемник с дренажной трубой
лотки и водоотвод;как сделать;установка дождеприемника в отмостке;9;установка дождеприемника в отмостке
лотки и водоотвод;как сделать;как правильно установить дождеприемник пластиковый;8;как правильно установить дождеприемник пластиковый
лотки и водоотвод;как сделать;монтаж лотков теплотрассы расценка;7;монтаж лотков теплотрассы расценка
лотки и водоотвод;как сделать;демонтаж лотков теплотрассы;7;демонтаж лотков теплотрассы
лотки и водоотвод;как сделать;установка бетонных лотков водоотводных;7;установка бетонных лотков водоотводных
лотки и водоотвод;как сделать;лоток водоотводный бетонный своими руками;7;лоток водоотводный бетонный своими руками
лотки и водоотвод;как сделать;заливка бетона с миксера с лотками;5;заливка бетона с миксера с лотками
лотки и водоотвод;как сделать;установка лотков теплотрассы;3;установка лотков теплотрассы
лотки и водоотвод;как сделать;монтаж лотков теплотрассы расценка в смете;3;монтаж лотков теплотрассы расценка в смете
лотки и водоотвод;как сделать;устройство бетонных водоотводных лотков расценка;3;устройство бетонных водоотводных лотков расценка
лотки и водоотвод;как сделать;демонтаж лотков теплотрассы расценка в смете;2;демонтаж лотков теплотрассы расценка в смете
лотки и водоотвод;как сделать;лоток жби своими руками;2;лоток жби своими руками
лотки и водоотвод;как сделать;устройство бетонной обоймы для водоотводного лотка;2;устройство бетонной обоймы для водоотводного лотка
лотки и водоотвод;как сделать;устройство водоотводного лотка бетонного смета;2;устройство водоотводного лотка бетонного смета
лотки и водоотвод;как сделать;устройство водоотводных лотков бетонных расценка в смете;2;устройство водоотводных лотков бетонных расценка в смете
лотки и водоотвод;как сделать;монтаж лотков под теплотрассу;1;монтаж лотков под теплотрассу
лотки и водоотвод;как сделать;установка лотка водоотводного бетонного расценка в смете;1;установка лотка водоотводного бетонного расценка в смете
лотки и водоотвод;как сделать|применение;лоток для бетона от миксера своими руками;4;лоток для бетона от миксера своими руками
лотки и водоотвод;как сделать|применение;лоток для бетона своими руками под миксер;4;лоток для бетона своими руками под миксер
лотки и водоотвод;коммерческий;купить лоток водоотводный бетонный;322;купить лоток водоотводный бетонный
лотки и водоотвод;коммерческий;дождеприемник купить;152;дождеприемник купить
лотки и водоотвод;коммерческий;бетонные водоотводные лотки с решетками купить;39;бетонные водоотводные лотки с решетками купить
лотки и водоотвод;коммерческий;купить жби лотки;37;купить жби лотки
лотки и водоотвод;коммерческий;лоток водоотводный бетонный цена;26;лоток водоотводный бетонный цена
лотки и водоотвод;коммерческий;дождеприемник цена;22;дождеприемник цена
лотки и водоотвод;коммерческий;цена жби лотков;20;цена жби лотков
лотки и водоотвод;коммерческий;купить лоток водоотводный бетонный с чугунной;18;купить лоток водоотводный бетонный с чугунной
лотки и водоотвод;коммерческий;купить лоток водоотводный бетонный с чугунной решеткой;18;купить лоток водоотводный бетонный с чугунной решеткой
лотки и водоотвод;коммерческий;купить лоток водоотводный бетонный 1000;18;купить лоток водоотводный бетонный 1000
лотки и водоотвод;коммерческий;купить дождеприемник 200х200;13;купить дождеприемник 200х200
лотки и водоотвод;коммерческий;купить дождеприемник пластиковый;12;купить дождеприемник пластиковый
лотки и водоотвод;коммерческий;дождеприемник пластик купить;10;дождеприемник пластик купить
лотки и водоотвод;коммерческий;купить лоток для теплотрассы;9;купить лоток для теплотрассы
лотки и водоотвод;коммерческий;дождеприемник чугунный купить;9;дождеприемник чугунный купить
лотки и водоотвод;коммерческий;дождеприемник 300х300 купить;9;дождеприемник 300х300 купить
лотки и водоотвод;коммерческий;дождеприемники для ливневой канализации цена;8;дождеприемники для ливневой канализации цена
лотки и водоотвод;коммерческий;дождеприемник круглый купить;7;дождеприемник круглый купить
лотки и водоотвод;коммерческий;водоотводные лотки бетонные с решетками цена;7;водоотводные лотки бетонные с решетками цена
лотки и водоотвод;коммерческий;лоток для теплотрассы цена;6;лоток для теплотрассы цена
лотки и водоотвод;коммерческий;новоуральск жби купить бетонные лотки в канаву;6;новоуральск жби купить бетонные лотки в канаву
лотки и водоотвод;коммерческий;лоток водоотводный бетонный дорожный цена;6;лоток водоотводный бетонный дорожный цена
лотки и водоотвод;коммерческий;лоток жби для теплотрассы цена;3;лоток жби для теплотрассы цена
лотки и водоотвод;коммерческий;лоток водоотводный бетонный купить в челябинске;3;лоток водоотводный бетонный купить в челябинске
лотки и водоотвод;коммерческий;лоток водоотводный бетонный дорожный купить;3;лоток водоотводный бетонный дорожный купить
лотки и водоотвод;коммерческий;лотки жби теплотрасс купить;2;лотки жби теплотрасс купить
лотки и водоотвод;коммерческий;стоимость водоотводного бетонного лотка;2;стоимость водоотводного бетонного лотка
лотки и водоотвод;коммерческий;лоток водоотводный бетонный м3;2;лоток водоотводный бетонный м3
лотки и водоотвод;коммерческий;лоток водоотводный бетонный купить в саратове;2;лоток водоотводный бетонный купить в саратове
лотки и водоотвод;коммерческий;плиты лотков теплотрасс купить;1;плиты лотков теплотрасс купить
лотки и водоотвод;коммерческий;крышка лотка теплотрассы купить;1;крышка лотка теплотрассы купить
лотки и водоотвод;коммерческий;лоток водоотводный бетонный купить в кирове;1;лоток водоотводный бетонный купить в кирове
лотки и водоотвод;коммерческий|гео;лоток водоотводный бетонный купить в екатеринбурге;155;лоток водоотводный бетонный купить в екатеринбурге
лотки и водоотвод;коммерческий|гео;дождеприемник купить в екатеринбурге;69;дождеприемник купить в екатеринбурге
лотки и водоотвод;коммерческий|гео;лоток водоотводный бетонный купить в каменск уральском;6;лоток водоотводный бетонный купить в каменск уральском
лотки и водоотвод;коммерческий|гео;лоток водоотводный бетонный купить в первоуральске;5;лоток водоотводный бетонный купить в первоуральске
лотки и водоотвод;коммерческий|как сделать;установка дождеприемника цена;8;установка дождеприемника цена
лотки и водоотвод;коммерческий|характеристики;лоток бетонный водоотводной размеры цена;10;лоток бетонный водоотводной размеры цена
лотки и водоотвод;коммерческий|характеристики;лоток бетонный водоотводной размеры цена фото;5;лоток бетонный водоотводной размеры цена фото
лотки и водоотвод;коммерческий|характеристики;ж б лоток для теплотрассы размеры цена;2;ж б лоток для теплотрассы размеры цена
лотки и водоотвод;применение;лоток для бетона от миксера;7;лоток для бетона от миксера
лотки и водоотвод;применение;ширина лотка миксера для бетона;4;ширина лотка миксера для бетона
лотки и водоотвод;расчёт;объем лотка водоотводного бетонного;30;объем лотка водоотводного бетонного
лотки и водоотвод;расчёт;расчет бетонного водоотводного лотка;14;расчет бетонного водоотводного лотка
лотки и водоотвод;расчёт;вес дождеприемника;8;вес дождеприемника
лотки и водоотвод;расчёт;вес лотка бетонного для теплотрассы;7;вес лотка бетонного для теплотрассы
лотки и водоотвод;расчёт;лоток водоотводный бетонный объем бетона;6;лоток водоотводный бетонный объем бетона
лотки и водоотвод;расчёт;лоток водоотводный бетонный вес;4;лоток водоотводный бетонный вес
лотки и водоотвод;расчёт;таблица лотков теплотрасс;2;таблица лотков теплотрасс
лотки и водоотвод;расчёт;объем лотка теплотрассы;1;объем лотка теплотрассы
лотки и водоотвод;расчёт|характеристики;лотки жби для теплотрасс размеры таблица;2;лотки жби для теплотрасс размеры таблица
лотки и водоотвод;расчёт|характеристики;размеры лотков для теплотрасс размеры таблица;2;размеры лотков для теплотрасс размеры таблица
лотки и водоотвод;расчёт|характеристики;таблица размеров лотков жби;2;таблица размеров лотков жби
лотки и водоотвод;характеристики;гост дождеприемников;67;гост дождеприемников
лотки и водоотвод;характеристики;дождеприемник размеры;41;дождеприемник размеры
лотки и водоотвод;характеристики;лотки для теплотрассы размеры;37;лотки для теплотрассы размеры
лотки и водоотвод;характеристики;дождеприемник гост 3634 2019;36;дождеприемник гост 3634 2019
лотки и водоотвод;характеристики;лоток водоотводный бетонный размеры;29;лоток водоотводный бетонный размеры
лотки и водоотвод;характеристики;лоток жби размеры;28;лоток жби размеры
лотки и водоотвод;характеристики;лоток водоотводный бетонный класса d400;23;лоток водоотводный бетонный класса d400
лотки и водоотвод;характеристики;дождеприемник дм2 гост;21;дождеприемник дм2 гост
лотки и водоотвод;характеристики;лоток водоотводный бетонный класс нагрузки c250;17;лоток водоотводный бетонный класс нагрузки c250
лотки и водоотвод;характеристики;дождеприемник дм гост;12;дождеприемник дм гост
лотки и водоотвод;характеристики;лоток бетонный для теплотрассы размеры;11;лоток бетонный для теплотрассы размеры
лотки и водоотвод;характеристики;дождеприемник дм2 гост 3634 2019;11;дождеприемник дм2 гост 3634 2019
лотки и водоотвод;характеристики;дождеприемник круглый гост;11;дождеприемник круглый гост
лотки и водоотвод;характеристики;дождеприемник круглый гост 3634;11;дождеприемник круглый гост 3634
лотки и водоотвод;характеристики;дождеприемник чугунный гост;11;дождеприемник чугунный гост
лотки и водоотвод;характеристики;дождеприемник дб гост;10;дождеприемник дб гост
лотки и водоотвод;характеристики;дождеприемники гост 3634 99;10;дождеприемники гост 3634 99
лотки и водоотвод;характеристики;лотки теплотрасс гост;9;лотки теплотрасс гост
лотки и водоотвод;характеристики;дождеприемник круглый гост 3634 2019;9;дождеприемник круглый гост 3634 2019
лотки и водоотвод;характеристики;дождеприемник дм2 с250 гост 3634 2019;8;дождеприемник дм2 с250 гост 3634 2019
лотки и водоотвод;характеристики;лотки водоотводные бетонные гост;8;лотки водоотводные бетонные гост
лотки и водоотвод;характеристики;дождеприемник дм2 размеры;7;дождеприемник дм2 размеры
лотки и водоотвод;характеристики;лоток теплотрассы размеры железобетонный;6;лоток теплотрассы размеры железобетонный
лотки и водоотвод;характеристики;бетонный водоотводный лоток dn200 размеры;6;бетонный водоотводный лоток dn200 размеры
лотки и водоотвод;характеристики;лотки для теплотрассы размеры гост;5;лотки для теплотрассы размеры гост
лотки и водоотвод;характеристики;водоотводный лоток бетонный дорожный гост;5;водоотводный лоток бетонный дорожный гост
лотки и водоотвод;характеристики;лоток ж б для теплотрасс размеры;3;лоток ж б для теплотрасс размеры
лотки и водоотвод;характеристики;лоток жби для теплотрассы размеры;2;лоток жби для теплотрассы размеры
лотки и водоотвод;характеристики;крышки лотков теплотрасс размеры;2;крышки лотков теплотрасс размеры
лотки и водоотвод;характеристики;лотки перекрытия теплотрасс размеры;1;лотки перекрытия теплотрасс размеры
лотки и водоотвод;характеристики;плиты лотков теплотрасс размеры;1;плиты лотков теплотрасс размеры
лотки и водоотвод;характеристики;лотки водоотводные бетонные гост 32955 2014;1;лотки водоотводные бетонные гост 32955 2014
малые формы;;бетонные заборы;1056;бетонные заборы
малые формы;;бетонный забор;1056;бетонный забор
малые формы;;бетонные полусферы;221;бетонные полусферы
малые формы;;полусфера бетонная;221;полусфера бетонная
малые формы;;уличные вазоны для цветов;161;уличные вазоны для цветов / вазоны для цветов уличные
малые формы;;бетонные столбы для забора;141;бетонные столбы для забора
малые формы;;бетонные вазоны;132;бетонные вазоны
малые формы;;вазон бетонный;132;вазон бетонный
малые формы;;бетонные блоки для забора;117;бетонные блоки для забора
малые формы;;бетонный забор под заборы;68;бетонный забор под заборы
малые формы;;бетонный забор секционный;46;бетонный забор секционный
малые формы;;большие вазоны для цветов уличные;36;большие вазоны для цветов уличные
малые формы;;вазон бетонный уличный;33;вазон бетонный уличный
малые формы;;полусферы бетонные антипарковочные;27;полусферы бетонные антипарковочные
малые формы;;бетонные блоки для столбов забора;25;бетонные блоки для столбов забора
малые формы;;бетонные опоры для забора;24;бетонные опоры для забора
малые формы;;бетонная лента под забор;23;бетонная лента под забор
малые формы;;бетонные забор бу;22;бетонные забор бу
малые формы;;ограничители парковки бетонные;21;ограничители парковки бетонные / бетонные ограничители парковки
малые формы;;бетонный забор ссср;20;бетонный забор ссср
малые формы;;бетонные полусферы для парковки;19;бетонные полусферы для парковки
малые формы;;модульный забор бетонный;18;модульный забор бетонный
малые формы;;вазоны пластик для цветов уличные;17;вазоны пластик для цветов уличные
малые формы;;бетонные вазоны для цветов;16;бетонные вазоны для цветов
малые формы;;бетонные вазоны для улицы;15;бетонные вазоны для улицы
малые формы;;литые бетонные заборы;15;литые бетонные заборы
малые формы;;блок бетонный пустотелый для забора;15;блок бетонный пустотелый для забора
малые формы;;парковочные полусферы;14;парковочные полусферы
малые формы;;бетонные колпаки на забор;14;бетонные колпаки на забор
малые формы;;заборы бетонные сделать;13;заборы бетонные сделать
малые формы;;бетонный забор касли;13;бетонный забор касли
малые формы;;колпак бетонный на столб забора;12;колпак бетонный на столб забора
малые формы;;сборный бетонный забор;12;сборный бетонный забор
малые формы;;вазоны для цветов уличные пластиковые;11;вазоны для цветов уличные пластиковые
малые формы;;металлические бетонные заборы;11;металлические бетонные заборы
малые формы;;залить бетонный забор;11;залить бетонный забор
малые формы;;чем покрасить бетонный забор;11;чем покрасить бетонный забор
малые формы;;уличные вазоны для цветов из бетона;10;уличные вазоны для цветов из бетона
малые формы;;бетонный забор ромбиком;10;бетонный забор ромбиком
малые формы;;авито бетонный забор;10;авито бетонный забор
малые формы;;бетонный забор 3 метра;10;бетонный забор 3 метра
малые формы;;чем покрасить бетонную ленту забора;10;чем покрасить бетонную ленту забора
малые формы;;ремонт бетонных заборов;10;ремонт бетонных заборов
малые формы;;красим бетонный забор;10;красим бетонный забор
малые формы;;диаметр полусферы бетонные;9;диаметр полусферы бетонные
малые формы;;бетонные полусферы со столбиками;9;бетонные полусферы со столбиками
малые формы;;цветочницы вазоны бетонные;9;цветочницы вазоны бетонные
малые формы;;забор на бетонной ленте;9;забор на бетонной ленте
малые формы;;бетонный забор на участке;9;бетонный забор на участке
малые формы;;бетонная опора для столба забора;9;бетонная опора для столба забора
малые формы;;бетонный забор со 24.25;9;бетонный забор со 24.25
малые формы;;бетонный забор со 24.25 160;9;бетонный забор со 24.25 160
малые формы;;вазон для цветов уличный пластиковый большой;8;вазон для цветов уличный пластиковый большой
малые формы;;бетонный забор по 2;8;бетонный забор по 2
малые формы;;бетонные панели для забора;8;бетонные панели для забора
малые формы;;бетон бетонные заборы;8;бетон бетонные заборы
малые формы;;высота бетонного забора;8;высота бетонного забора
малые формы;;3д забор бетонный;8;3д забор бетонный
малые формы;;забор с бетонным основанием;8;забор с бетонным основанием
малые формы;;бетонные заборы москва;8;бетонные заборы москва
малые формы;;вазон для цветов уличный бетонный;7;вазон для цветов уличный бетонный
малые формы;;бетонный забор город касли;7;бетонный забор город касли
малые формы;;бетонная крышка на забор;7;бетонная крышка на забор
малые формы;;столбы для забора бетонные 3 метра;7;столбы для забора бетонные 3 метра
малые формы;;бетонные стойки для забора;7;бетонные стойки для забора
малые формы;;блоки бетонные для забора royal;7;блоки бетонные для забора royal
малые формы;;установим бетонный забор;7;установим бетонный забор
малые формы;;бетонный ростверк для забора;7;бетонный ростверк для забора
малые формы;;производство бетонных заборов;6;производство бетонных заборов
малые формы;;наборный бетонный забор;6;наборный бетонный забор
малые формы;;поставить бетонный забор;6;поставить бетонный забор
малые формы;;бетонный забор жалюзи;6;бетонный забор жалюзи
малые формы;;бетонное основание под забор;6;бетонное основание под забор
малые формы;;печи барбекю из бетона;6;печи барбекю из бетона
малые формы;;печь барбекю из бетона;6;печь барбекю из бетона
малые формы;;бетонные полусферы ограничители;5;бетонные полусферы ограничители
малые формы;;полусфера бетонная ограничитель парковки;5;полусфера бетонная ограничитель парковки
малые формы;;бетонный вазон новоуральск;5;бетонный вазон новоуральск
малые формы;;кашпо бетонный вазон;5;кашпо бетонный вазон
малые формы;;цветники из бетона;5;цветники из бетона
малые формы;;цветник из бетона;5;цветник из бетона
малые формы;;длина бетонных заборов;5;длина бетонных заборов
малые формы;;декоративный бетонный забор;5;декоративный бетонный забор
малые формы;;бетонный забор с надписью;5;бетонный забор с надписью
малые формы;;глухой бетонный забор;5;глухой бетонный забор
малые формы;;бетонные столбы для забора отзывы;5;бетонные столбы для забора отзывы
малые формы;;отзывы бетонного забора;5;отзывы бетонного забора
малые формы;;бетонный забор фото;5;бетонный забор фото
малые формы;;красивый бетонный забор;5;красивый бетонный забор
малые формы;;высокие бетонные заборы;5;высокие бетонные заборы
малые формы;;авито бетонные полусферы;4;авито бетонные полусферы
малые формы;;бетонное ограждение полусфера;4;бетонное ограждение полусфера
малые формы;;бетонный парапет для забора;4;бетонный парапет для забора
малые формы;;бетонные трубы для забора;4;бетонные трубы для забора
малые формы;;облицовка бетонного забора;4;облицовка бетонного забора
малые формы;;окраска бетонного забора;4;окраска бетонного забора
малые формы;;расценки бетонные заборы;4;расценки бетонные заборы
малые формы;;ворота к бетонному забору;4;ворота к бетонному забору
малые формы;;забор бетонный самостоящий;4;забор бетонный самостоящий
малые формы;;забор бетонный самостоящий эо;4;забор бетонный самостоящий эо
малые формы;;забор на бетонных сваях;4;забор на бетонных сваях
малые формы;;забор из бетонных секций;4;забор из бетонных секций
малые формы;;бетонный фигурный забор;4;бетонный фигурный забор
малые формы;;забор из бетонных плит;4;забор из бетонных плит
малые формы;;бетонные ограждения для парковки полусфера;3;бетонные ограждения для парковки полусфера
малые формы;;полусфера бетонная 500;3;полусфера бетонная 500
малые формы;;установить бетонные полусферы;3;установить бетонные полусферы
малые формы;;полусфера бетонная 500х300;3;полусфера бетонная 500х300
малые формы;;парковочный барьер полусфера;3;парковочный барьер полусфера
малые формы;;вазоны для цветов уличные на озоне;3;вазоны для цветов уличные на озоне
малые формы;;озон вазоны для цветов уличные пластиковые;3;озон вазоны для цветов уличные пластиковые
малые формы;;накладные проступи;3;накладные проступи
малые формы;;формы под забор бетонный;3;формы под забор бетонный
малые формы;;бетонный забор доска;3;бетонный забор доска
малые формы;;чем закрыть бетонный забор;3;чем закрыть бетонный забор
малые формы;;советский бетонный забор;3;советский бетонный забор
малые формы;;бетонный забор в частном доме;3;бетонный забор в частном доме
малые формы;;типы бетонных заборов;3;типы бетонных заборов
малые формы;;бетонный фундамент для забора;3;бетонный фундамент для забора
малые формы;;серые бетонные заборы;3;серые бетонные заборы
малые формы;;забор бетонный секционный сборный;3;забор бетонный секционный сборный
малые формы;;бетонный забор расценка в смете;3;бетонный забор расценка в смете
малые формы;;смета бетонный забор;3;смета бетонный забор
малые формы;;бетонные столбики для забора;3;бетонные столбики для забора
малые формы;;бетонное ограждение забор;3;бетонное ограждение забор
малые формы;;бетонный забор пермь;3;бетонный забор пермь
малые формы;;бетонный забор чертеж;3;бетонный забор чертеж
малые формы;;толщина бетонного забора;3;толщина бетонного забора
малые формы;;покраска бетонного забора;3;покраска бетонного забора
малые формы;;бетонный забор работа;3;бетонный забор работа
малые формы;;стационарная печь барбекю из бетона в челябинске;3;стационарная печь барбекю из бетона в челябинске
малые формы;;полусферы бетонные диаметром 400 мм;2;полусферы бетонные диаметром 400 мм
малые формы;;бетонная полусфера нижний новгород;2;бетонная полусфера нижний новгород
малые формы;;бетонный дом полусфера;2;бетонный дом полусфера
малые формы;;бетонный ограничитель парковки столбик;2;бетонный ограничитель парковки столбик
малые формы;;вазоны для цветов уличные из дерева;2;вазоны для цветов уличные из дерева
малые формы;;металлические вазоны для цветов уличные;2;металлические вазоны для цветов уличные
малые формы;;тумба под бетонный забор;2;тумба под бетонный забор
малые формы;;тумбы бетонного забора;2;тумбы бетонного забора
малые формы;;бетонный забор в бресте;2;бетонный забор в бресте
малые формы;;отливы на бетонный забор;2;отливы на бетонный забор
малые формы;;бетонные цокольные панели для забора;2;бетонные цокольные панели для забора
малые формы;;бетонный забор видео;2;бетонный забор видео
малые формы;;бетонный раствор для забора;2;бетонный раствор для забора
малые формы;;панельный бетонный забор;2;панельный бетонный забор
малые формы;;заборы из архитектурного бетона бетонные;2;заборы из архитектурного бетона бетонные
малые формы;;бетонные столбы под забор;2;бетонные столбы под забор
малые формы;;готовые бетонные заборы;2;готовые бетонные заборы
малые формы;;бетонный забор с колючей проволокой;2;бетонный забор с колючей проволокой
малые формы;;бетонный забор с проволокой;2;бетонный забор с проволокой
малые формы;;светильник на бетонный забор;2;светильник на бетонный забор
малые формы;;опора под бетонный забор;2;опора под бетонный забор
малые формы;;бетонный блок для основания забора;2;бетонный блок для основания забора
малые формы;;бетонный забор челябинск;2;бетонный забор челябинск
малые формы;;бетонный стакан для забора;2;бетонный стакан для забора
малые формы;;бетонный цоколь забора;2;бетонный цоколь забора
малые формы;;забор с бетонными столбами и цоколем;2;забор с бетонными столбами и цоколем
малые формы;;стяжка бетонные заборы;2;стяжка бетонные заборы
малые формы;;текстура бетонного забора;2;текстура бетонного забора
малые формы;;строительство бетонных заборов;2;строительство бетонных заборов
малые формы;;бетонный столб забора декоративный;2;бетонный столб забора декоративный
малые формы;;блок декоративный бетонный для заборов;2;блок декоративный бетонный для заборов
малые формы;;блоки для забора бетонные декоративные столбы;2;блоки для забора бетонные декоративные столбы
малые формы;;бетонные столбики под забор;2;бетонные столбики под забор
малые формы;;бетонные колонны для забора;2;бетонные колонны для забора
малые формы;;бетонные секции для столбов забора;2;бетонные секции для столбов забора
малые формы;;бетонный желоб для канавы вдоль забора;2;бетонный желоб для канавы вдоль забора
малые формы;;конструкция бетонного забора;2;конструкция бетонного забора
малые формы;;серии бетонных заборов;2;серии бетонных заборов
малые формы;;авито бетонный столб для забора;2;авито бетонный столб для забора
малые формы;;бетонные столбы для заборов область;2;бетонные столбы для заборов область
малые формы;;стакан под бетонный забор;2;стакан под бетонный забор
малые формы;;наехал на бетонную полусферу;1;наехал на бетонную полусферу
малые формы;;желтые бетонные полусферы;1;желтые бетонные полусферы
малые формы;;бетонные полусферы во дворах;1;бетонные полусферы во дворах
малые формы;;бетонные полусферы фото;1;бетонные полусферы фото
малые формы;;полусфера бетонная окоф;1;полусфера бетонная окоф
малые формы;;полусферы бетонные диаметром 500 мм;1;полусферы бетонные диаметром 500 мм
малые формы;;изготовление парковочных полусфер;1;изготовление парковочных полусфер
малые формы;;большой бетонный вазон;1;большой бетонный вазон
малые формы;;чем покрасить бетонный вазон;1;чем покрасить бетонный вазон
малые формы;;прямоугольные вазоны для цветов уличные;1;прямоугольные вазоны для цветов уличные
малые формы;;вазон для цветов уличный из цемента;1;вазон для цветов уличный из цемента
малые формы;;деревянные вазоны для цветов уличные;1;деревянные вазоны для цветов уличные
малые формы;;бетонные основания для временного забора;1;бетонные основания для временного забора
малые формы;;декор бетонного забора;1;декор бетонного забора
малые формы;;чем обработать бетонный забор;1;чем обработать бетонный забор
малые формы;;чем обработать ленту бетонную забора;1;чем обработать ленту бетонную забора
малые формы;;бетонные заборы снежинск;1;бетонные заборы снежинск
малые формы;;бетонно железный забор;1;бетонно железный забор
малые формы;;кладка столбов из бетонных кирпичей;1;кладка столбов из бетонных кирпичей
малые формы;выбор;забор бетонный какой краски;4;забор бетонный какой краски
малые формы;выбор;какой краской покрасить бетонный забор;3;какой краской покрасить бетонный забор
малые формы;выбор;забор на бетонной ленте плюсы и минусы;2;забор на бетонной ленте плюсы и минусы
малые формы;гео;бетонные полусферы екатеринбург;67;бетонные полусферы екатеринбург
малые формы;гео;вазоны для цветов уличные екатеринбург;49;вазоны для цветов уличные екатеринбург
малые формы;гео;бетонный забор в екатеринбурге;29;бетонный забор в екатеринбурге
малые формы;гео;бетонные вазоны екатеринбург;27;бетонные вазоны екатеринбург
малые формы;гео;бетонный забор сысерть;9;бетонный забор сысерть
малые формы;гео;заборы из архитектурного бетона бетонные екатеринбург;2;заборы из архитектурного бетона бетонные екатеринбург
малые формы;как сделать;бетонный забор своими руками;20;бетонный забор своими руками
малые формы;как сделать;как называется бетонный забор;16;как называется бетонный забор
малые формы;как сделать;установка бетонного забора;13;установка бетонного забора
малые формы;как сделать;бетонный забор ссср как называется;11;бетонный забор ссср как называется
малые формы;как сделать;забор бетонный заливка;11;забор бетонный заливка
малые формы;как сделать;вазон для цветов уличный своими руками;8;вазон для цветов уличный своими руками
малые формы;как сделать;бетонные столбы для забора своими руками;8;бетонные столбы для забора своими руками
малые формы;как сделать;как обделать бетонные столбики у забора;7;как обделать бетонные столбики у забора
малые формы;как сделать;монтаж бетонного забора;6;монтаж бетонного забора
малые формы;как сделать;лента под забор своими руками бетонная;3;лента под забор своими руками бетонная
малые формы;как сделать;установка бетонных блоков для забора;2;установка бетонных блоков для забора
малые формы;как сделать;установка бетонных плит забора;2;установка бетонных плит забора
малые формы;как сделать;бетонные заборы технология;2;бетонные заборы технология
малые формы;как сделать;заливка столбов бетонных забора;2;заливка столбов бетонных забора
малые формы;как сделать;как ставить бетонный забор;2;как ставить бетонный забор
малые формы;как сделать;установка бетонной полусферы;1;установка бетонной полусферы
малые формы;как сделать;установка защитных ограждений тротуаров бетонных полусфер;1;установка защитных ограждений тротуаров бетонных полусфер
малые формы;как сделать;бетонный вазон своими руками;1;бетонный вазон своими руками
малые формы;как сделать;как залить квадратные бетонные вазоны;1;как залить квадратные бетонные вазоны
малые формы;как сделать;большие вазоны для цветов уличные своими руками;1;большие вазоны для цветов уличные своими руками
малые формы;как сделать;деревянные вазоны для цветов уличные своими руками;1;деревянные вазоны для цветов уличные своими руками
малые формы;коммерческий;купить бетонный забор;165;купить бетонный забор
малые формы;коммерческий;полусфера бетонная купить;93;полусфера бетонная купить
малые формы;коммерческий;вазон для цветов уличный купить;66;вазон для цветов уличный купить
малые формы;коммерческий;бетонные столбы для забора купить;58;бетонные столбы для забора купить
малые формы;коммерческий;вазон бетонный купить;57;вазон бетонный купить
малые формы;коммерческий;бетонные блоки для забора купить;41;бетонные блоки для забора купить
малые формы;коммерческий;полусферы бетонные антипарковочные купить;25;полусферы бетонные антипарковочные купить
малые формы;коммерческий;вазон бетонный уличный купить;23;вазон бетонный уличный купить
малые формы;коммерческий;купить бетонный блоки для столбов забора;21;купить бетонный блоки для столбов забора
малые формы;коммерческий;куплю бетонные заборы бу;19;куплю бетонные заборы бу
малые формы;коммерческий;купить бетонные модульные блоки для столбов забора;18;купить бетонные модульные блоки для столбов забора
малые формы;коммерческий;вазон для цветов цена уличный;14;вазон для цветов цена уличный
малые формы;коммерческий;вазон бетонный таллин 30 купить;13;вазон бетонный таллин 30 купить
малые формы;коммерческий;бетонный забор цена;12;бетонный забор цена
малые формы;коммерческий;бетонные вазоны цены;11;бетонные вазоны цены
малые формы;коммерческий;бетонные вазоны для улицы цена;10;бетонные вазоны для улицы цена
малые формы;коммерческий;купить вазон из бетона для цветов уличные;10;купить вазон из бетона для цветов уличные
малые формы;коммерческий;бетонные вазоны для цветов купить;8;бетонные вазоны для цветов купить
малые формы;коммерческий;купить большие вазоны для уличных цветов;8;купить большие вазоны для уличных цветов
малые формы;коммерческий;стоимость бетонного забора;8;стоимость бетонного забора
малые формы;коммерческий;бетонные полусферы для парковки купить;7;бетонные полусферы для парковки купить
малые формы;коммерческий;купить бетонный забор цена заборы;6;купить бетонный забор цена заборы
малые формы;коммерческий;купить забор бетонный секционный;6;купить забор бетонный секционный
малые формы;коммерческий;бетонный ограничитель полусфера купить;5;бетонный ограничитель полусфера купить
малые формы;коммерческий;полусфера бетонная ограничитель парковки купить;5;полусфера бетонная ограничитель парковки купить
малые формы;коммерческий;бетонный ограничитель парковки купить;5;бетонный ограничитель парковки купить
малые формы;коммерческий;вазон для цветов уличный бетонный купить;5;вазон для цветов уличный бетонный купить
малые формы;коммерческий;купить опоры бетонные для столбов забора;5;купить опоры бетонные для столбов забора
малые формы;коммерческий;купить наборной бетонный забор;5;купить наборной бетонный забор
малые формы;коммерческий;стоимость бетонной плиты забора;5;стоимость бетонной плиты забора
малые формы;коммерческий;столбы бетонные для забора купить на wb;5;столбы бетонные для забора купить на wb
малые формы;коммерческий;купить бетонные вазоны и цветочницы от производителя;4;купить бетонные вазоны и цветочницы от производителя
малые формы;коммерческий;вазон для цветов уличный пластиковый купить;4;вазон для цветов уличный пластиковый купить
малые формы;коммерческий;форма для полусферы бетонной купить;3;форма для полусферы бетонной купить
малые формы;коммерческий;бетонные ограждения для парковки полусфера купить;3;бетонные ограждения для парковки полусфера купить
малые формы;коммерческий;купить бетонные ограждения полусферы;3;купить бетонные ограждения полусферы
малые формы;коммерческий;купить вазоны для цветов уличные озон;3;купить вазоны для цветов уличные озон
малые формы;коммерческий;бетонные столбы для забора купить в нальчике;3;бетонные столбы для забора купить в нальчике
малые формы;коммерческий;бетонные секции для забора купить;3;бетонные секции для забора купить
малые формы;коммерческий;забор бетонный секционный сборный купить;3;забор бетонный секционный сборный купить
малые формы;коммерческий;сборные бетонные заборы купить;3;сборные бетонные заборы купить
малые формы;коммерческий;бетонные заборы заказать;3;бетонные заборы заказать
малые формы;коммерческий;бетонный забор пермь купить;3;бетонный забор пермь купить
малые формы;коммерческий;купить бетонные блоки для забора в перми;3;купить бетонные блоки для забора в перми
малые формы;коммерческий;бетонные полусферы купить в нижнем новгороде;2;бетонные полусферы купить в нижнем новгороде
малые формы;коммерческий;парковочные полусферы купить;2;парковочные полусферы купить
малые формы;коммерческий;цветники из бетона купить;2;цветники из бетона купить
малые формы;коммерческий;бетонные заборы в бресте цена и фото;2;бетонные заборы в бресте цена и фото
малые формы;коммерческий;бетонный забор цена брест;2;бетонный забор цена брест
малые формы;коммерческий;купить бетонный забор в бресте;2;купить бетонный забор в бресте
малые формы;коммерческий;фото бетонного забора купить;2;фото бетонного забора купить
малые формы;коммерческий;цена бетонного забора фото;2;цена бетонного забора фото
малые формы;коммерческий;забор бетонный дешево;2;забор бетонный дешево
малые формы;коммерческий;бетонные столбы для заборов цена;2;бетонные столбы для заборов цена
малые формы;коммерческий;купить бетонные плиты для забора;2;купить бетонные плиты для забора
малые формы;коммерческий;купить бетонные столбы для забора цена;2;купить бетонные столбы для забора цена
малые формы;коммерческий;купить панели бетонные забора;2;купить панели бетонные забора
малые формы;коммерческий;бетонный парапет для забора купить;2;бетонный парапет для забора купить
малые формы;коммерческий;бетонная лента под забор цена;2;бетонная лента под забор цена
малые формы;коммерческий;стоимость полусферы бетонной;1;стоимость полусферы бетонной
малые формы;коммерческий;большие вазоны для цветов уличные пластиковые купить;1;большие вазоны для цветов уличные пластиковые купить
малые формы;коммерческий;купить бетонную основу под забор;1;купить бетонную основу под забор
малые формы;коммерческий|гео;вазоны для цветов уличные купить в екатеринбурге;41;вазоны для цветов уличные купить в екатеринбурге
малые формы;коммерческий|гео;полусфера бетонная купить в екатеринбурге;39;полусфера бетонная купить в екатеринбурге
малые формы;коммерческий|гео;полусферы бетонные антипарковочные купить в екатеринбурге;22;полусферы бетонные антипарковочные купить в екатеринбурге
малые формы;коммерческий|гео;бетонный забор купить в екатеринбурге;22;бетонный забор купить в екатеринбурге
малые формы;коммерческий|гео;бетонный уличный вазон купить екатеринбург;15;бетонный уличный вазон купить екатеринбург
малые формы;коммерческий|гео;блок для забора пустотелый бетонный купить екатеринбург;7;блок для забора пустотелый бетонный купить екатеринбург
малые формы;коммерческий|гео;полусфера бетонная 1 метр диаметр купить екатеринбург;6;полусфера бетонная 1 метр диаметр купить екатеринбург
малые формы;коммерческий|применение;формы для бетонного забора купить;2;формы для бетонного забора купить
малые формы;применение;форма для бетонных полусфер;10;форма для бетонных полусфер
малые формы;применение;краска для бетонного забора;7;краска для бетонного забора
малые формы;применение;краска для бетонного забора на улице;4;краска для бетонного забора на улице
малые формы;применение;форма для бетонного забора;2;форма для бетонного забора
малые формы;применение;формы для бетонных вазонов;1;формы для бетонных вазонов
малые формы;расчёт;полусфера бетонная вес;7;полусфера бетонная вес
малые формы;расчёт;вес бетонного забора;7;вес бетонного забора
малые формы;расчёт;сколько весит бетонная полусфера;3;сколько весит бетонная полусфера
малые формы;расчёт;сколько стоит бетонный забор;3;сколько стоит бетонный забор
малые формы;расчёт;сколько весит бетонный забор;2;сколько весит бетонный забор
малые формы;расчёт;сколько весит бетонная полусфера на парковке;1;сколько весит бетонная полусфера на парковке
малые формы;расчёт;вес бетонного вазона;1;вес бетонного вазона
малые формы;характеристики;виды бетонных заборов;6;виды бетонных заборов
малые формы;характеристики;бетонный забор гост;5;бетонный забор гост
малые формы;характеристики;бетонный забор размеры;4;бетонный забор размеры
малые формы;характеристики;бетонный забор ссср размеры;2;бетонный забор ссср размеры
отсев;;отсев гранитный;452;отсев гранитный / гранитный отсев
отсев;;отсев 0-5;277;отсев 0-5
отсев;;отсев 0 5;277;отсев 0 5
отсев;;отсев 0 5 мм;67;отсев 0 5 мм
отсев;;отсев гранитный 0 5;58;отсев гранитный 0 5
отсев;;отсев пгс;48;отсев пгс
отсев;;гранитный отсев мм;47;гранитный отсев мм
отсев;;отсев фр 0 5;34;отсев фр 0 5
отсев;;отсев дробления 0 5;29;отсев дробления 0 5
отсев;;гранитный отсев 0 5 мм;27;гранитный отсев 0 5 мм
отсев;;авито отсев гранитный;16;авито отсев гранитный
отсев;;отсев дробления 0 5 мм;15;отсев дробления 0 5 мм
отсев;;гранитный отсев 0 10;13;гранитный отсев 0 10
отсев;;гранитный отсев для дорожек;12;гранитный отсев для дорожек
отсев;;мелкий гранитный отсев;10;мелкий гранитный отсев
отсев;;отсев фр 0 5 мм;9;отсев фр 0 5 мм
отсев;;отсев речной гранитный;8;отсев речной гранитный
отсев;;отсев гранитный 0 10 мм 40 кг;7;отсев гранитный 0 10 мм 40 кг
отсев;;гранитный отсев тонна;6;гранитный отсев тонна
отсев;;паспорт на отсев дробления 0 5;6;паспорт на отсев дробления 0 5
отсев;;гранитный отсев 3 5 мм;5;гранитный отсев 3 5 мм
отсев;;отсев гранитный желтый;5;отсев гранитный желтый
отсев;;уфа гранитный отсев;5;уфа гранитный отсев
отсев;;садовые дорожки гранитный отсев;5;садовые дорожки гранитный отсев
отсев;;коэффициент отсева 0 5;5;коэффициент отсева 0 5
отсев;;мраморный отсев 0 5;5;мраморный отсев 0 5
отсев;;гранитный отсев 5 10;4;гранитный отсев 5 10
отсев;;отсев гранитный 5 10 мм;4;отсев гранитный 5 10 мм
отсев;;гранитный отсев фото;3;гранитный отсев фото
отсев;;отсев гранитный 0 5мм;3;отсев гранитный 0 5мм
отсев;;отсев гранитный тюмень;3;отсев гранитный тюмень
отсев;;отсев 0 5 1 5 мм;3;отсев 0 5 1 5 мм
отсев;;коэффициент уплотнения отсева 0 5;3;коэффициент уплотнения отсева 0 5
отсев;;гранитный отсев красный;2;гранитный отсев красный
отсев;;гранитный отсев розовый;2;гранитный отсев розовый
отсев;;гранитная крошка отсев;2;гранитная крошка отсев
отсев;;гранитный отсев 2 5;2;гранитный отсев 2 5
отсев;;покрытие из гранитного отсева;2;покрытие из гранитного отсева
отсев;;коэффициент уплотнения отсева 0 5 при трамбовке;2;коэффициент уплотнения отсева 0 5 при трамбовке
отсев;;гранитный отсев на участке;1;гранитный отсев на участке
отсев;;гранитный отсев для стяжки пола;1;гранитный отсев для стяжки пола
отсев;;гранитный отсев в мешках;1;гранитный отсев в мешках
отсев;;набивное покрытие из гранитного отсева;1;набивное покрытие из гранитного отсева
отсев;;коэффициент уплотнения гранитного отсева;1;коэффициент уплотнения гранитного отсева
отсев;;отсев гранитный коэффициент;1;отсев гранитный коэффициент
отсев;;отсев дробления гранитный;1;отсев дробления гранитный
отсев;выбор|характеристики;отсев гранитный какие фракции;2;отсев гранитный какие фракции
отсев;гео;гранитный отсев в красноуфимске;5;гранитный отсев в красноуфимске
отсев;гео;гранитный отсев в первоуральске;5;гранитный отсев в первоуральске
отсев;как сделать;как выглядит гранитный отсев;4;как выглядит гранитный отсев
отсев;коммерческий;гранитный отсев купить;124;гранитный отсев купить
отсев;коммерческий;купить отсев 0 5;47;купить отсев 0 5
отсев;коммерческий;гранитный отсев 0 5 купить;27;гранитный отсев 0 5 купить
отсев;коммерческий;пгс отсев купить;27;пгс отсев купить
отсев;коммерческий;гранитный отсев цена;20;гранитный отсев цена
отсев;коммерческий;купить отсев пгс в новоуральске;19;купить отсев пгс в новоуральске
отсев;коммерческий;отсев 0 5 цена;17;отсев 0 5 цена
отсев;коммерческий;гранитный отсев 5 мм цена;16;гранитный отсев 5 мм цена
отсев;коммерческий;отсев 0 5 мм цена;16;отсев 0 5 мм цена
отсев;коммерческий;гранитный отсев стоимость;14;гранитный отсев стоимость
отсев;коммерческий;гранитный отсев 0 5 цена;14;гранитный отсев 0 5 цена
отсев;коммерческий;купить гранитный отсев в уфе;5;купить гранитный отсев в уфе
отсев;коммерческий;отсев гранитный в деме уфы купить;5;отсев гранитный в деме уфы купить
отсев;коммерческий;крутиха гранитный карьер купить отсев;5;крутиха гранитный карьер купить отсев
отсев;коммерческий;доставка гранитного отсева;4;доставка гранитного отсева
отсев;коммерческий;купить гранитный отсев с доставкой;2;купить гранитный отсев с доставкой
отсев;коммерческий;где купить гранитный отсев;2;где купить гранитный отсев
отсев;коммерческий;гранитный отсев 0 5 мм купить;2;гранитный отсев 0 5 мм купить
отсев;коммерческий;гранитный отсев купить цена;2;гранитный отсев купить цена
отсев;коммерческий;купить гранитный отсев в мешках;1;купить гранитный отсев в мешках
отсев;коммерческий;гранитный отсев цена м3;1;гранитный отсев цена м3
отсев;коммерческий;отсев гранитный цена за 1 м3;1;отсев гранитный цена за 1 м3
отсев;коммерческий|гео;купить гранитный отсев в екатеринбурге;38;купить гранитный отсев в екатеринбурге
отсев;коммерческий|гео;купить отсев гранитный в свердловской области;15;купить отсев гранитный в свердловской области
отсев;коммерческий|гео;гранитный отсев 0 5 купить в камышлове;7;гранитный отсев 0 5 купить в камышлове
отсев;коммерческий|расчёт;отсев гранитный вес 1м3;3;отсев гранитный вес 1м3
отсев;коммерческий|расчёт;отсев 0 5 мм вес 1м3;3;отсев 0 5 мм вес 1м3
отсев;коммерческий|расчёт;гранитный отсев вес 1 м3;1;гранитный отсев вес 1 м3
отсев;коммерческий|характеристики;отсев фракция 0 5 купить;21;отсев фракция 0 5 купить
отсев;коммерческий|характеристики;отсев гранитный фракция мм цена;16;отсев гранитный фракция мм цена
отсев;коммерческий|характеристики;отсев фракция 0 5 мм цена;16;отсев фракция 0 5 мм цена
отсев;коммерческий|характеристики;отсев фракция 0 5 цена;16;отсев фракция 0 5 цена
отсев;коммерческий|характеристики;гранитный отсев фракции 0 5 цена;14;гранитный отсев фракции 0 5 цена
отсев;коммерческий|характеристики;отсев гранитный фракция 0 5 мм цена;14;отсев гранитный фракция 0 5 мм цена
отсев;коммерческий|характеристики;отсев гранитный фракция 0 5 купить;9;отсев гранитный фракция 0 5 купить
отсев;коммерческий|характеристики;отсев купить фракция 0 5 мм;9;отсев купить фракция 0 5 мм
отсев;применение;отсев гранитный для чего используется;8;отсев гранитный для чего используется
отсев;расчёт;вес отсева 0 5;23;вес отсева 0 5
отсев;расчёт;вес отсева гранитного;17;вес отсева гранитного
отсев;расчёт;плотность отсева 0 5;10;плотность отсева 0 5
отсев;расчёт;вес куба гранитного отсева;8;вес куба гранитного отсева
отсев;расчёт;насыпная плотность отсева 0 5;6;насыпная плотность отсева 0 5
отсев;расчёт;гранитный отсев насыпная плотность;3;гранитный отсев насыпная плотность
отсев;расчёт;плотность отсева гранитного;3;плотность отсева гранитного
отсев;расчёт;сколько весит 1 куб отсева гранитного;3;сколько весит 1 куб отсева гранитного
отсев;расчёт;сколько весит гранитный отсев;3;сколько весит гранитный отсев
отсев;расчёт;сколько весит куб гранитного отсева;3;сколько весит куб гранитного отсева
отсев;расчёт;сколько тонн в кубе отсева 0 5;2;сколько тонн в кубе отсева 0 5
отсев;расчёт;гранитный отсев сколько тонн в кубе;1;гранитный отсев сколько тонн в кубе
отсев;расчёт;удельный вес гранитного отсева;1;удельный вес гранитного отсева
отсев;расчёт|характеристики;сколько весит куб отсева фракции 0 5;3;сколько весит куб отсева фракции 0 5
отсев;характеристики;отсев фракция 0 5;101;отсев фракция 0 5
отсев;характеристики;отсев гранитный фракция;48;отсев гранитный фракция
отсев;характеристики;отсев фракция 0 5 мм;43;отсев фракция 0 5 мм
отсев;характеристики;отсев гранитный фракции 0 5;33;отсев гранитный фракции 0 5
отсев;характеристики;отсев гранитный фракция 0 5 мм;21;отсев гранитный фракция 0 5 мм
отсев;характеристики;отсев дробления фракция 0 5;12;отсев дробления фракция 0 5
отсев;характеристики;отсев гранитный фракция 0 10;5;отсев гранитный фракция 0 10
отсев;характеристики;отсев мраморный фракция 0 5;5;отсев мраморный фракция 0 5
отсев;характеристики;гранитный отсев фракция 0 5мм;1;гранитный отсев фракция 0 5мм
отсев;характеристики;отсев габбро долеритовый фракции 0 5 мм;1;отсев габбро долеритовый фракции 0 5 мм
отсев;характеристики;гост на отсев 0 5;1;гост на отсев 0 5
пгс и смеси;;пгс;5180;пгс
пгс и смеси;;фгис пгс;726;фгис пгс
пгс и смеси;;пгс вход;287;пгс вход
пгс и смеси;;пгс госуслуги;198;пгс госуслуги
пгс и смеси;;пгс 3;172;пгс 3
пгс и смеси;;система пгс;171;система пгс
пгс и смеси;;пгс вход в систему;155;пгс вход в систему
пгс и смеси;;фгис пгс вход;154;фгис пгс вход
пгс и смеси;;пгс 3.0;139;пгс 3.0
пгс и смеси;;пгс урфу;138;пгс урфу
пгс и смеси;;система фгис пгс;117;система фгис пгс
пгс и смеси;;пгс 2;114;пгс 2
пгс и смеси;;фгис пгс вход в систему;112;фгис пгс вход в систему
пгс и смеси;;пгс что это в строительстве;108;пгс что это в строительстве
пгс и смеси;;пгс 5;97;пгс 5
пгс и смеси;;пгс 2.0;90;пгс 2.0
пгс и смеси;;пгс расшифровка;90;пгс расшифровка
пгс и смеси;;пгс сервис;90;пгс сервис
пгс и смеси;;кабинет пгс;89;кабинет пгс
пгс и смеси;;пгс личный кабинет;89;пгс личный кабинет
пгс и смеси;;пгс госуслуги вход;89;пгс госуслуги вход
пгс и смеси;;пгс образование;89;пгс образование
пгс и смеси;;пгс 1;79;пгс 1
пгс и смеси;;куб пгс;70;куб пгс
пгс и смеси;;пгс куба;70;пгс куба
пгс и смеси;;пгс обучение;70;пгс обучение
пгс и смеси;;инженер пгс;68;инженер пгс
пгс и смеси;;ооо пгс;64;ооо пгс
пгс и смеси;;баллон пгс;58;баллон пгс
пгс и смеси;;пгс госуслуги личный;58;пгс госуслуги личный
пгс и смеси;;пгс личный кабинет госуслуги;58;пгс личный кабинет госуслуги
пгс и смеси;;смесь пгс;54;смесь пгс
пгс и смеси;;пгс личный кабинет госуслуги вход;53;пгс личный кабинет госуслуги вход
пгс и смеси;;пгс заочно;53;пгс заочно
пгс и смеси;;тонна пгс;50;тонна пгс
пгс и смеси;;пгс 3.0 вход;47;пгс 3.0 вход
пгс и смеси;;пгс поступить;46;пгс поступить
пгс и смеси;;поступи пгс;46;поступи пгс
пгс и смеси;;пгс войти;46;пгс войти
пгс и смеси;;высшее пгс;46;высшее пгс
пгс и смеси;;пгс сайт;45;пгс сайт
пгс и смеси;;пгс есиа;45;пгс есиа
пгс и смеси;;пгс 50;45;пгс 50
пгс и смеси;;пгс 3.0 личный;45;пгс 3.0 личный
пгс и смеси;;пгс 3.0 личный кабинет;45;пгс 3.0 личный кабинет
пгс и смеси;;пгс вход есиа;44;пгс вход есиа
пгс и смеси;;пгс вход через есиа;44;пгс вход через есиа
пгс и смеси;;опгс;44;опгс
пгс и смеси;;ургупс пгс;43;ургупс пгс
пгс и смеси;;гис пгс;42;гис пгс
пгс и смеси;;пгс сис;41;пгс сис
пгс и смеси;;пгс пермь;41;пгс пермь
пгс и смеси;;пгс через госуслуги;41;пгс через госуслуги
пгс и смеси;;работа пгс;40;работа пгс
пгс и смеси;;пгс официальный сайт;39;пгс официальный сайт
пгс и смеси;;пгс сгс;38;пгс сгс
пгс и смеси;;пгс магистратура;37;пгс магистратура
пгс и смеси;;пгс вход в личный кабинет;35;пгс вход в личный кабинет
пгс и смеси;;пгс 10;35;пгс 10
пгс и смеси;;строительный пгс;34;строительный пгс
пгс и смеси;;пгс госуслуги вход в систему;34;пгс госуслуги вход в систему
пгс и смеси;;пгс система госуслуги;34;пгс система госуслуги
пгс и смеси;;пгс сгс сис;33;пгс сгс сис
пгс и смеси;;пгс ru;33;пгс ru
пгс и смеси;;высшее образование пгс;32;высшее образование пгс
пгс и смеси;;пгс газовая;31;пгс газовая
пгс и смеси;;пгс колледж;30;пгс колледж
пгс и смеси;;пгс 4;30;пгс 4
пгс и смеси;;что значит пгс;30;что значит пгс
пгс и смеси;;гсо пгс;29;гсо пгс
пгс и смеси;;газовая смесь пгс;29;газовая смесь пгс
пгс и смеси;;пгс смеси газов;29;пгс смеси газов
пгс и смеси;;где пгс;28;где пгс
пгс и смеси;;пгс 900;28;пгс 900
пгс и смеси;;пгс 3.0 госуслуги;28;пгс 3.0 госуслуги
пгс и смеси;;хорошая пгс;27;хорошая пгс
пгс и смеси;;центр пгс;27;центр пгс
пгс и смеси;;программа пгс;27;программа пгс
пгс и смеси;;пгс сервис официальный;27;пгс сервис официальный
пгс и смеси;;пгс сервис официальный сайт;27;пгс сервис официальный сайт
пгс и смеси;;сайт пгс сервис;27;сайт пгс сервис
пгс и смеси;;пгс вакансии;26;пгс вакансии
пгс и смеси;;пгс 25;26;пгс 25
пгс и смеси;;пгс госуслуги войти;26;пгс госуслуги войти
пгс и смеси;;фгис пгс есиа;25;фгис пгс есиа
пгс и смеси;;фгис пгс через есиа;25;фгис пгс через есиа
пгс и смеси;;пгс 3.0 госуслуги вход;25;пгс 3.0 госуслуги вход
пгс и смеси;;пгс 3.0 личный кабинет госуслуги;25;пгс 3.0 личный кабинет госуслуги
пгс и смеси;;пгс 3.0 личный кабинет госуслуги вход;25;пгс 3.0 личный кабинет госуслуги вход
пгс и смеси;;фгис пгс вход через есиа;24;фгис пгс вход через есиа
пгс и смеси;;пгс сталь;24;пгс сталь
пгс и смеси;;фгис пгс войти;24;фгис пгс войти
пгс и смеси;;пгс 2.0 вход;23;пгс 2.0 вход
пгс и смеси;;пгс 3 0;23;пгс 3 0
пгс и смеси;;пгс баллы;23;пгс баллы
пгс и смеси;;пгс войти через госуслуги;22;пгс войти через госуслуги
пгс и смеси;;фгис пгс личный;22;фгис пгс личный
пгс и смеси;;фгис пгс личный кабинет;22;фгис пгс личный кабинет
пгс и смеси;;пгс камень;22;пгс камень
пгс и смеси;;пгс университет;22;пгс университет
пгс и смеси;;пгс 8;20;пгс 8
пгс и смеси;;пгс дистанционно;20;пгс дистанционно
пгс и смеси;;пгс 3.0 вход в личный кабинет;20;пгс 3.0 вход в личный кабинет
пгс и смеси;;пгс вход в систему через есиа;20;пгс вход в систему через есиа
пгс и смеси;;фгис пгс вход в систему через есиа;20;фгис пгс вход в систему через есиа
пгс и смеси;;типы пгс;20;типы пгс
пгс и смеси;;пгс 2 0;20;пгс 2 0
пгс и смеси;;пгс 3 госуслуги;19;пгс 3 госуслуги
пгс и смеси;;пгс русский;19;пгс русский
пгс и смеси;;пгс москва;19;пгс москва
пгс и смеси;;пгс 7;19;пгс 7
пгс и смеси;;пгс сертификат;19;пгс сертификат
пгс и смеси;;пгс онлайн;19;пгс онлайн
пгс и смеси;;пгс профессия;18;пгс профессия
пгс и смеси;;пгс завод;18;пгс завод
пгс и смеси;;пгс поверочные;18;пгс поверочные
пгс и смеси;;поверочная газовая смесь пгс;18;поверочная газовая смесь пгс
пгс и смеси;;поверочная смесь пгс;18;поверочная смесь пгс
пгс и смеси;;пгс ру;18;пгс ру
пгс и смеси;;пгс 3 0 госуслуги;18;пгс 3 0 госуслуги
пгс и смеси;;пгс песчано;18;пгс песчано
пгс и смеси;;пгс госуслуги личный кабинет войти;18;пгс госуслуги личный кабинет войти
пгс и смеси;;пгс личный кабинет войти;18;пгс личный кабинет войти
пгс и смеси;;фгис пгс вход через госуслуги;18;фгис пгс вход через госуслуги
пгс и смеси;;фгис пгс госуслуги;18;фгис пгс госуслуги
пгс и смеси;;фгис пгс госуслуги вход;18;фгис пгс госуслуги вход
пгс и смеси;;фгис пгс через госуслуги;18;фгис пгс через госуслуги
пгс и смеси;;пгс 20;18;пгс 20
пгс и смеси;;вход в пгс 3;17;вход в пгс 3
пгс и смеси;;пгс 3 0 вход;17;пгс 3 0 вход
пгс и смеси;;пгс 3 0 госуслуги вход в систему;17;пгс 3 0 госуслуги вход в систему
пгс и смеси;;пгс м;17;пгс м
пгс и смеси;;фгис пгс личный кабинет госуслуги;16;фгис пгс личный кабинет госуслуги
пгс и смеси;;фгис пгс личный кабинет госуслуги вход;16;фгис пгс личный кабинет госуслуги вход
пгс и смеси;;фгис пгс через личный кабинет;16;фгис пгс через личный кабинет
пгс и смеси;;пгс гравий;16;пгс гравий
пгс и смеси;;пгс онлайн обучение;16;пгс онлайн обучение
пгс и смеси;;пгс 2.0 госуслуги;16;пгс 2.0 госуслуги
пгс и смеси;;ситуационный центр пгс;16;ситуационный центр пгс
пгс и смеси;;пгс 2 вход;16;пгс 2 вход
пгс и смеси;;фгис пгс pgs gosuslugi ru;16;фгис пгс pgs gosuslugi ru
пгс и смеси;;пгс фото;16;пгс фото
пгс и смеси;;соотношение пгс;16;соотношение пгс
пгс и смеси;;пгс оренбург;16;пгс оренбург
пгс и смеси;;мгсу пгс;16;мгсу пгс
пгс и смеси;;обучение пгс высшее;15;обучение пгс высшее
пгс и смеси;;фгис пгс войти через госуслуги;15;фгис пгс войти через госуслуги
пгс и смеси;;гравий опгс;10;гравий опгс
пгс и смеси;;опгс гравий в алнаши;10;опгс гравий в алнаши
пгс и смеси;;опгс что это в строительстве;2;опгс что это в строительстве
пгс и смеси;;пгс и опгс;1;пгс и опгс
пгс и смеси;;фото опгс;1;фото опгс
пгс и смеси;;фото пгс и опгс;1;фото пгс и опгс
пгс и смеси;;опгс тонна;1;опгс тонна
пгс и смеси;выбор;пгс какой;80;пгс какой
пгс и смеси;гео;пгс екатеринбург;194;пгс екатеринбург
пгс и смеси;гео;пгс заречный;56;пгс заречный
пгс и смеси;гео;пгс сервис заречный;46;пгс сервис заречный
пгс и смеси;гео;пгс красноуфимск;28;пгс красноуфимск
пгс и смеси;гео;пгс свердловская область;26;пгс свердловская область
пгс и смеси;гео;пгс заречный официальный сайт;20;пгс заречный официальный сайт
пгс и смеси;гео;пгс сервис заречный официальный;20;пгс сервис заречный официальный
пгс и смеси;гео;пгс сервис заречный официальный сайт;20;пгс сервис заречный официальный сайт
пгс и смеси;гео;пгс нижний тагил;16;пгс нижний тагил
пгс и смеси;как сделать;пропорции пгс;43;пропорции пгс
пгс и смеси;как сделать;пгс схема;37;пгс схема
пгс и смеси;как сделать;пгс инструкции;23;пгс инструкции
пгс и смеси;как сделать;фгис пгс инструкция;19;фгис пгс инструкция
пгс и смеси;как сделать;как выглядит пгс;19;как выглядит пгс
пгс и смеси;как сделать;пгс 3 схема;15;пгс 3 схема
пгс и смеси;как сделать;опгс пропорции;4;опгс пропорции
пгс и смеси;как сделать;как выглядит опгс;2;как выглядит опгс
пгс и смеси;коммерческий;купить пгс;265;купить пгс
пгс и смеси;коммерческий;пщс купить;85;пщс купить
пгс и смеси;коммерческий;пгс цена;58;пгс цена
пгс и смеси;коммерческий;пгс с доставкой;51;пгс с доставкой
пгс и смеси;коммерческий;стоимость пгс;27;стоимость пгс
пгс и смеси;коммерческий;карьер бобровский купить пщс;21;карьер бобровский купить пщс
пгс и смеси;коммерческий;купить пгс с доставкой;20;купить пгс с доставкой
пгс и смеси;коммерческий;пгс м3;20;пгс м3
пгс и смеси;коммерческий;купить пгс цена;17;купить пгс цена
пгс и смеси;коммерческий;пщс купить с доставкой;2;пщс купить с доставкой
пгс и смеси;коммерческий;опгс с доставкой;1;опгс с доставкой
пгс и смеси;коммерческий|гео;пгс купить в екатеринбурге;39;пгс купить в екатеринбурге
пгс и смеси;коммерческий|гео;купить пщс в екатеринбурге;15;купить пщс в екатеринбурге
пгс и смеси;расчёт;сколько пгс;130;сколько пгс
пгс и смеси;расчёт;тонна пгс сколько;34;тонна пгс сколько
пгс и смеси;расчёт;сколько нужно пгс;26;сколько нужно пгс
пгс и смеси;расчёт;сколько стоит пгс;26;сколько стоит пгс
пгс и смеси;расчёт;плотность опгс;1;плотность опгс
пгс и смеси;расчёт;сколько стоит опгс;1;сколько стоит опгс
пгс и смеси;характеристики;пгс на гостех;75;пгс на гостех
пгс и смеси;характеристики;пгс 3 на гостехе;73;пгс 3 на гостехе
пгс и смеси;характеристики;пгс классы;23;пгс классы
пгс и смеси;характеристики;пгс гост;17;пгс гост
пгс и смеси;характеристики;марка пгс;15;марка пгс
пгс и смеси;характеристики;опгс гост;9;опгс гост
пгс и смеси;характеристики;состав опгс;2;состав опгс
пгс и смеси;характеристики;фракция опгс;1;фракция опгс
песок;;песок речной;2483;песок речной
песок;;песок строительный;1266;песок строительный
песок;;песок карьерный;336;песок карьерный
песок;;песок мытый;241;песок мытый
песок;;песок для строительных работ;240;песок для строительных работ
песок;;речной песок в мешках;230;речной песок в мешках
песок;;песок речной куб;137;песок речной куб
песок;;песок речной в нижнем;102;песок речной в нижнем
песок;;строительный двор песок;87;строительный двор песок
песок;;песок речной мытый;85;песок речной мытый
песок;;тонна речного песка;79;тонна речного песка
песок;;песок строительный природный;66;песок строительный природный
песок;;8736 песок для строительных;63;8736 песок для строительных
песок;;песок для строительных работ природный;56;песок для строительных работ природный
песок;;речной песок строительные;55;речной песок строительные
песок;;песок строительный 8736 2014;54;песок строительный 8736 2014
песок;;песок строительный средний;49;песок строительный средний
песок;;песок строительный в мешках;46;песок строительный в мешках
песок;;8736 2014 песок для строительных работ;44;8736 2014 песок для строительных работ
песок;;песок пгс;42;песок пгс
песок;;сито для песка строительное;41;сито для песка строительное
песок;;песок строительный 2;40;песок строительный 2
песок;;песок для строительных работ средний;39;песок для строительных работ средний
песок;;песок строительный технический;36;песок строительный технический
песок;;отсев речного песка;35;отсев речного песка
песок;;крупный речной песок;35;крупный речной песок
песок;;песок для строительных работ технические условия;35;песок для строительных работ технические условия
песок;;технические условия строительного песка;35;технические условия строительного песка
песок;;речной песок плюс;34;речной песок плюс
песок;;речной песок для огорода;32;речной песок для огорода
песок;;песок карьерный тонну;31;песок карьерный тонну
песок;;строительный песок отсев;31;строительный песок отсев
песок;;карьер строительных песков;31;карьер строительных песков
песок;;песок строительный карьеры;31;песок строительный карьеры
песок;;песок речной кг;30;песок речной кг
песок;;песок 0 5 строительный;28;песок 0 5 строительный
песок;;строительный песок из отсевов дробления;28;строительный песок из отсевов дробления
песок;;песок речной 1 тонна;26;песок речной 1 тонна
песок;;ооо строительные пески;26;ооо строительные пески
песок;;мыло с песком;25;мыло с песком
песок;;карьер строительных песков высокая степь;25;карьер строительных песков высокая степь
песок;;песок речной средний;23;песок речной средний
песок;;куб мытого песка;23;куб мытого песка
песок;;песок природный строительный средний;23;песок природный строительный средний
песок;;речной песок смесь;22;речной песок смесь
песок;;песок строительный материал;22;песок строительный материал
песок;;песок строительный фр 3.0 5.0;22;песок строительный фр 3.0 5.0
песок;;авито песок речной;21;авито песок речной
песок;;песок строительный тонна;21;песок строительный тонна
песок;;песок природный для строительных работ средний;21;песок природный для строительных работ средний
песок;;песок из отсевов дробления 0 5;21;песок из отсевов дробления 0 5
песок;;1 куб речного песка;20;1 куб речного песка
песок;;песок для песочницы речной;20;песок для песочницы речной
песок;;песок строительный мелкозернистый;20;песок строительный мелкозернистый
песок;;крупность речного песка;19;крупность речного песка
песок;;речной песок для растений;19;речной песок для растений
песок;;ооо карьер строительных песков высокая степь;19;ооо карьер строительных песков высокая степь
песок;;куб речного песка в тоннах;18;куб речного песка в тоннах
песок;;нужен песок речной;18;нужен песок речной
песок;;песок карьерный мытый;18;песок карьерный мытый
песок;;песок карьерный нижний;18;песок карьерный нижний
песок;;испытания песка строительного;18;испытания песка строительного
песок;;куб строительного песка;18;куб строительного песка
песок;;речной песок для огорода польза и вред;17;речной песок для огорода польза и вред
песок;;песок кварцевый речной;17;песок кварцевый речной
песок;;песок строительный мелкий;17;песок строительный мелкий
песок;;строительный кварцевый песок;17;строительный кварцевый песок
песок;;где взять речной песок;16;где взять речной песок
песок;;карьерный песок в мешках;16;карьерный песок в мешках
песок;;песок строительный методы испытаний;16;песок строительный методы испытаний
песок;;речной песок для сада;15;речной песок для сада
песок;;песок речной мелкий;15;песок речной мелкий
песок;;речной песок самовывозом;14;речной песок самовывозом
песок;;песок строительный 50 кг;14;песок строительный 50 кг
песок;;испытания песка для строительных работ;14;испытания песка для строительных работ
песок;;песок для строительных работ методы испытаний;14;песок для строительных работ методы испытаний
песок;;песок речной мелкозернистый;13;песок речной мелкозернистый
песок;;песок карьерный 2;13;песок карьерный 2
песок;;речной песок в биг бэгах;12;речной песок в биг бэгах
песок;;8735 88 песок для строительных;12;8735 88 песок для строительных
песок;;песок строительный крупный;12;песок строительный крупный
песок;;песок строительный качество;12;песок строительный качество
песок;;песок строительная компания;12;песок строительная компания
песок;;песок строительный в биг бегах;12;песок строительный в биг бегах
песок;;песок речной 2 мм;11;песок речной 2 мм
песок;;можно ли использовать речной песок;11;можно ли использовать речной песок
песок;;песок мытый средний;11;песок мытый средний
песок;;золото моем песок;11;золото моем песок
песок;;песок для строительных работ отзывы каталог материалов;11;песок для строительных работ отзывы каталог материалов
песок;;8735 88 песок для строительных работ;11;8735 88 песок для строительных работ
песок;;песок для строительных смесей;11;песок для строительных смесей
песок;;песок для строительных работ крупный;11;песок для строительных работ крупный
песок;;песок строительный мешок 50 кг;11;песок строительный мешок 50 кг
песок;;песок речной сухой;10;песок речной сухой
песок;;речной песок в биг бегах;10;речной песок в биг бегах
песок;;песок речной средней крупности;10;песок речной средней крупности
песок;;песок речной казань;10;песок речной казань
песок;;ем речной песок;10;ем речной песок
песок;;песок речной мытый мешках;10;песок речной мытый мешках
песок;;песок мытый в мешках;10;песок мытый в мешках
песок;;лучший мытый песок;10;лучший мытый песок
песок;;песок карьерный средний;10;песок карьерный средний
песок;;песок для строительных работ мелкий;10;песок для строительных работ мелкий
песок;;песок строительный 1 тонна;10;песок строительный 1 тонна
песок;;качество песка для строительных работ;10;качество песка для строительных работ
песок;;показатели качества строительного песка;10;показатели качества строительного песка
песок;;речной песок для штукатурки;9;речной песок для штукатурки
песок;;песок речной модуль крупности;9;песок речной модуль крупности
песок;;речной песок машина;9;речной песок машина
песок;;песок речной карьер;9;песок речной карьер
песок;;речной песок карьеры;9;речной песок карьеры
песок;;песок речной 25;9;песок речной 25
песок;;песок речной 25 кг;9;песок речной 25 кг
песок;;песок речной в мешках 25 кг;9;песок речной в мешках 25 кг
песок;;смешай речной песок;9;смешай речной песок
песок;;мытый песок в кубы;9;мытый песок в кубы
песок;;песок строительный карьерный;9;песок строительный карьерный
песок;;песок строительный крупнозернистый;9;песок строительный крупнозернистый
песок;;производство строительного песка;9;производство строительного песка
песок;;песок горный строительный;9;песок горный строительный
песок;;песок желтый речной;8;песок желтый речной
песок;;песок речной сертификат;8;песок речной сертификат
песок;;речной песок для аквариума;8;речной песок для аквариума
песок;;песок речной озон;8;песок речной озон
песок;;камаз речного песка;8;камаз речного песка
песок;;где набрать речной песок;8;где набрать речной песок
песок;;морской речной песок;8;морской речной песок
песок;;песок строительный мытый;8;песок строительный мытый
песок;;песок карьерный брозэкс;8;песок карьерный брозэкс
песок;;строительный магазин пески;8;строительный магазин пески
песок;;песок строительный 1 куб;8;песок строительный 1 куб
песок;;песок из отсева дробления фр 0 5;8;песок из отсева дробления фр 0 5
песок;;первомайский речной песок;7;первомайский речной песок
песок;;речной песок перегонный куб;7;речной песок перегонный куб
песок;;спирт речной песок;7;спирт речной песок
песок;;песок речной для стяжки;7;песок речной для стяжки
песок;;речной песок для фундамента;7;речной песок для фундамента
песок;;песок природный речной;7;песок природный речной
песок;;песок речной просеянный;7;песок речной просеянный
песок;;песок речной промытый;7;песок речной промытый
песок;;речной песок для грядок;7;речной песок для грядок
песок;;где в деревне реши взять речной песок;7;где в деревне реши взять речной песок
песок;;graveyard keeper речной песок;7;graveyard keeper речной песок
песок;;graveyard речной песок;7;graveyard речной песок
песок;;мытый кварцевый песок;7;мытый кварцевый песок
песок;;песок карьерный средней крупности;7;песок карьерный средней крупности
песок;;песок строительный коммерческое предложение;7;песок строительный коммерческое предложение
песок;;песок для строительных работ сертификат;7;песок для строительных работ сертификат
песок;;песок строительный природный мелкий;7;песок строительный природный мелкий
песок;;песок строительный сертификат соответствия;7;песок строительный сертификат соответствия
песок;;крупность строительного песка;7;крупность строительного песка
песок;;вода речной песок;6;вода речной песок
песок;;добыча речного песка;6;добыча речного песка
песок;;ветер и речной песок;6;ветер и речной песок
песок;;перегонный куб плюс речной песок;6;перегонный куб плюс речной песок
песок;;смешай речной песок и ветер;6;смешай речной песок и ветер
песок;;спирт плюс речной песок;6;спирт плюс речной песок
песок;;речной песок для кладки;6;речной песок для кладки
песок;;песок речной чистый;6;песок речной чистый
песок;;дерево речной песок;6;дерево речной песок
песок;;где найти речной песок;6;где найти речной песок
песок;;песок речной паспорт;6;песок речной паспорт
песок;;можно ли мыть песок;6;можно ли мыть песок
песок;;мытый песок для стяжки;6;мытый песок для стяжки
песок;;аллергия на строительный песок;6;аллергия на строительный песок
песок;;строительный песок для песочницы;6;строительный песок для песочницы
песок;;песок строительный месторождение;6;песок строительный месторождение
песок;;песок строительный 40;6;песок строительный 40
песок;;песок речной пермь;5;песок речной пермь
песок;;речной песок для почвы;5;речной песок для почвы
песок;;речной песок невьянс;5;речной песок невьянс
песок;;куб песка речного в кг;5;куб песка речного в кг
песок;;песок речной 1 кг;5;песок речной 1 кг
песок;;песок речной сом;5;песок речной сом
песок;;курган песок речной в мешках;5;курган песок речной в мешках
песок;;речной песок курган;5;речной песок курган
песок;;моем золотой песок;5;моем золотой песок
песок;;мыло золотые пески;5;мыло золотые пески
песок;;мыть золотой песок;5;мыть золотой песок
песок;;песок мытый для полусухой стяжки;5;песок мытый для полусухой стяжки
песок;;нужен песок карьерный;5;нужен песок карьерный
песок;;карьерный песок для стяжки;5;карьерный песок для стяжки
песок;;песок строительный ижевск;5;песок строительный ижевск
песок;;песок в мешках кг строительный;5;песок в мешках кг строительный
песок;;песок природный для строительных работ мелкий;5;песок природный для строительных работ мелкий
песок;;группы строительного песка;5;группы строительного песка
песок;;песок строительный 25 кг;5;песок строительный 25 кг
песок;;песок строительный фото;5;песок строительный фото
песок;;строительное сито для просеивания песка;5;строительное сито для просеивания песка
песок;;строительный песок подойдет для песочницы;5;строительный песок подойдет для песочницы
песок;;песок чистый мытый;4;песок чистый мытый
песок;;песок карьерный сеяный;4;песок карьерный сеяный
песок;;песок карьерный намывной;4;песок карьерный намывной
песок;;песок строительный для обратной засыпки;4;песок строительный для обратной засыпки
песок;;песок сухой строительной;4;песок сухой строительной
песок;;строительный песок требования;4;строительный песок требования
песок;;песок строительный модуль крупности;4;песок строительный модуль крупности
песок;;песок строительный обогащенный;4;песок строительный обогащенный
песок;;песок строительный обозначения;4;песок строительный обозначения
песок;;песок шлаковый для строительных работ;4;песок шлаковый для строительных работ
песок;;песок шлаковый строительный;4;песок шлаковый строительный
песок;;мытый песок 2 5;3;мытый песок 2 5
песок;;карьерный горный песок;3;карьерный горный песок
песок;;речной и карьерный песок отличия;3;речной и карьерный песок отличия
песок;;песок карьерный карьер;3;песок карьерный карьер
песок;;песок карьерный 1 тонна;3;песок карьерный 1 тонна
песок;;песок карьерный мелкий;3;песок карьерный мелкий
песок;;1 куб карьерного песка;3;1 куб карьерного песка
песок;;песок мытый и карьерный без глины;2;песок мытый и карьерный без глины
песок;;мытый песок для кладки;2;мытый песок для кладки
песок;;песков рука руку моет;2;песков рука руку моет
песок;;песок крупный мытый;2;песок крупный мытый
песок;;песок мытый челябинск;2;песок мытый челябинск
песок;;песок для детских песочниц речной чистый мытый;2;песок для детских песочниц речной чистый мытый
песок;;песок для детской песочницы мытый;2;песок для детской песочницы мытый
песок;;песок мытый для песочницы;2;песок мытый для песочницы
песок;;песок природный мытый;2;песок природный мытый
песок;;песок речной мытый для песочницы;2;песок речной мытый для песочницы
песок;;песок крупнозернистый мытый;2;песок крупнозернистый мытый
песок;;карьер мытого песка;2;карьер мытого песка
песок;;мытый песок карьеры;2;мытый песок карьеры
песок;;песок карьерный строительство;2;песок карьерный строительство
песок;;песок карьерный 1 2 2;2;песок карьерный 1 2 2
песок;;песок карьерный модуль крупности;2;песок карьерный модуль крупности
песок;;песок карьерный и речной в чем;2;песок карьерный и речной в чем
песок;;песок карьерный самовывоз;2;песок карьерный самовывоз
песок;;самара песок карьерный;2;самара песок карьерный
песок;;кварцевый песок карьерный;2;кварцевый песок карьерный
песок;;песок карьерный для строительных работ;2;песок карьерный для строительных работ
песок;;песок карьерный крупный;2;песок карьерный крупный
песок;;песок намывной карьерный речной;2;песок намывной карьерный речной
песок;;опгс песок;2;опгс песок
песок;;белый мытый песок;1;белый мытый песок
песок;;песок мытый и песок сеяный;1;песок мытый и песок сеяный
песок;;песок сеяный и мытый отличия;1;песок сеяный и мытый отличия
песок;;мытый речной песок крупный;1;мытый речной песок крупный
песок;;песок мытый сухой;1;песок мытый сухой
песок;;коэффициент мытого песка;1;коэффициент мытого песка
песок;;песок мытый мелкий;1;песок мытый мелкий
песок;;песок мытый фото;1;песок мытый фото
песок;;карьерный песок фото;1;карьерный песок фото
песок;;песок карьерный сертификат;1;песок карьерный сертификат
песок;;добыча карьерного песка;1;добыча карьерного песка
песок;;песок природный карьерный;1;песок природный карьерный
песок;;песок карьерный москва;1;песок карьерный москва
песок;выбор;какой речной песок;53;какой речной песок
песок;выбор;чем отличается речной песок;31;чем отличается речной песок
песок;выбор;чем отличается строительный песок;31;чем отличается строительный песок
песок;выбор;какой песок лучше речной;25;какой песок лучше речной
песок;выбор;чем отличается строительный песок от речного;13;чем отличается строительный песок от речного
песок;выбор;отличие речного песка;11;отличие речного песка
песок;выбор;какой карьерный песок;9;какой карьерный песок
песок;выбор;песок для строительных работ какой;8;песок для строительных работ какой
песок;выбор;какой бывает строительный песок;8;какой бывает строительный песок
песок;выбор;какой песок речной или карьерный;7;какой песок речной или карьерный
песок;выбор;чем отличается строительный песок от обычного;7;чем отличается строительный песок от обычного
песок;выбор;песок или гранитный отсев;7;песок или гранитный отсев
песок;выбор;речной песок для аквариума плюсы и минусы;6;речной песок для аквариума плюсы и минусы
песок;выбор;карьерный песок он крупнозернистый или нет;5;карьерный песок он крупнозернистый или нет
песок;выбор;карьерный песок и речной чем отличается;4;карьерный песок и речной чем отличается
песок;выбор;песок речной или карьерный какой лучше;4;песок речной или карьерный какой лучше
песок;выбор;чем отличается кварцевый песок от строительного;4;чем отличается кварцевый песок от строительного
песок;выбор;какой песок лучше карьерный или намывной;2;какой песок лучше карьерный или намывной
песок;выбор;отличие мытого песка;1;отличие мытого песка
песок;выбор;мытый песок это какой;1;мытый песок это какой
песок;выбор;какой песок дороже речной или карьерный;1;какой песок дороже речной или карьерный
песок;выбор|применение;для дренажа участка речной песок или отсев;6;для дренажа участка речной песок или отсев
песок;выбор|характеристики;песок строительный какая фракция;5;песок строительный какая фракция
песок;гео;речной песок екатеринбург;539;речной песок екатеринбург
песок;гео;песок строительный екатеринбург;109;песок строительный екатеринбург
песок;гео;песок речной в мешках екатеринбург;100;песок речной в мешках екатеринбург
песок;гео;песок речной свердловская область;94;песок речной свердловская область
песок;гео;речной песок полевской;32;речной песок полевской
песок;гео;песок мытый екатеринбург;25;песок мытый екатеринбург
песок;гео;песок речной мытый екатеринбург;22;песок речной мытый екатеринбург
песок;гео;песок речной арамиль;14;песок речной арамиль
песок;гео;песок речной в березовском;12;песок речной в березовском
песок;гео;песок речной в первоуральске;12;песок речной в первоуральске
песок;гео;песок строительный серов;6;песок строительный серов
песок;как сделать;как выглядит речной песок;8;как выглядит речной песок
песок;как сделать;как моют песок;6;как моют песок
песок;как сделать;как отличить речной песок от карьерного;2;как отличить речной песок от карьерного
песок;как сделать;как мыть шиншиллу в песке;1;как мыть шиншиллу в песке
песок;как сделать;как отличить речной песок от карьерного визуально;1;как отличить речной песок от карьерного визуально
песок;коммерческий;речной песок купить;1245;речной песок купить
песок;коммерческий;купить строительный песок;271;купить строительный песок
песок;коммерческий;речной песок в мешках купить;184;речной песок в мешках купить
песок;коммерческий;песок речной цена;156;песок речной цена
песок;коммерческий;песок речной с доставкой;135;песок речной с доставкой
песок;коммерческий;речной песок купить с доставкой;124;речной песок купить с доставкой
песок;коммерческий;купить песок карьерный;105;купить песок карьерный
песок;коммерческий;песок речной купить нижний;104;песок речной купить нижний
песок;коммерческий;купит песок речной цена;97;купит песок речной цена
песок;коммерческий;купить мытый песок;84;купить мытый песок
песок;коммерческий;песок строительный цена;78;песок строительный цена
песок;коммерческий;доставка песка речного цены;77;доставка песка речного цены
песок;коммерческий;купить куб речного песка;72;купить куб речного песка
песок;коммерческий;купить песок речной с доставкой цена;71;купить песок речной с доставкой цена
песок;коммерческий;песок речной м3;65;песок речной м3
песок;коммерческий;где купить речной песок;59;где купить речной песок
песок;коммерческий;цена куба речного песка;56;цена куба речного песка
песок;коммерческий;речной песок цена за куб;53;речной песок цена за куб
песок;коммерческий;песок строительный м3;51;песок строительный м3
песок;коммерческий;куб речного песка купить цена;49;куб речного песка купить цена
песок;коммерческий;песок речной мытый купить;41;песок речной мытый купить
песок;коммерческий;песок строительный с доставкой;37;песок строительный с доставкой
песок;коммерческий;песок карьерный цена;36;песок карьерный цена
песок;коммерческий;сито строительное для песка купить;26;сито строительное для песка купить
песок;коммерческий;песок карьерный с доставкой;25;песок карьерный с доставкой
песок;коммерческий;купить песок строительный с доставкой;25;купить песок строительный с доставкой
песок;коммерческий;строительный песок в мешках купить;25;строительный песок в мешках купить
песок;коммерческий;песок строительный 1 м3;23;песок строительный 1 м3
песок;коммерческий;купить тонну речного песка;22;купить тонну речного песка
песок;коммерческий;песок мытый цена;20;песок мытый цена
песок;коммерческий;крупный речной песок купить;19;крупный речной песок купить
песок;коммерческий;песок речной средний купить;18;песок речной средний купить
песок;коммерческий;песок речной купить м3;17;песок речной купить м3
песок;коммерческий;песок мытый доставка;17;песок мытый доставка
песок;коммерческий;песок карьерный цена за тонну;17;песок карьерный цена за тонну
песок;коммерческий;песок для строительных работ цена;17;песок для строительных работ цена
песок;коммерческий;авито купить речной песок;16;авито купить речной песок
песок;коммерческий;куплю песок карьерный с доставкой;16;куплю песок карьерный с доставкой
песок;коммерческий;где купить речной песок в мешках;15;где купить речной песок в мешках
песок;коммерческий;мыло с песком купить;15;мыло с песком купить
песок;коммерческий;песок строительный стоимость;15;песок строительный стоимость
песок;коммерческий;песок речной купить 1 м3;14;песок речной купить 1 м3
песок;коммерческий;купить песок речной самовывоз;14;купить песок речной самовывоз
песок;коммерческий;купить мытый песок с доставкой;14;купить мытый песок с доставкой
песок;коммерческий;песок речной м3 цена;13;песок речной м3 цена
песок;коммерческий;песок речной для растений купить;13;песок речной для растений купить
песок;коммерческий;карьерный песок цена доставка;13;карьерный песок цена доставка
песок;коммерческий;нижняя тура купить карьерный песок;13;нижняя тура купить карьерный песок
песок;коммерческий;мешок речного песка цена;12;мешок речного песка цена
песок;коммерческий;кашин купить песок речной;12;кашин купить песок речной
песок;коммерческий;цена речного песка за тонну;12;цена речного песка за тонну
песок;коммерческий;песок карьерный в мешках купить;12;песок карьерный в мешках купить
песок;коммерческий;песок карьерный м3;12;песок карьерный м3
песок;коммерческий;где купить строительный песок;12;где купить строительный песок
песок;коммерческий;купить речной песок в н тагиле;11;купить речной песок в н тагиле
песок;коммерческий;купить речной песок для песочницы;11;купить речной песок для песочницы
песок;коммерческий;стоимость речного песка;11;стоимость речного песка
песок;коммерческий;песок речной тонна в м3;11;песок речной тонна в м3
песок;коммерческий;песок карьерный цена за 1;11;песок карьерный цена за 1
песок;коммерческий;песок строительный фр 2.0 2.5 цена;11;песок строительный фр 2.0 2.5 цена
песок;коммерческий;мешок строительного песка цена;11;мешок строительного песка цена
песок;коммерческий;продажа песка речного;10;продажа песка речного
песок;коммерческий;песок речной цена за 1;10;песок речной цена за 1
песок;коммерческий;купить мелкий речной песок;10;купить мелкий речной песок
песок;коммерческий;песок мытый цена за куб;10;песок мытый цена за куб
песок;коммерческий;цена куба мытого песка;10;цена куба мытого песка
песок;коммерческий;песок строительный фр 3.0 5.0 цена;10;песок строительный фр 3.0 5.0 цена
песок;коммерческий;песок строительный 1т в м3;10;песок строительный 1т в м3
песок;коммерческий;песок карьерный мытый купить;9;песок карьерный мытый купить
песок;коммерческий;песок природный для строительных работ цена;9;песок природный для строительных работ цена
песок;коммерческий;песок строительный природный цена;9;песок строительный природный цена
песок;коммерческий;песок для строительных работ купить;9;песок для строительных работ купить
песок;коммерческий;песок строительный цена за тонну;9;песок строительный цена за тонну
песок;коммерческий;где можно купить речной песок;8;где можно купить речной песок
песок;коммерческий;песок карьерный с доставкой 1 м3;8;песок карьерный с доставкой 1 м3
песок;коммерческий;песок карьерный цена за 1 м3;8;песок карьерный цена за 1 м3
песок;коммерческий;песок карьерный цена м3 доставкой;8;песок карьерный цена м3 доставкой
песок;коммерческий;цена м3 песка карьерного;8;цена м3 песка карьерного
песок;коммерческий;купить песок строительный двор;8;купить песок строительный двор
песок;коммерческий;куплю строительный песок цена;8;куплю строительный песок цена
песок;коммерческий;речной песок для огорода купить;7;речной песок для огорода купить
песок;коммерческий;песок речной мытый в мешках купить;7;песок речной мытый в мешках купить
песок;коммерческий;купить речной песок в биг бэгах;7;купить речной песок в биг бэгах
песок;коммерческий;песок речной купить цена за тонну;7;песок речной купить цена за тонну
песок;коммерческий;песок речной цена за 1 м3;7;песок речной цена за 1 м3
песок;коммерческий;купить мытый песок в мешках;7;купить мытый песок в мешках
песок;коммерческий;где купить карьерный песок;7;где купить карьерный песок
песок;коммерческий;продажа речной песок советск кировская область;6;продажа речной песок советск кировская область
песок;коммерческий;где в тагиле подешевле купить речной песок;6;где в тагиле подешевле купить речной песок
песок;коммерческий;песок речной мешки с доставкой;6;песок речной мешки с доставкой
песок;коммерческий;где купить песок строительный в мешках;6;где купить песок строительный в мешках
песок;коммерческий;песок строительный с доставкой цена;6;песок строительный с доставкой цена
песок;коммерческий;песок речной купить в мешках нижний;5;песок речной купить в мешках нижний
песок;коммерческий;песок речной купить в мешках цена;5;песок речной купить в мешках цена
песок;коммерческий;заказать речной песок;5;заказать речной песок
песок;коммерческий;нижняя тура купить карьерный песок мешками;5;нижняя тура купить карьерный песок мешками
песок;коммерческий;карьерный песок купить куб;5;карьерный песок купить куб
песок;коммерческий;купить песок карьерный с доставкой цена;5;купить песок карьерный с доставкой цена
песок;коммерческий;песок карьерный куб доставка;5;песок карьерный куб доставка
песок;коммерческий;песок карьерный купить цена;5;песок карьерный купить цена
песок;коммерческий;песок карьерный цена за куб;5;песок карьерный цена за куб
песок;коммерческий;песок карьерный цена за куб с доставкой;5;песок карьерный цена за куб с доставкой
песок;коммерческий;песок строительный цена за 1;5;песок строительный цена за 1
песок;коммерческий;купить в карпинске песок строительный;5;купить в карпинске песок строительный
песок;коммерческий;песок строительный 1м3;4;песок строительный 1м3
песок;коммерческий;купить песок природный для строительных работ;4;купить песок природный для строительных работ
песок;коммерческий;купить песок строительный природный;4;купить песок строительный природный
песок;коммерческий;купить песок для строительных работ средний;4;купить песок для строительных работ средний
песок;коммерческий;песок строительный средний купить;4;песок строительный средний купить
песок;коммерческий;песок строительный цена за 1 тонну;4;песок строительный цена за 1 тонну
песок;коммерческий;песок мытый с доставкой цена;3;песок мытый с доставкой цена
песок;коммерческий;песок мытый купить в челябинске;2;песок мытый купить в челябинске
песок;коммерческий;купить песок речной мытый с доставкой;2;купить песок речной мытый с доставкой
песок;коммерческий;мытый песок цена за м3;2;мытый песок цена за м3
песок;коммерческий;мытый песок цена за м3 с доставкой;2;мытый песок цена за м3 с доставкой
песок;коммерческий;песок мытый м3;2;песок мытый м3
песок;коммерческий;песок мытый цена за 1;2;песок мытый цена за 1
песок;коммерческий;песок мытый цена за 1 м3;2;песок мытый цена за 1 м3
песок;коммерческий;песок речной мытый цена;2;песок речной мытый цена
песок;коммерческий;песок карьерный сеяный купить;2;песок карьерный сеяный купить
песок;коммерческий;карьерный строительный песок цена за тонну;2;карьерный строительный песок цена за тонну
песок;коммерческий;песок мытый купить цена;1;песок мытый купить цена
песок;коммерческий|гео;песок речной купить в екатеринбурге;435;песок речной купить в екатеринбурге
песок;коммерческий|гео;песок речной купить в нижнем тагиле;95;песок речной купить в нижнем тагиле
песок;коммерческий|гео;речной песок купить в екатеринбурге в мешках;94;речной песок купить в екатеринбурге в мешках
песок;коммерческий|гео;цена речного песка екатеринбург;84;цена речного песка екатеринбург
песок;коммерческий|гео;купить песок строительный екатеринбург;79;купить песок строительный екатеринбург
песок;коммерческий|гео;песок речной купить в екатеринбурге с доставкой;66;песок речной купить в екатеринбурге с доставкой
песок;коммерческий|гео;где купить речной песок екатеринбург;32;где купить речной песок екатеринбург
песок;коммерческий|гео;купить речной песок верхняя салда;24;купить речной песок верхняя салда
песок;коммерческий|гео;купить речной песок в полевском;18;купить речной песок в полевском
песок;коммерческий|гео;речной песок купить березовский;18;речной песок купить березовский
песок;коммерческий|гео;речной песок купить сысерть;17;речной песок купить сысерть
песок;коммерческий|гео;карьерный песок купить в екатеринбурге;17;карьерный песок купить в екатеринбурге
песок;коммерческий|гео;песок строительный мелкозернистый купить в екатеринбурге;13;песок строительный мелкозернистый купить в екатеринбурге
песок;коммерческий|гео;песок речной купить в первоуральске;12;песок речной купить в первоуральске
песок;коммерческий|гео;песок речной купить в нижнем тагиле самовывоз;7;песок речной купить в нижнем тагиле самовывоз
песок;коммерческий|гео;речной песок 1 м3 купить в екатеринбурге;7;речной песок 1 м3 купить в екатеринбурге
песок;коммерческий|гео;речной песок купить среднеуральск 2 куба;7;речной песок купить среднеуральск 2 куба
песок;коммерческий|гео;доставка карьерного песка екатеринбург;7;доставка карьерного песка екатеринбург
песок;коммерческий|гео;мытый речной песок купить в каменск уральский;6;мытый речной песок купить в каменск уральский
песок;коммерческий|гео;речной песок в мешках купить невьянск;6;речной песок в мешках купить невьянск
песок;коммерческий|гео;песок речной купить лесной нижняя тура качканар;5;песок речной купить лесной нижняя тура качканар
песок;коммерческий|гео;купить мытый песок с доставкой свердловская область;5;купить мытый песок с доставкой свердловская область
песок;коммерческий|гео;песок карьерный купить екатеринбург белоярский район;5;песок карьерный купить екатеринбург белоярский район
песок;коммерческий|расчёт;вес м3 песка речного;19;вес м3 песка речного
песок;коммерческий|расчёт;песок речной вес 1 м3;18;песок речной вес 1 м3
песок;коммерческий|расчёт;вес м3 песка строительного;15;вес м3 песка строительного
песок;коммерческий|расчёт;песок строительный вес 1 м3;14;песок строительный вес 1 м3
песок;коммерческий|расчёт;плотность песка речного в 1 м3;13;плотность песка речного в 1 м3
песок;коммерческий|расчёт;песок речной вес 1 м3 в тонны;8;песок речной вес 1 м3 в тонны
песок;коммерческий|расчёт;плотность песка строительного кг м3;7;плотность песка строительного кг м3
песок;коммерческий|расчёт;песок строительный м3 в тонне;6;песок строительный м3 в тонне
песок;коммерческий|расчёт;вес песка строительного в 1м3;4;вес песка строительного в 1м3
песок;коммерческий|расчёт;песок строительный 1 м3 в тонны;4;песок строительный 1 м3 в тонны
песок;коммерческий|расчёт;вес куба песка строительного в 1 м3;4;вес куба песка строительного в 1 м3
песок;коммерческий|расчёт;плотность песка карьерного кг м3;2;плотность песка карьерного кг м3
песок;коммерческий|характеристики;песок строительный гост цена;10;песок строительный гост цена
песок;коммерческий|характеристики;песок строительный гост купить;4;песок строительный гост купить
песок;применение;речной песок для дренажа;6;речной песок для дренажа
песок;применение;карьерный песок для чего используют;2;карьерный песок для чего используют
песок;применение;карьерный песок для чего используют в строительстве;2;карьерный песок для чего используют в строительстве
песок;применение;песок мытый применение;1;песок мытый применение
песок;расчёт;сколько речной песок;97;сколько речной песок
песок;расчёт;сколько стоит речной песок;37;сколько стоит речной песок
песок;расчёт;песок речной сколько тонн;35;песок речной сколько тонн
песок;расчёт;сколько карьерный песок;35;сколько карьерный песок
песок;расчёт;вес речного песка;33;вес речного песка
песок;расчёт;сколько стоит карьерный песок;26;сколько стоит карьерный песок
песок;расчёт;вес песка строительного;26;вес песка строительного
песок;расчёт;плотность речного песка;25;плотность речного песка
песок;расчёт;сколько песка речного в кубе;22;сколько песка речного в кубе
песок;расчёт;речной песок тонн в кубе;18;речной песок тонн в кубе
песок;расчёт;сколько стоит строительный песок;18;сколько стоит строительный песок
песок;расчёт;плотность песка строительного;17;плотность песка строительного
песок;расчёт;сколько тонн в кубе песка речного;16;сколько тонн в кубе песка речного
песок;расчёт;сколько весит речной песок;15;сколько весит речной песок
песок;расчёт;песок строительный вес 1;15;песок строительный вес 1
песок;расчёт;плотность песка речного в 1;13;плотность песка речного в 1
песок;расчёт;сколько весит куб песка речного;12;сколько весит куб песка речного
песок;расчёт;плотность карьерного песка;12;плотность карьерного песка
песок;расчёт;сколько стоит мешок песка строительного;12;сколько стоит мешок песка строительного
песок;расчёт;сколько стоит речной песок тонна;10;сколько стоит речной песок тонна
песок;расчёт;вес тонны песка речного;8;вес тонны песка речного
песок;расчёт;сколько речного песка в 1 кубе;8;сколько речного песка в 1 кубе
песок;расчёт;сколько стоит песок строительный 1 мешок;7;сколько стоит песок строительный 1 мешок
песок;расчёт;удельный вес песка речного;6;удельный вес песка речного
песок;расчёт;карьерный песок сколько в тонне;6;карьерный песок сколько в тонне
песок;расчёт;песок карьерный тонны в кубы;6;песок карьерный тонны в кубы
песок;расчёт;сколько тонн в кубе песка карьерного;6;сколько тонн в кубе песка карьерного
песок;расчёт;сколько стоит тонна песка карьерного;6;сколько стоит тонна песка карьерного
песок;расчёт;удельный вес песка строительного;6;удельный вес песка строительного
песок;расчёт;сколько стоит камаз песка карьерный;5;сколько стоит камаз песка карьерный
песок;расчёт;вес 1 куб песка строительного;5;вес 1 куб песка строительного
песок;расчёт;вес 1 куба песка строительного;5;вес 1 куба песка строительного
песок;расчёт;вес куба песка строительного;5;вес куба песка строительного
песок;расчёт;песок строительный куб вес;5;песок строительный куб вес
песок;расчёт;сколько стоит кг песка строительного;5;сколько стоит кг песка строительного
песок;расчёт;сколько стоит мешок песка 50 кг строительного;5;сколько стоит мешок песка 50 кг строительного
песок;расчёт;сколько стоит мешок песка строительного 50;5;сколько стоит мешок песка строительного 50
песок;расчёт;песок мытый сколько стоит;4;песок мытый сколько стоит
песок;расчёт;плотность мытого песка;4;плотность мытого песка
песок;расчёт;вес карьерного песка;4;вес карьерного песка
песок;расчёт;вес куба песка карьерного;4;вес куба песка карьерного
песок;расчёт;куб карьерного песка вес;4;куб карьерного песка вес
песок;расчёт;песок строительный сколько тонн;4;песок строительный сколько тонн
песок;расчёт;сколько стоит куб строительного песка;4;сколько стоит куб строительного песка
песок;расчёт;сколько весит мытый песок;3;сколько весит мытый песок
песок;расчёт;сколько тонн в кубе песка мытого;2;сколько тонн в кубе песка мытого
песок;расчёт;сколько стоит куб мытого песка;2;сколько стоит куб мытого песка
песок;расчёт;сколько весит карьерный песок;2;сколько весит карьерный песок
песок;расчёт;сколько весит куб песка карьерного;2;сколько весит куб песка карьерного
песок;расчёт;вес 1 куба песка карьерного;2;вес 1 куба песка карьерного
песок;расчёт;вес куба мытого песка;1;вес куба мытого песка
песок;расчёт;вес мытого песка;1;вес мытого песка
песок;расчёт;насыпная плотность мытого песка;1;насыпная плотность мытого песка
песок;расчёт;насыпная плотность карьерного песка;1;насыпная плотность карьерного песка
песок;расчёт;сколько весит 1 куб песка карьерного;1;сколько весит 1 куб песка карьерного
песок;расчёт;сколько весит куб песка карьерного в кг;1;сколько весит куб песка карьерного в кг
песок;расчёт;сколько кг в кубе песка карьерного;1;сколько кг в кубе песка карьерного
песок;характеристики;песок строительный гост;138;песок строительный гост
песок;характеристики;гост песок для строительных работ;104;гост песок для строительных работ
песок;характеристики;песок строительный гост 8736;84;песок строительный гост 8736
песок;характеристики;песок строительный класс;73;песок строительный класс
песок;характеристики;гост песок строительный 2014;66;гост песок строительный 2014
песок;характеристики;классы песка для строительных работ;63;классы песка для строительных работ
песок;характеристики;гост 8736 песок для строительных работ;63;гост 8736 песок для строительных работ
песок;характеристики;гост песок для строительных работ 2014;55;гост песок для строительных работ 2014
песок;характеристики;фракция речного песка;49;фракция речного песка
песок;характеристики;гост 8736 2014 песок для строительных работ;44;гост 8736 2014 песок для строительных работ
песок;характеристики;средний класс песка строительного;37;средний класс песка строительного
песок;характеристики;гост песок для строительных работ технические;35;гост песок для строительных работ технические
песок;характеристики;гост песок для строительных работ технические условия;35;гост песок для строительных работ технические условия
песок;характеристики;гост песок строительный технические условия;35;гост песок строительный технические условия
песок;характеристики;песок строительный фракция;29;песок строительный фракция
песок;характеристики;фракции мытого песка;21;фракции мытого песка
песок;характеристики;гост строительный песок методы испытания;15;гост строительный песок методы испытания
песок;характеристики;песок для строительных работ ii класс;15;песок для строительных работ ii класс
песок;характеристики;песок природный для строительных работ i класс;15;песок природный для строительных работ i класс
песок;характеристики;гост 32730 2014 песок для строительных;15;гост 32730 2014 песок для строительных
песок;характеристики;песок строительный 1 класса;14;песок строительный 1 класса
песок;характеристики;гост 8735 песок для строительных работ;14;гост 8735 песок для строительных работ
песок;характеристики;гост испытание песка для строительных работ;14;гост испытание песка для строительных работ
песок;характеристики;гост песка строительного 8735;14;гост песка строительного 8735
песок;характеристики;гост песок для строительных работ методы испытаний;14;гост песок для строительных работ методы испытаний
песок;характеристики;песок строительный марки;13;песок строительный марки
песок;характеристики;гост песок строительный 2025;11;гост песок строительный 2025
песок;характеристики;песок строительный гост 8735 88;11;песок строительный гост 8735 88
песок;характеристики;песок строительный гост 88;11;песок строительный гост 88
песок;характеристики;речной песок средней фракции;10;речной песок средней фракции
песок;характеристики;гост 8736 2025 песок для строительных;10;гост 8736 2025 песок для строительных
песок;характеристики;гост 8736 2025 песок для строительных работ;10;гост 8736 2025 песок для строительных работ
песок;характеристики;песок природный для строительных работ ii класс;10;песок природный для строительных работ ii класс
песок;характеристики;песок строительный класс 2;10;песок строительный класс 2
песок;характеристики;песок для строительных работ 1 класса;9;песок для строительных работ 1 класса
песок;характеристики;песок карьерный фракции;8;песок карьерный фракции
песок;характеристики;песок строительный характеристика;7;песок строительный характеристика
песок;характеристики;гост 31424 2010 песок для строительных;7;гост 31424 2010 песок для строительных
песок;характеристики;фракция песка для строительных работ;7;фракция песка для строительных работ
песок;характеристики;песок природный для строительных работ 1 класс;7;песок природный для строительных работ 1 класс
песок;характеристики;песок речной марка;6;песок речной марка
песок;характеристики;состав речного песка;6;состав речного песка
песок;характеристики;песок речной гост;6;песок речной гост
песок;характеристики;строительный песок 1 класса мелкий;5;строительный песок 1 класса мелкий
песок;характеристики;марки песка для строительных работ;5;марки песка для строительных работ
песок;характеристики;песок карьерный гост;4;песок карьерный гост
песок;характеристики;песок мелкий строительный гост;4;песок мелкий строительный гост
песок;характеристики;песок строительный 2 класса гост;4;песок строительный 2 класса гост
песок;характеристики;песок для строительных работ средний гост;4;песок для строительных работ средний гост
песок;характеристики;песок строительный средний гост;4;песок строительный средний гост
песок;характеристики;песок мытый 1 класс;3;песок мытый 1 класс
песок;характеристики;карьерный песок характеристики;2;карьерный песок характеристики
песок;характеристики;карьерный песок крупной фракции;2;карьерный песок крупной фракции
песок;характеристики;песок карьерный гост 8736 2014;2;песок карьерный гост 8736 2014
песок;характеристики;песок речной мытый крупной фракции;1;песок речной мытый крупной фракции
песок;характеристики;песок мытый гост;1;песок мытый гост
песок;характеристики;песок карьерный 1 класс;1;песок карьерный 1 класс
песок;характеристики;песок карьерный 2 класс;1;песок карьерный 2 класс
плиты перекрытия;;плиты перекрытия пб;198;плиты перекрытия пб
плиты перекрытия;;плиты перекрытия пк;189;плиты перекрытия пк
плиты перекрытия;;плита перекрытия пб 8;76;плита перекрытия пб 8
плиты перекрытия;;плиты перекрытия пк 8;50;плиты перекрытия пк 8
плиты перекрытия;;плиты перекрытий пб 15;39;плиты перекрытий пб 15
плиты перекрытия;;плита перекрытия пк 1;23;плита перекрытия пк 1
плиты перекрытия;;плита перекрытия дождеприемника;23;плита перекрытия дождеприемника
плиты перекрытия;;плита перекрытия пк 12;22;плита перекрытия пк 12
плиты перекрытия;;плиты перекрытия пк 12 8;21;плиты перекрытия пк 12 8
плиты перекрытия;;плита перекрытия пб 60;19;плита перекрытия пб 60
плиты перекрытия;;плита перекрытия пк 60;14;плита перекрытия пк 60
плиты перекрытия;;плита перекрытия пк 15;14;плита перекрытия пк 15
плиты перекрытия;;плита перекрытия пк и пб;14;плита перекрытия пк и пб
плиты перекрытия;;плита перекрытия пб 60 15 8;13;плита перекрытия пб 60 15 8
плиты перекрытия;;плита перекрытия пб 92 15 6;13;плита перекрытия пб 92 15 6
плиты перекрытия;;плита перекрытия под дождеприемник;12;плита перекрытия под дождеприемник
плиты перекрытия;;плиты перекрытия пк пб разница;11;плиты перекрытия пк пб разница
плиты перекрытия;;плиты перекрытия серии пк;11;плиты перекрытия серии пк
плиты перекрытия;;плиты перекрытия лотков теплотрасс;11;плиты перекрытия лотков теплотрасс
плиты перекрытия;;плита перекрытия пк 15 15 8;10;плита перекрытия пк 15 15 8
плиты перекрытия;;кцп 3 10 плита перекрытия дождеприемник;10;кцп 3 10 плита перекрытия дождеприемник
плиты перекрытия;;плита перекрытия пк 30.15;8;плита перекрытия пк 30.15
плиты перекрытия;;плиты перекрытия пб 1;7;плиты перекрытия пб 1
плиты перекрытия;;плиты перекрытия пк ж;5;плиты перекрытия пк ж
плиты перекрытия;;плита перекрытия пк 10;5;плита перекрытия пк 10
плиты перекрытия;;пк 27 12 8 плита перекрытия;5;пк 27 12 8 плита перекрытия
плиты перекрытия;;пк 27 плита перекрытия;5;пк 27 плита перекрытия
плиты перекрытия;;плиты перекрытия 2 пк;4;плиты перекрытия 2 пк
плиты перекрытия;;плиты перекрытия пб нагрузки;4;плиты перекрытия пб нагрузки
плиты перекрытия;;плита перекрытия пб 30;4;плита перекрытия пб 30
плиты перекрытия;;плита перекрытия пк 25;3;плита перекрытия пк 25
плиты перекрытия;;плита перекрытия пк 30;3;плита перекрытия пк 30
плиты перекрытия;;плита перекрытия пк 30 15 8;3;плита перекрытия пк 30 15 8
плиты перекрытия;;плита перекрытия пк 60 15 8;3;плита перекрытия пк 60 15 8
плиты перекрытия;;плита перекрытия пк 85.10 8;3;плита перекрытия пк 85.10 8
плиты перекрытия;;плиты перекрытия пк 30 15;3;плиты перекрытия пк 30 15
плиты перекрытия;;плиты перекрытия пк 60 15;3;плиты перекрытия пк 60 15
плиты перекрытия;;длина плит перекрытия пк;3;длина плит перекрытия пк
плиты перекрытия;;ширина плиты перекрытия пк;3;ширина плиты перекрытия пк
плиты перекрытия;;плита перекрытия пб 60 12;3;плита перекрытия пб 60 12
плиты перекрытия;;плита перекрытия пб 60 12 8;3;плита перекрытия пб 60 12 8
плиты перекрытия;;плита перекрытия пк 60 12;2;плита перекрытия пк 60 12
плиты перекрытия;;плиты перекрытия пк 60 12 8;2;плиты перекрытия пк 60 12 8
плиты перекрытия;;армирование плиты перекрытия пк;2;армирование плиты перекрытия пк
плиты перекрытия;;железобетонные плиты перекрытия пк;2;железобетонные плиты перекрытия пк
плиты перекрытия;;плиты перекрытия пк 60.15;2;плиты перекрытия пк 60.15
плиты перекрытия;;плиты перекрытия пк нагрузки;2;плиты перекрытия пк нагрузки
плиты перекрытия;;плиты перекрытия пк 58;2;плиты перекрытия пк 58
плиты перекрытия;;масса плит перекрытия пк;2;масса плит перекрытия пк
плиты перекрытия;;плиты перекрытия серии пб;2;плиты перекрытия серии пб
плиты перекрытия;;перекрытие домов плиты пб;2;перекрытие домов плиты пб
плиты перекрытия;;плита перекрытия пб 2;2;плита перекрытия пб 2
плиты перекрытия;;плита перекрытия пустотная пб;2;плита перекрытия пустотная пб
плиты перекрытия;;плиты перекрытия пб длина;2;плиты перекрытия пб длина
плиты перекрытия;;плиты перекрытия пк опирание;1;плиты перекрытия пк опирание
плиты перекрытия;;пк 53 10 8 плита перекрытия;1;пк 53 10 8 плита перекрытия
плиты перекрытия;;пк 47 15 8 плита перекрытия;1;пк 47 15 8 плита перекрытия
плиты перекрытия;;плита перекрытия пк 54;1;плита перекрытия пк 54
плиты перекрытия;;плита перекрытия пк 54 15 8;1;плита перекрытия пк 54 15 8
плиты перекрытия;;плита перекрытия пк 30.15 8;1;плита перекрытия пк 30.15 8
плиты перекрытия;;плита перекрытия пк 63 12;1;плита перекрытия пк 63 12
плиты перекрытия;;плита перекрытия пк 63 12 8;1;плита перекрытия пк 63 12 8
плиты перекрытия;;плиты перекрытия пк 63;1;плиты перекрытия пк 63
плиты перекрытия;;плита перекрытия многопустотная пк;1;плита перекрытия многопустотная пк
плиты перекрытия;;плита перекрытия пб и пк отличия;1;плита перекрытия пб и пк отличия
плиты перекрытия;;плита перекрытия пк 20;1;плита перекрытия пк 20
плиты перекрытия;;плита перекрытия пк 6;1;плита перекрытия пк 6
плиты перекрытия;;плиты перекрытия пк расшифровка;1;плиты перекрытия пк расшифровка
плиты перекрытия;;плиты перекрытия пк серия 1.141 1;1;плиты перекрытия пк серия 1.141 1
плиты перекрытия;;плиты перекрытия типа пк;1;плиты перекрытия типа пк
плиты перекрытия;;5 пк плита перекрытия;1;5 пк плита перекрытия
плиты перекрытия;;плиты перекрытия пк 220;1;плиты перекрытия пк 220
плиты перекрытия;;толщина плиты перекрытия пк;1;толщина плиты перекрытия пк
плиты перекрытия;;опирание плиты перекрытия пб;1;опирание плиты перекрытия пб
плиты перекрытия;;плиты перекрытия пб в новосибирске;1;плиты перекрытия пб в новосибирске
плиты перекрытия;;железобетонные плиты перекрытия пб;1;железобетонные плиты перекрытия пб
плиты перекрытия;;плита перекрытия пб 63;1;плита перекрытия пб 63
плиты перекрытия;;плита перекрытия пб 60.15 8;1;плита перекрытия пб 60.15 8
плиты перекрытия;;анкеровка плит перекрытия пб;1;анкеровка плит перекрытия пб
плиты перекрытия;выбор;плиты перекрытия пк и пб чем отличаются;1;плиты перекрытия пк и пб чем отличаются
плиты перекрытия;как сделать;монтаж плит перекрытия пб;5;монтаж плит перекрытия пб
плиты перекрытия;как сделать;монтаж плит перекрытия пб 9 метров;5;монтаж плит перекрытия пб 9 метров
плиты перекрытия;как сделать;монтаж плит перекрытия пк;2;монтаж плит перекрытия пк
плиты перекрытия;коммерческий;плиты перекрытия пб купить;32;плиты перекрытия пб купить
плиты перекрытия;коммерческий;купить плиты перекрытия пк;9;купить плиты перекрытия пк
плиты перекрытия;коммерческий;плита перекрытия пб цена;4;плита перекрытия пб цена
плиты перекрытия;коммерческий;плиты перекрытия пк цена;2;плиты перекрытия пк цена
плиты перекрытия;коммерческий;пк 53 10 8 плита перекрытия купить;1;пк 53 10 8 плита перекрытия купить
плиты перекрытия;коммерческий;плита перекрытия пк 15 купить;1;плита перекрытия пк 15 купить
плиты перекрытия;применение;плиты перекрытия пк где используются в строительстве;7;плиты перекрытия пк где используются в строительстве
плиты перекрытия;расчёт;вес плит перекрытия пб;8;вес плит перекрытия пб
плиты перекрытия;расчёт;объем плит перекрытия пк;7;объем плит перекрытия пк
плиты перекрытия;расчёт;вес плит перекрытия пк;5;вес плит перекрытия пк
плиты перекрытия;расчёт;плиты перекрытия пк объем бетона;1;плиты перекрытия пк объем бетона
плиты перекрытия;расчёт;таблица плит перекрытия пк;1;таблица плит перекрытия пк
плиты перекрытия;расчёт;плита перекрытия пк 15 вес;1;плита перекрытия пк 15 вес
плиты перекрытия;расчёт|характеристики;плиты перекрытия пб размеры гост таблица;2;плиты перекрытия пб размеры гост таблица
плиты перекрытия;расчёт|характеристики;плиты перекрытия пб размеры таблица;2;плиты перекрытия пб размеры таблица
плиты перекрытия;расчёт|характеристики;плиты перекрытия пк размеры гост таблица;1;плиты перекрытия пк размеры гост таблица
плиты перекрытия;расчёт|характеристики;плиты перекрытия пк размеры таблица;1;плиты перекрытия пк размеры таблица
плиты перекрытия;характеристики;размеры плит перекрытий пб;15;размеры плит перекрытий пб
плиты перекрытия;характеристики;плиты перекрытия пб гост;14;плиты перекрытия пб гост
плиты перекрытия;характеристики;плиты перекрытия пк размеры;10;плиты перекрытия пк размеры
плиты перекрытия;характеристики;плиты перекрытия пк характеристики;9;плиты перекрытия пк характеристики
плиты перекрытия;характеристики;плиты перекрытия пк гост;7;плиты перекрытия пк гост
плиты перекрытия;характеристики;плиты перекрытия марки пб;4;плиты перекрытия марки пб
плиты перекрытия;характеристики;пк 12 плита перекрытия размеры;3;пк 12 плита перекрытия размеры
плиты перекрытия;характеристики;плиты перекрытия пк размеры гост;3;плиты перекрытия пк размеры гост
плиты перекрытия;характеристики;пк 60 плиты перекрытия размеры;2;пк 60 плиты перекрытия размеры
плиты перекрытия;характеристики;плита перекрытия пк 15 размеры;2;плита перекрытия пк 15 размеры
плиты перекрытия;характеристики;плита перекрытия пк 60 15 8 размеры;2;плита перекрытия пк 60 15 8 размеры
плиты перекрытия;характеристики;плита перекрытия пк 60 15 размер;2;плита перекрытия пк 60 15 размер
плиты перекрытия;характеристики;плита перекрытия пб размеры гост;2;плита перекрытия пб размеры гост
плиты перекрытия;характеристики;пк 63 12 8 размеры плита перекрытия;1;пк 63 12 8 размеры плита перекрытия
плиты перекрытия;характеристики;пк 63 12 размеры плита перекрытия;1;пк 63 12 размеры плита перекрытия
плиты перекрытия;характеристики;плиты перекрытия пк 63 размеры;1;плиты перекрытия пк 63 размеры
плиты перекрытия;характеристики;марки плит перекрытия пк;1;марки плит перекрытия пк
плиты перекрытия;характеристики;плита перекрытия лотка теплотрассы размеры;1;плита перекрытия лотка теплотрассы размеры
полы и защита бетона;;гидроизоляция бетона;2306;гидроизоляция бетона
полы и защита бетона;;гидроизоляция бетона пенетрон;666;гидроизоляция бетона пенетрон
полы и защита бетона;;самовыравнивающаяся смесь;218;самовыравнивающаяся смесь
полы и защита бетона;;грунтовка по бетону;119;грунтовка по бетону
полы и защита бетона;;самовыравнивающаяся смесь для пола;80;самовыравнивающаяся смесь для пола
полы и защита бетона;;добавка в бетон для гидроизоляции;74;добавка в бетон для гидроизоляции
полы и защита бетона;;гидроизоляция под бетон;66;гидроизоляция под бетон
полы и защита бетона;;гидроизоляция бетона работы;55;гидроизоляция бетона работы
полы и защита бетона;;гидроизоляция бетона наружная;52;гидроизоляция бетона наружная
полы и защита бетона;;мастика для гидроизоляции бетона;49;мастика для гидроизоляции бетона
полы и защита бетона;;эпоксидное покрытие для пола;47;эпоксидное покрытие для пола
полы и защита бетона;;гидроизоляция пола бетона;43;гидроизоляция пола бетона
полы и защита бетона;;гидроизоляция бетона на улице;37;гидроизоляция бетона на улице
полы и защита бетона;;наливной промышленный пол;33;наливной промышленный пол
полы и защита бетона;;промышленные наливные полы;33;промышленные наливные полы
полы и защита бетона;;битумная мастика для гидроизоляции бетона;29;битумная мастика для гидроизоляции бетона
полы и защита бетона;;гидроизоляция бетона от влаги;29;гидроизоляция бетона от влаги
полы и защита бетона;;смесь для гидроизоляции бетона;26;смесь для гидроизоляции бетона
полы и защита бетона;;гидроизоляция поверхности бетона;25;гидроизоляция поверхности бетона
полы и защита бетона;;выравнивание пола самовыравнивающейся смесью;25;выравнивание пола самовыравнивающейся смесью
полы и защита бетона;;выравнивание самовыравнивающейся смесью;25;выравнивание самовыравнивающейся смесью
полы и защита бетона;;ремонтная смесь для трещин в бетоне;24;ремонтная смесь для трещин в бетоне
полы и защита бетона;;наливные самовыравнивающиеся смеси;24;наливные самовыравнивающиеся смеси
полы и защита бетона;;гидроизоляция фундамента бетоном;23;гидроизоляция фундамента бетоном
полы и защита бетона;;смесь наливной пол самовыравнивающийся;21;смесь наливной пол самовыравнивающийся
полы и защита бетона;;гидроизоляция для швов в бетоне;20;гидроизоляция для швов в бетоне
полы и защита бетона;;внутренняя гидроизоляция бетона;20;внутренняя гидроизоляция бетона
полы и защита бетона;;праймер для гидроизоляции бетона;19;праймер для гидроизоляции бетона
полы и защита бетона;;бетон контакт гидроизоляция;18;бетон контакт гидроизоляция
полы и защита бетона;;гидроизоляция между бетоном и бетоном;17;гидроизоляция между бетоном и бетоном
полы и защита бетона;;гидроизоляция стены бетона;17;гидроизоляция стены бетона
полы и защита бетона;;гидроизоляция бетона ремонтная;17;гидроизоляция бетона ремонтная
полы и защита бетона;;жидкая резина для гидроизоляции бетона;16;жидкая резина для гидроизоляции бетона
полы и защита бетона;;гидроизоляция бетона балкона;16;гидроизоляция бетона балкона
полы и защита бетона;;ремонт гидроизоляции бетона;16;ремонт гидроизоляции бетона
полы и защита бетона;;ремонтная смесь для трещин в бетоне готовая;16;ремонтная смесь для трещин в бетоне готовая
полы и защита бетона;;пропитка для уличного бетона укрепляющая;16;пропитка для уличного бетона укрепляющая
полы и защита бетона;;пропитка для защиты бетона;16;пропитка для защиты бетона
полы и защита бетона;;пропитка по бетону для наружных работ;15;пропитка по бетону для наружных работ
полы и защита бетона;;гидроизоляция цементным раствором;15;гидроизоляция цементным раствором
полы и защита бетона;;пропитка битумной эмульсией;14;пропитка битумной эмульсией
полы и защита бетона;;гидроизоляция бетона бассейна;14;гидроизоляция бетона бассейна
полы и защита бетона;;гидроизоляция отмостки из бетона;14;гидроизоляция отмостки из бетона
полы и защита бетона;;самовыравнивающаяся смесь на цементной основе;14;самовыравнивающаяся смесь на цементной основе
полы и защита бетона;;цементная самовыравнивающаяся смесь;14;цементная самовыравнивающаяся смесь
полы и защита бетона;;гидроизоляция бетона отзывы;13;гидроизоляция бетона отзывы
полы и защита бетона;;какую гидроизоляции на бетон;13;какую гидроизоляции на бетон
полы и защита бетона;;сухая гидроизоляция по бетону;13;сухая гидроизоляция по бетону
полы и защита бетона;;какую гидроизоляцию нанести на бетон;12;какую гидроизоляцию нанести на бетон
полы и защита бетона;;универсальная самовыравнивающаяся смесь;12;универсальная самовыравнивающаяся смесь
полы и защита бетона;;средство для гидроизоляции бетона;11;средство для гидроизоляции бетона
полы и защита бетона;;ремонтная смесь по бетону для наружных;11;ремонтная смесь по бетону для наружных
полы и защита бетона;;ремонтная смесь по бетону для наружных работ;11;ремонтная смесь по бетону для наружных работ
полы и защита бетона;;эпоксидное двухкомпонентное покрытие для пола;10;эпоксидное двухкомпонентное покрытие для пола
полы и защита бетона;;битумный праймер для гидроизоляции бетона;10;битумный праймер для гидроизоляции бетона
полы и защита бетона;;гидроизоляция отверстий в бетоне;10;гидроизоляция отверстий в бетоне
полы и защита бетона;;гидроизоляция трещин в бетоне;10;гидроизоляция трещин в бетоне
полы и защита бетона;;гидроизоляция бетона изнутри;10;гидроизоляция бетона изнутри
полы и защита бетона;;краска для гидроизоляции бетона;10;краска для гидроизоляции бетона
полы и защита бетона;;грунтовка для наружных работ по бетону;10;грунтовка для наружных работ по бетону
полы и защита бетона;;грунтовка по бетону для наружных;10;грунтовка по бетону для наружных
полы и защита бетона;;стык бетона гидроизоляция;9;стык бетона гидроизоляция
полы и защита бетона;;гидроизоляция швов и примыканий бетона;9;гидроизоляция швов и примыканий бетона
полы и защита бетона;;сухие смеси для гидроизоляции бетона;9;сухие смеси для гидроизоляции бетона
полы и защита бетона;;гидроизоляция бетона аналог пенетрона;9;гидроизоляция бетона аналог пенетрона
полы и защита бетона;;ремонтная смесь для восстановления бетона;9;ремонтная смесь для восстановления бетона
полы и защита бетона;;смесь самовыравнивающаяся для пола на цементной основе;9;смесь самовыравнивающаяся для пола на цементной основе
полы и защита бетона;;цементные самовыравнивающиеся смеси для пола;9;цементные самовыравнивающиеся смеси для пола
полы и защита бетона;;краска грунтовка по бетону;9;краска грунтовка по бетону
полы и защита бетона;;эпоксидная смола для покрытия пола;8;эпоксидная смола для покрытия пола
полы и защита бетона;;ремонт и гидроизоляция швов бетон;8;ремонт и гидроизоляция швов бетон
полы и защита бетона;;шнур для гидроизоляции швов бетона;8;шнур для гидроизоляции швов бетона
полы и защита бетона;;самовыравнивающаяся смесь для плитки;8;самовыравнивающаяся смесь для плитки
полы и защита бетона;;самовыравнивающаяся смесь стяжка;8;самовыравнивающаяся смесь стяжка
полы и защита бетона;;самовыравнивающаяся смесь для наружных работ;8;самовыравнивающаяся смесь для наружных работ
полы и защита бетона;;эмульсия битумная гидроизоляционная;7;эмульсия битумная гидроизоляционная
полы и защита бетона;;эпоксидный самовыравнивающийся для покрытия пола;7;эпоксидный самовыравнивающийся для покрытия пола
полы и защита бетона;;полиуретановая мастика для гидроизоляции бетона;7;полиуретановая мастика для гидроизоляции бетона
полы и защита бетона;;добавка в бетон для гидроизоляции бассейна;7;добавка в бетон для гидроизоляции бассейна
полы и защита бетона;;гидроизоляция бетона сп;7;гидроизоляция бетона сп
полы и защита бетона;;гидроизоляция пола в гараже по бетону;7;гидроизоляция пола в гараже по бетону
полы и защита бетона;;защита бетона гидроизоляция;7;защита бетона гидроизоляция
полы и защита бетона;;торкрет смесь;7;торкрет смесь
полы и защита бетона;;бетонная самовыравнивающаяся смесь;7;бетонная самовыравнивающаяся смесь
полы и защита бетона;;выравнивание бетонных полов самовыравнивающейся смесью;7;выравнивание бетонных полов самовыравнивающейся смесью
полы и защита бетона;;смесь самовыравнивающаяся церезит cn;7;смесь самовыравнивающаяся церезит cn
полы и защита бетона;;смесь самовыравнивающаяся церезит cn 175;7;смесь самовыравнивающаяся церезит cn 175
полы и защита бетона;;церезит самовыравнивающаяся смесь;7;церезит самовыравнивающаяся смесь
полы и защита бетона;;грунтовка по бетону для пола;7;грунтовка по бетону для пола
полы и защита бетона;;добавки в бетон для гидроизоляции погреба;6;добавки в бетон для гидроизоляции погреба
полы и защита бетона;;плитонит грунт бетон контакт это гидроизоляция;6;плитонит грунт бетон контакт это гидроизоляция
полы и защита бетона;;гидроизоляция бетона в бане;6;гидроизоляция бетона в бане
полы и защита бетона;;гидроизоляция бетона пола в бане;6;гидроизоляция бетона пола в бане
полы и защита бетона;;оклеечная гидроизоляция бетона;6;оклеечная гидроизоляция бетона
полы и защита бетона;;гидроизоляция бетона и кирпича;6;гидроизоляция бетона и кирпича
полы и защита бетона;;гидроизоляция на сырой бетон;6;гидроизоляция на сырой бетон
полы и защита бетона;;лучшие самовыравнивающиеся смеси;6;лучшие самовыравнивающиеся смеси
полы и защита бетона;;хорошая самовыравнивающаяся смесь пол;6;хорошая самовыравнивающаяся смесь пол
полы и защита бетона;;грунтовка по бетону для внутренних;6;грунтовка по бетону для внутренних
полы и защита бетона;;грунтовка по бетону для внутренних работ;6;грунтовка по бетону для внутренних работ
полы и защита бетона;;наливные промышленные полимерные полы;5;наливные промышленные полимерные полы
полы и защита бетона;;наливной пол для промышленных помещений;5;наливной пол для промышленных помещений
полы и защита бетона;;гидроизоляция потолка бетона;5;гидроизоляция потолка бетона
полы и защита бетона;;гидроизоляция пола под бетон;5;гидроизоляция пола под бетон
полы и защита бетона;;гидроизоляция для стыков и швов по бетону;5;гидроизоляция для стыков и швов по бетону
полы и защита бетона;;защитный слой бетона гидроизоляция;5;защитный слой бетона гидроизоляция
полы и защита бетона;;защитный слой бетона на оклеечной гидроизоляции;5;защитный слой бетона на оклеечной гидроизоляции
полы и защита бетона;;самовыравнивающаяся смесь для пола для наружных работ;5;самовыравнивающаяся смесь для пола для наружных работ
полы и защита бетона;;смеси сухие самовыравнивающиеся;5;смеси сухие самовыравнивающиеся
полы и защита бетона;;смесь для стяжки пола самовыравнивающаяся;5;смесь для стяжки пола самовыравнивающаяся
полы и защита бетона;;самовыравнивающаяся смесь для технического пола;5;самовыравнивающаяся смесь для технического пола
полы и защита бетона;;пропитки для кирпича и бетона;5;пропитки для кирпича и бетона
полы и защита бетона;;грунтовка по бетону под шпаклевку;5;грунтовка по бетону под шпаклевку
полы и защита бетона;;огрунтовка битумной эмульсией;4;огрунтовка битумной эмульсией
полы и защита бетона;;эпоксидное покрытие для пола сделай пол;4;эпоксидное покрытие для пола сделай пол
полы и защита бетона;;пена для гидроизоляции швов в бетоне;4;пена для гидроизоляции швов в бетоне
полы и защита бетона;;гидроизоляция холодного шва бетона;4;гидроизоляция холодного шва бетона
полы и защита бетона;;гидроизоляция бетона гэсн;4;гидроизоляция бетона гэсн
полы и защита бетона;;гидроизоляция бетона изнутри помещения;4;гидроизоляция бетона изнутри помещения
полы и защита бетона;;гидроизоляция бетон крыша;4;гидроизоляция бетон крыша
полы и защита бетона;;чем сделать гидроизоляцию бетона;4;чем сделать гидроизоляцию бетона
полы и защита бетона;;бетон без гидроизоляции;4;бетон без гидроизоляции
полы и защита бетона;;гидроизоляция на влажный бетон;4;гидроизоляция на влажный бетон
полы и защита бетона;;жидкая гидроизоляция бетона на улице;4;жидкая гидроизоляция бетона на улице
полы и защита бетона;;ремонтная смесь для пола бетона;4;ремонтная смесь для пола бетона
полы и защита бетона;;самый лучший самовыравнивающаяся смесь наливной пол;4;самый лучший самовыравнивающаяся смесь наливной пол
полы и защита бетона;;самовыравнивающиеся смеси ceresit;4;самовыравнивающиеся смеси ceresit
полы и защита бетона;;универсальная самовыравнивающаяся смесь церезит cn 175;4;универсальная самовыравнивающаяся смесь церезит cn 175
полы и защита бетона;;гипсовые самовыравнивающиеся смеси;4;гипсовые самовыравнивающиеся смеси
полы и защита бетона;;самовыравнивающиеся смеси под линолеум;4;самовыравнивающиеся смеси под линолеум
полы и защита бетона;;самовыравнивающийся пол под линолеум самовыравнивающейся смесью;4;самовыравнивающийся пол под линолеум самовыравнивающейся смесью
полы и защита бетона;;грунтовка по бетону по плесени;4;грунтовка по бетону по плесени
полы и защита бетона;;лучшая грунтовка по бетону;4;лучшая грунтовка по бетону
полы и защита бетона;;грунтовка по бетону под краску;4;грунтовка по бетону под краску
полы и защита бетона;;грунтовка под резиновую краску по бетону;4;грунтовка под резиновую краску по бетону
полы и защита бетона;;эпоксидное наливное покрытие для пола;3;эпоксидное наливное покрытие для пола
полы и защита бетона;;гидроизоляция бетона снаружи;3;гидроизоляция бетона снаружи
полы и защита бетона;;что добавить в бетон для гидроизоляции;3;что добавить в бетон для гидроизоляции
полы и защита бетона;;нужна ли гидроизоляция бетона;3;нужна ли гидроизоляция бетона
полы и защита бетона;;растворы для гидроизоляции бетона;3;растворы для гидроизоляции бетона
полы и защита бетона;;смесь для ремонта и гидроизоляции бетона;3;смесь для ремонта и гидроизоляции бетона
полы и защита бетона;;гидроизоляция металл бетон;3;гидроизоляция металл бетон
полы и защита бетона;;гидроизоляция бетона от грунтовых вод;3;гидроизоляция бетона от грунтовых вод
полы и защита бетона;;чем обработать бетон для гидроизоляции;3;чем обработать бетон для гидроизоляции
полы и защита бетона;;материал для гидроизоляции бетона;3;материал для гидроизоляции бетона
полы и защита бетона;;гидроизоляция бетона рубероидом;3;гидроизоляция бетона рубероидом
полы и защита бетона;;толщина самовыравнивающейся смеси;3;толщина самовыравнивающейся смеси
полы и защита бетона;;самовыравнивающиеся смеси быстротвердеющие;3;самовыравнивающиеся смеси быстротвердеющие
полы и защита бетона;;смесь сухая напольная самовыравнивающаяся;3;смесь сухая напольная самовыравнивающаяся
полы и защита бетона;;самовыравнивающаяся смесь для теплого;3;самовыравнивающаяся смесь для теплого
полы и защита бетона;;эмульсия битумная для гидроизоляционных работ;2;эмульсия битумная для гидроизоляционных работ
полы и защита бетона;;эмульсия битумно латексная гидроизоляционная;2;эмульсия битумно латексная гидроизоляционная
полы и защита бетона;;подгрунтовка битумной эмульсии;2;подгрунтовка битумной эмульсии
полы и защита бетона;;промышленный полиуретановый наливной пол;2;промышленный полиуретановый наливной пол
полы и защита бетона;;промышленный наливной пол толщина;2;промышленный наливной пол толщина
полы и защита бетона;;эпоксидное покрытие для пола в гараже;2;эпоксидное покрытие для пола в гараже
полы и защита бетона;;эпоксидное покрытие для пола в гараже бетонного;2;эпоксидное покрытие для пола в гараже бетонного
полы и защита бетона;;гидроизоляция по мокрому бетону;2;гидроизоляция по мокрому бетону
полы и защита бетона;;способы гидроизоляции бетона;2;способы гидроизоляции бетона
полы и защита бетона;;пенетрон сухая смесь для гидроизоляции бетона;2;пенетрон сухая смесь для гидроизоляции бетона
полы и защита бетона;;гидроизоляция мауэрлата в бетоне;2;гидроизоляция мауэрлата в бетоне
полы и защита бетона;;ремонтная смесь для ремонта бетона;2;ремонтная смесь для ремонта бетона
полы и защита бетона;;самовыравнивающиеся полимерные смеси;2;самовыравнивающиеся полимерные смеси
полы и защита бетона;;самовыравнивающаяся смесь на балконе;2;самовыравнивающаяся смесь на балконе
полы и защита бетона;;пропитка для крошащегося бетона;2;пропитка для крошащегося бетона
полы и защита бетона;;пропитка для старого бетона;2;пропитка для старого бетона
полы и защита бетона;;упрочняющая пропитка для старого бетона;2;упрочняющая пропитка для старого бетона
полы и защита бетона;;пропитка для упрочнения бетона;2;пропитка для упрочнения бетона
полы и защита бетона;;пропитка для гидроизоляции бетона;2;пропитка для гидроизоляции бетона
полы и защита бетона;;пропитка для свежеуложенного бетона;2;пропитка для свежеуложенного бетона
полы и защита бетона;;пропитка для камня и бетона;2;пропитка для камня и бетона
полы и защита бетона;;пропитка для мокрого бетона;2;пропитка для мокрого бетона
полы и защита бетона;;пропитка бетона от воды для наружных;2;пропитка бетона от воды для наружных
полы и защита бетона;;пропитка бетона от воды для наружных работ;2;пропитка бетона от воды для наружных работ
полы и защита бетона;;грунтовка по бетону металлу;2;грунтовка по бетону металлу
полы и защита бетона;;акриловые грунтовки по бетону;2;акриловые грунтовки по бетону
полы и защита бетона;;грунтовка по штукатурке бетону;2;грунтовка по штукатурке бетону
полы и защита бетона;;грунтовка полиуретановая по бетону;2;грунтовка полиуретановая по бетону
полы и защита бетона;;грунтовка от плесени и грибка по бетону;2;грунтовка от плесени и грибка по бетону
полы и защита бетона;;грунтовка против плесени и грибка по бетону;2;грунтовка против плесени и грибка по бетону
полы и защита бетона;;грунтовка по бетону серая;2;грунтовка по бетону серая
полы и защита бетона;;гидроизоляционная грунтовка по бетону;2;гидроизоляционная грунтовка по бетону
полы и защита бетона;;эмульсия битумно латексная гидроизоляционная антикоррозийная;1;эмульсия битумно латексная гидроизоляционная антикоррозийная
полы и защита бетона;;эмульсия битумно латексная гидроизоляционная антикоррозийная напыляемая;1;эмульсия битумно латексная гидроизоляционная антикоррозийная напыляемая
полы и защита бетона;;ремонтная смесь для ступеней бетонных;1;ремонтная смесь для ступеней бетонных
полы и защита бетона;;наливной промышленный пол самовыравнивающийся;1;наливной промышленный пол самовыравнивающийся
полы и защита бетона;;промышленные эпоксидный наливной пол;1;промышленные эпоксидный наливной пол
полы и защита бетона;;наливной пол промышленных слои;1;наливной пол промышленных слои
полы и защита бетона;;промышленный наливной бетонный пол;1;промышленный наливной бетонный пол
полы и защита бетона;;промышленный наливной пол элакор;1;промышленный наливной пол элакор
полы и защита бетона;;элакор пу наливной пол промышленный;1;элакор пу наливной пол промышленный
полы и защита бетона;;топпинг для упрочнения бетонных полов;1;топпинг для упрочнения бетонных полов
полы и защита бетона;;эпоксидное покрытие для пола серое;1;эпоксидное покрытие для пола серое
полы и защита бетона;;ремонтная смесь гидроцем торкрет;1;ремонтная смесь гидроцем торкрет
полы и защита бетона;;ремонтная смесь гидроцем торкрет 25 кг;1;ремонтная смесь гидроцем торкрет 25 кг
полы и защита бетона;;готовая самовыравнивающейся смесью;1;готовая самовыравнивающейся смесью
полы и защита бетона;;выровнять полы самовыравнивающейся смесью;1;выровнять полы самовыравнивающейся смесью
полы и защита бетона;;самовыравнивающаяся смесь для пола ветонит;1;самовыравнивающаяся смесь для пола ветонит
полы и защита бетона;;самовыравнивающиеся смеси ветонит;1;самовыравнивающиеся смеси ветонит
полы и защита бетона;;финишные самовыравнивающиеся смеси;1;финишные самовыравнивающиеся смеси
полы и защита бетона;;выравнивание пола самовыравнивающейся смесью расценка в смете;1;выравнивание пола самовыравнивающейся смесью расценка в смете
полы и защита бетона;;самовыравнивающаяся смесь для улицы;1;самовыравнивающаяся смесь для улицы
полы и защита бетона;;заливать полы самовыравнивающейся смесью видео;1;заливать полы самовыравнивающейся смесью видео
полы и защита бетона;;самовыравнивающаяся смесь для пола видео;1;самовыравнивающаяся смесь для пола видео
полы и защита бетона;;самовыравнивающиеся смеси видео;1;самовыравнивающиеся смеси видео
полы и защита бетона;;пропитка для обеспыливания бетона;1;пропитка для обеспыливания бетона
полы и защита бетона;;грунтовка по бетону под штукатурку;1;грунтовка по бетону под штукатурку
полы и защита бетона;выбор;какие грунтовки по бетону;5;какие грунтовки по бетону
полы и защита бетона;выбор;какая грунтовка по бетону лучше;4;какая грунтовка по бетону лучше
полы и защита бетона;выбор;какие самовыравнивающиеся смеси;1;какие самовыравнивающиеся смеси
полы и защита бетона;выбор|применение;проникающая гидроизоляция для бетона какая;56;проникающая гидроизоляция для бетона какая
полы и защита бетона;выбор|применение;гидроизоляция для бетона какая лучше;44;гидроизоляция для бетона какая лучше
полы и защита бетона;выбор|применение;проникающая гидроизоляция для бетона какая лучше;38;проникающая гидроизоляция для бетона какая лучше
полы и защита бетона;выбор|применение;проникающая гидроизоляция для бетона какие бывают;3;проникающая гидроизоляция для бетона какие бывают
полы и защита бетона;выбор|применение;какая пропитка для бетона лучше;2;какая пропитка для бетона лучше
полы и защита бетона;гео|применение;пропитка антиплесень для бетона лемано про екатеринбург;5;пропитка антиплесень для бетона лемано про екатеринбург
полы и защита бетона;как сделать;как использовать жидкое стекло для гидроизоляции бетона;15;как использовать жидкое стекло для гидроизоляции бетона
полы и защита бетона;как сделать;заливка самовыравнивающейся смеси;15;заливка самовыравнивающейся смеси
полы и защита бетона;как сделать;гидроизоляция для заливки бетона;13;гидроизоляция для заливки бетона
полы и защита бетона;как сделать;гидроизоляция перед заливкой бетона;10;гидроизоляция перед заливкой бетона
полы и защита бетона;как сделать;заливка пола самовыравнивающейся смесью;10;заливка пола самовыравнивающейся смесью
полы и защита бетона;как сделать;гидроизоляция для швов в бетоне при заливке;7;гидроизоляция для швов в бетоне при заливке
полы и защита бетона;как сделать;самовыравнивающийся смесь своими руками;5;самовыравнивающийся смесь своими руками
полы и защита бетона;как сделать;заливка самовыравнивающейся смеси в ванной;5;заливка самовыравнивающейся смеси в ванной
полы и защита бетона;как сделать;как наносить гидроизоляцию на бетон;4;как наносить гидроизоляцию на бетон
полы и защита бетона;как сделать;гидроизоляция после заливки бетона;4;гидроизоляция после заливки бетона
полы и защита бетона;как сделать;гидроизоляция под заливку бетона;3;гидроизоляция под заливку бетона
полы и защита бетона;как сделать;устройство гидроизоляции бетона;3;устройство гидроизоляции бетона
полы и защита бетона;как сделать;гидроизоляция бетона жидким стеклом пропорции;3;гидроизоляция бетона жидким стеклом пропорции
полы и защита бетона;как сделать;как сделать гидроизоляцию под бетон;3;как сделать гидроизоляцию под бетон
полы и защита бетона;как сделать;выравнивание пола самовыравнивающейся смесью своими руками;3;выравнивание пола самовыравнивающейся смесью своими руками
полы и защита бетона;как сделать;как залить пол на балконе самовыравнивающейся смесью;2;как залить пол на балконе самовыравнивающейся смесью
полы и защита бетона;как сделать;самовыравнивающиеся смеси инструкция;2;самовыравнивающиеся смеси инструкция
полы и защита бетона;как сделать;как залить пол самовыравнивающейся смесью своими руками;2;как залить пол самовыравнивающейся смесью своими руками
полы и защита бетона;как сделать;промышленные наливные полы устройство;1;промышленные наливные полы устройство
полы и защита бетона;как сделать;устройство стяжек самовыравнивающимися смесями;1;устройство стяжек самовыравнивающимися смесями
полы и защита бетона;как сделать;самовыравнивающаяся смесь для пола инструкция;1;самовыравнивающаяся смесь для пола инструкция
полы и защита бетона;как сделать;как залить пол в квартире самовыравнивающейся смесью;1;как залить пол в квартире самовыравнивающейся смесью
полы и защита бетона;как сделать;самовыравнивающаяся смесь для пола своими руками;1;самовыравнивающаяся смесь для пола своими руками
полы и защита бетона;как сделать;самовыравнивающиеся смеси для пола как заливать;1;самовыравнивающиеся смеси для пола как заливать
полы и защита бетона;как сделать;смесь для заливки пола самовыравнивающейся смесью быстросохнущие;1;смесь для заливки пола самовыравнивающейся смесью быстросохнущие
полы и защита бетона;как сделать;клей пва как грунтовка по бетону;1;клей пва как грунтовка по бетону
полы и защита бетона;как сделать|применение;пенетрон гидроизоляция для бетона инструкция;72;пенетрон гидроизоляция для бетона инструкция
полы и защита бетона;как сделать|применение;пенетрон гидроизоляция для бетона инструкция по применению;60;пенетрон гидроизоляция для бетона инструкция по применению
полы и защита бетона;как сделать|применение;пенетрон гидроизоляция для бетона проникающая инструкция;57;пенетрон гидроизоляция для бетона проникающая инструкция
полы и защита бетона;как сделать|применение;жидкое стекло как гидроизоляция для бетона;55;жидкое стекло как гидроизоляция для бетона
полы и защита бетона;как сделать|применение;пенетрон гидроизоляция для бетона как пользоваться;13;пенетрон гидроизоляция для бетона как пользоваться
полы и защита бетона;как сделать|применение;акватрон гидроизоляция для бетона проникающая инструкция;11;акватрон гидроизоляция для бетона проникающая инструкция
полы и защита бетона;как сделать|применение;пенетрон гидроизоляция для бетона как работает;8;пенетрон гидроизоляция для бетона как работает
полы и защита бетона;как сделать|применение;ремонтная смесь для бетона своими руками;2;ремонтная смесь для бетона своими руками
полы и защита бетона;как сделать|применение;пропитка для бетона своими руками;2;пропитка для бетона своими руками
полы и защита бетона;как сделать|применение;топпинг для бетонного пола технология;1;топпинг для бетонного пола технология
полы и защита бетона;как сделать|применение;топпинг для бетонного пола технология производства работ;1;топпинг для бетонного пола технология производства работ
полы и защита бетона;как сделать|применение;как сделать пропитку для бетона;1;как сделать пропитку для бетона
полы и защита бетона;как сделать|применение;пропитка для бетона после заливки;1;пропитка для бетона после заливки
полы и защита бетона;коммерческий;гидроизоляция бетона цена;63;гидроизоляция бетона цена
полы и защита бетона;коммерческий;пенетрон проникающая гидроизоляция бетона купить;60;пенетрон проникающая гидроизоляция бетона купить
полы и защита бетона;коммерческий;пенетрон проникающая гидроизоляция бетона цена;39;пенетрон проникающая гидроизоляция бетона цена
полы и защита бетона;коммерческий;проникающая гидроизоляция бетона цена;39;проникающая гидроизоляция бетона цена
полы и защита бетона;коммерческий;самовыравнивающейся смесью купить;18;самовыравнивающейся смесью купить
полы и защита бетона;коммерческий;промышленные наливные полы купить;10;промышленные наливные полы купить
полы и защита бетона;коммерческий;гидроизоляция для наружной бетона купить;7;гидроизоляция для наружной бетона купить
полы и защита бетона;коммерческий;смесь самовыравнивающаяся цена;7;смесь самовыравнивающаяся цена
полы и защита бетона;коммерческий;заделать щели в бетоне гидроизоляция купить;5;заделать щели в бетоне гидроизоляция купить
полы и защита бетона;коммерческий;самовыравнивающийся смесь для пола цена;4;самовыравнивающийся смесь для пола цена
полы и защита бетона;коммерческий;купить грунтовку по бетону;4;купить грунтовку по бетону
полы и защита бетона;коммерческий;наливной пол для промышленных помещений купить;2;наливной пол для промышленных помещений купить
полы и защита бетона;коммерческий;промышленный наливной пол цены;2;промышленный наливной пол цены
полы и защита бетона;коммерческий;самовыравнивающаяся смесь для пола купить;2;самовыравнивающаяся смесь для пола купить
полы и защита бетона;коммерческий;стоимость самовыравнивающейся смеси;2;стоимость самовыравнивающейся смеси
полы и защита бетона;коммерческий;купить грунтовку по бетону для пола;2;купить грунтовку по бетону для пола
полы и защита бетона;коммерческий;эпоксидное покрытие для пола купить;1;эпоксидное покрытие для пола купить
полы и защита бетона;коммерческий;эпоксидное покрытие для пола цена;1;эпоксидное покрытие для пола цена
полы и защита бетона;коммерческий;цена грунтовки по бетону;1;цена грунтовки по бетону
полы и защита бетона;коммерческий|гео;краска для гидроизоляции бетона купить в екатеринбурге;5;краска для гидроизоляции бетона купить в екатеринбурге
полы и защита бетона;коммерческий|гео|применение;проникающая гидроизоляция для бетона купить в екатеринбурге;32;проникающая гидроизоляция для бетона купить в екатеринбурге
полы и защита бетона;коммерческий|гео|применение;топпинг для бетонного пола купить в екатеринбурге;8;топпинг для бетонного пола купить в екатеринбурге
полы и защита бетона;коммерческий|как сделать|применение;жидкое стекло как гидроизоляция для бетона купить;6;жидкое стекло как гидроизоляция для бетона купить
полы и защита бетона;коммерческий|применение;купить гидроизоляцию для бетона;232;купить гидроизоляцию для бетона
полы и защита бетона;коммерческий|применение;проникающая гидроизоляция для бетона купить;126;проникающая гидроизоляция для бетона купить
полы и защита бетона;коммерческий|применение;пенетрон гидроизоляция для бетона купить;87;пенетрон гидроизоляция для бетона купить
полы и защита бетона;коммерческий|применение;пропитка для бетона купить;55;пропитка для бетона купить
полы и защита бетона;коммерческий|применение;пенетрон гидроизоляция для бетона цена;54;пенетрон гидроизоляция для бетона цена
полы и защита бетона;коммерческий|применение;купить гидроизоляция проникающая для бетона цена;36;купить гидроизоляция проникающая для бетона цена
полы и защита бетона;коммерческий|применение;купить пенетрон гидроизоляция проникающая для бетона цена;36;купить пенетрон гидроизоляция проникающая для бетона цена
полы и защита бетона;коммерческий|применение;ремонтная смесь для бетона купить;31;ремонтная смесь для бетона купить
полы и защита бетона;коммерческий|применение;купить пропитку для бетона от влаги;24;купить пропитку для бетона от влаги
полы и защита бетона;коммерческий|применение;купить жидкую гидроизоляцию для бетона;20;купить жидкую гидроизоляцию для бетона
полы и защита бетона;коммерческий|применение;пропитка для бетона на улице купить;13;пропитка для бетона на улице купить
полы и защита бетона;коммерческий|применение;топпинг для бетонных полов купить;11;топпинг для бетонных полов купить
полы и защита бетона;коммерческий|применение;пропитка для бетона укрепляющая купить;11;пропитка для бетона укрепляющая купить
полы и защита бетона;коммерческий|применение;пропитка для бетона укрепляющая уличная купить;11;пропитка для бетона укрепляющая уличная купить
полы и защита бетона;коммерческий|применение;акватрон гидроизоляция для бетона купить;10;акватрон гидроизоляция для бетона купить
полы и защита бетона;коммерческий|применение;проникающая гидроизоляция для бетона акватрон купить;10;проникающая гидроизоляция для бетона акватрон купить
полы и защита бетона;коммерческий|применение;купить гидроизоляцию для бетона на улице;7;купить гидроизоляцию для бетона на улице
полы и защита бетона;коммерческий|применение;купить жидкую гидроизоляцию для бетона для наружных;7;купить жидкую гидроизоляцию для бетона для наружных
полы и защита бетона;коммерческий|применение;пенетрон гидроизоляция для бетона цена 25 кг;6;пенетрон гидроизоляция для бетона цена 25 кг
полы и защита бетона;коммерческий|применение;купить гидроизоляцию для бетона наружных работ;4;купить гидроизоляцию для бетона наружных работ
полы и защита бетона;коммерческий|применение;купить полиуретановую пропитку для бетона;4;купить полиуретановую пропитку для бетона
полы и защита бетона;коммерческий|применение;ремонтные смеси для бетона цена;3;ремонтные смеси для бетона цена
полы и защита бетона;коммерческий|применение;ремонтная смесь для бетона церезит купить;2;ремонтная смесь для бетона церезит купить
полы и защита бетона;коммерческий|применение;протексил пропитка для бетона купить;2;протексил пропитка для бетона купить
полы и защита бетона;коммерческий|применение;пенетрон пропитка для бетона купить;2;пенетрон пропитка для бетона купить
полы и защита бетона;коммерческий|применение;литурин пропитка для бетона купить;2;литурин пропитка для бетона купить
полы и защита бетона;коммерческий|применение;литиевые пропитки для бетона купить;1;литиевые пропитки для бетона купить
полы и защита бетона;коммерческий|применение;флюатирующая пропитка для бетона купить;1;флюатирующая пропитка для бетона купить
полы и защита бетона;коммерческий|применение;пропитка для бетона цена;1;пропитка для бетона цена
полы и защита бетона;коммерческий|применение;купить полимерную пропитку для бетона;1;купить полимерную пропитку для бетона
полы и защита бетона;применение;гидроизоляция для бетона;1797;гидроизоляция для бетона
полы и защита бетона;применение;пропитка для бетона;638;пропитка для бетона
полы и защита бетона;применение;проникающая гидроизоляция для бетона;624;проникающая гидроизоляция для бетона
полы и защита бетона;применение;ремонтная смесь для бетона;349;ремонтная смесь для бетона
полы и защита бетона;применение;проникающая гидроизоляция для бетона пенетрон;240;проникающая гидроизоляция для бетона пенетрон
полы и защита бетона;применение;жидкая гидроизоляция для бетона;169;жидкая гидроизоляция для бетона
полы и защита бетона;применение;гидроизоляция для бетона акватрон;86;гидроизоляция для бетона акватрон
полы и защита бетона;применение;лучшая гидроизоляция для бетона;86;лучшая гидроизоляция для бетона
полы и защита бетона;применение;применение пенетрона для гидроизоляции бетона;84;применение пенетрона для гидроизоляции бетона
полы и защита бетона;применение;проникающая гидроизоляция для бетона акватрон;76;проникающая гидроизоляция для бетона акватрон
полы и защита бетона;применение;укрепляющая пропитка для бетона;64;укрепляющая пропитка для бетона
полы и защита бетона;применение;ремонтная смесь для бетона мбр;63;ремонтная смесь для бетона мбр
полы и защита бетона;применение;битумная гидроизоляция для бетона;61;битумная гидроизоляция для бетона
полы и защита бетона;применение;пропитка для бетона от влаги;60;пропитка для бетона от влаги
полы и защита бетона;применение;лучшая проникающая гидроизоляция для бетона;44;лучшая проникающая гидроизоляция для бетона
полы и защита бетона;применение;обмазочная гидроизоляция для бетона;44;обмазочная гидроизоляция для бетона
полы и защита бетона;применение;ремонтная смесь для бетона гора хрустальная;44;ремонтная смесь для бетона гора хрустальная
полы и защита бетона;применение;пропитка для бетона от разрушения;44;пропитка для бетона от разрушения
полы и защита бетона;применение;пропитка для бетона на улице;43;пропитка для бетона на улице
полы и защита бетона;применение;пропитка для бетона на улице от разрушения;40;пропитка для бетона на улице от разрушения
полы и защита бетона;применение;пропитки для бетона для наружных;40;пропитки для бетона для наружных
полы и защита бетона;применение;топпинг для бетонного пола;32;топпинг для бетонного пола
полы и защита бетона;применение;пропитка для бетона пенетрон;31;пропитка для бетона пенетрон
полы и защита бетона;применение;ремонтная смесь для бетона 25кг;30;ремонтная смесь для бетона 25кг
полы и защита бетона;применение;ремонтная смесь для бетона 25 кг;30;ремонтная смесь для бетона 25 кг
полы и защита бетона;применение;полиуретановая пропитка для бетона;27;полиуретановая пропитка для бетона
полы и защита бетона;применение;упрочняющая пропитка для бетона;26;упрочняющая пропитка для бетона
полы и защита бетона;применение;ремонтная смесь для бетона мбр 300;24;ремонтная смесь для бетона мбр 300
полы и защита бетона;применение;ремонтная смесь для бетона гора хрустальная мбр;24;ремонтная смесь для бетона гора хрустальная мбр
полы и защита бетона;применение;ремонтная смесь для бетона церезит;24;ремонтная смесь для бетона церезит
полы и защита бетона;применение;ремонтная смесь для бетона 400;24;ремонтная смесь для бетона 400
полы и защита бетона;применение;ремонтная смесь для бетона мбр 400;24;ремонтная смесь для бетона мбр 400
полы и защита бетона;применение;пенекрит гидроизоляция для бетона;22;пенекрит гидроизоляция для бетона
полы и защита бетона;применение;водоотталкивающая пропитка для бетона;22;водоотталкивающая пропитка для бетона
полы и защита бетона;применение;проникающая гидроизоляция для бетона пенетрон описание;18;проникающая гидроизоляция для бетона пенетрон описание
полы и защита бетона;применение;тиксотропная ремонтная смесь для бетона;18;тиксотропная ремонтная смесь для бетона
полы и защита бетона;применение;пропитка для бетона от проникновения влаги;18;пропитка для бетона от проникновения влаги
полы и защита бетона;применение;обеспыливающая пропитка для бетона;18;обеспыливающая пропитка для бетона
полы и защита бетона;применение;мастика резино битумная для бетона гидроизоляции;17;мастика резино битумная для бетона гидроизоляции
полы и защита бетона;применение;полимерная гидроизоляция для бетона;16;полимерная гидроизоляция для бетона
полы и защита бетона;применение;готовая ремонтная смесь для бетона;16;готовая ремонтная смесь для бетона
полы и защита бетона;применение;гидрофобизатор для бетона пропитка;16;гидрофобизатор для бетона пропитка
полы и защита бетона;применение;пропитка для бетона уличная;16;пропитка для бетона уличная
полы и защита бетона;применение;гидроизоляция для бетона церезит;15;гидроизоляция для бетона церезит
полы и защита бетона;применение;гидроизоляция проникающая пенетрон для бетона 5 кг;15;гидроизоляция проникающая пенетрон для бетона 5 кг
полы и защита бетона;применение;ремонтная смесь для бетона cn83;15;ремонтная смесь для бетона cn83
полы и защита бетона;применение;гидрофобная пропитка для бетона;15;гидрофобная пропитка для бетона
полы и защита бетона;применение;силиконовая пропитка для бетона;15;силиконовая пропитка для бетона
полы и защита бетона;применение;гидрофобизирующая пропитка для бетона;15;гидрофобизирующая пропитка для бетона
полы и защита бетона;применение;жидкая гидроизоляция для бетона для наружных;14;жидкая гидроизоляция для бетона для наружных
полы и защита бетона;применение;ремонтная смесь для бетона церезит cn83;14;ремонтная смесь для бетона церезит cn83
полы и защита бетона;применение;ремонтная безусадочная смесь для бетона;14;ремонтная безусадочная смесь для бетона
полы и защита бетона;применение;этераль пропитка для бетона;14;этераль пропитка для бетона
полы и защита бетона;применение;пропитка для бетона пола;14;пропитка для бетона пола
полы и защита бетона;применение;шовная гидроизоляция для бетона;13;шовная гидроизоляция для бетона
полы и защита бетона;применение;пенетрон гидроизоляция для бетона 25 кг;13;пенетрон гидроизоляция для бетона 25 кг
полы и защита бетона;применение;гидрофобизирующая пропитка для бетона для наружных работ;13;гидрофобизирующая пропитка для бетона для наружных работ
полы и защита бетона;применение;литиевая пропитка для бетона;13;литиевая пропитка для бетона
полы и защита бетона;применение;гидроизоляция для бетона в подвале;12;гидроизоляция для бетона в подвале
полы и защита бетона;применение;полиуретановая гидроизоляция для бетона;12;полиуретановая гидроизоляция для бетона
полы и защита бетона;применение;гидроизоляция жидкая для бетона наружных работ;12;гидроизоляция жидкая для бетона наружных работ
полы и защита бетона;применение;цементная ремонтная смесь для бетона;12;цементная ремонтная смесь для бетона
полы и защита бетона;применение;ремонтная смесь для бетона скрепа;12;ремонтная смесь для бетона скрепа
полы и защита бетона;применение;лак пропитка для бетона;12;лак пропитка для бетона
полы и защита бетона;применение;протексил пропитка для бетона;12;протексил пропитка для бетона
полы и защита бетона;применение;обмазочная гидроизоляция для бетона битумная;11;обмазочная гидроизоляция для бетона битумная
полы и защита бетона;применение;инъекционная гидроизоляция для бетона;11;инъекционная гидроизоляция для бетона
полы и защита бетона;применение;эпоксидное покрытие для бетонного пола;10;эпоксидное покрытие для бетонного пола
полы и защита бетона;применение;гидроизоляция элемент для бетона;10;гидроизоляция элемент для бетона
полы и защита бетона;применение;гидроизоляция для бетона технониколь;10;гидроизоляция для бетона технониколь
полы и защита бетона;применение;проникающая гидроизоляция для бетона для подвалов;10;проникающая гидроизоляция для бетона для подвалов
полы и защита бетона;применение;пропитка для бетона отмостки;10;пропитка для бетона отмостки
полы и защита бетона;применение;акриловая пропитка для бетона;10;акриловая пропитка для бетона
полы и защита бетона;применение;рейтинг гидроизоляции для бетона;9;рейтинг гидроизоляции для бетона
полы и защита бетона;применение;озон гидроизоляция для бетона;9;озон гидроизоляция для бетона
полы и защита бетона;применение;акриловые пропитки с наполнителем для бетона;9;акриловые пропитки с наполнителем для бетона
полы и защита бетона;применение;влагоудерживающая пропитка для бетона;9;влагоудерживающая пропитка для бетона
полы и защита бетона;применение;пропитка антиплесень для бетона;9;пропитка антиплесень для бетона
полы и защита бетона;применение;пенетрон гидроизоляция для бетона отзывы;8;пенетрон гидроизоляция для бетона отзывы
полы и защита бетона;применение;эластичная гидроизоляция для бетона;8;эластичная гидроизоляция для бетона
полы и защита бетона;применение;пенетрон гидроизоляция для бетона проникающая 25 кг;8;пенетрон гидроизоляция для бетона проникающая 25 кг
полы и защита бетона;применение;проникающая гидроизоляция для бетона элемент;8;проникающая гидроизоляция для бетона элемент
полы и защита бетона;применение;гидроизоляция жидкая для бетона внутренних работ;8;гидроизоляция жидкая для бетона внутренних работ
полы и защита бетона;применение;пенетрон адмикс гидроизоляция для бетона;8;пенетрон адмикс гидроизоляция для бетона
полы и защита бетона;применение;ремонтная смесь для бетона 500;8;ремонтная смесь для бетона 500
полы и защита бетона;применение;ремонтная смесь для бетона мбр 500;8;ремонтная смесь для бетона мбр 500
полы и защита бетона;применение;пропитка для бетона и бетонных полов;8;пропитка для бетона и бетонных полов
полы и защита бетона;применение;акватрон 6 гидроизоляция для бетона проникающая;7;акватрон 6 гидроизоляция для бетона проникающая
полы и защита бетона;применение;проникающая гидроизоляция для бетона для фундамента;7;проникающая гидроизоляция для бетона для фундамента
полы и защита бетона;применение;гидроизоляция для бетона для ванной;7;гидроизоляция для бетона для ванной
полы и защита бетона;применение;цементная гидроизоляция для бетона;7;цементная гидроизоляция для бетона
полы и защита бетона;применение;гидроизоляция для бетона проникающая w16;7;гидроизоляция для бетона проникающая w16
полы и защита бетона;применение;элемент гидроизоляция для бетона проникающая w16;7;элемент гидроизоляция для бетона проникающая w16
полы и защита бетона;применение;сухая ремонтная смесь для бетона;7;сухая ремонтная смесь для бетона
полы и защита бетона;применение;самовыравнивающаяся смесь для пола под плитку;7;самовыравнивающаяся смесь для пола под плитку
полы и защита бетона;применение;пропитки для бетона для внутренних работ;7;пропитки для бетона для внутренних работ
полы и защита бетона;применение;пропитка для бетона от воды;7;пропитка для бетона от воды
полы и защита бетона;применение;пропитка для бетона монолит;7;пропитка для бетона монолит
полы и защита бетона;применение;супер бетон защита пропитка для бетона;7;супер бетон защита пропитка для бетона
полы и защита бетона;применение;проникающая гидроизоляция для бетона церезит;6;проникающая гидроизоляция для бетона церезит
полы и защита бетона;применение;лучшая ремонтная смесь для бетона;6;лучшая ремонтная смесь для бетона
полы и защита бетона;применение;пропитка для бетона дифенс праймер mps;6;пропитка для бетона дифенс праймер mps
полы и защита бетона;применение;пропитка универсальная для бетона;6;пропитка универсальная для бетона
полы и защита бетона;применение;пропитка для бетона отзывы;6;пропитка для бетона отзывы
полы и защита бетона;применение;обеспыливающая пропитка для бетона selkor;6;обеспыливающая пропитка для бетона selkor
полы и защита бетона;применение;пенетрон адмикс гидроизоляция для бетона проникающая;5;пенетрон адмикс гидроизоляция для бетона проникающая
полы и защита бетона;применение;гидроизоляция для бетона сикатоп501;5;гидроизоляция для бетона сикатоп501
полы и защита бетона;применение;полимерная гидроизоляция для бетона для наружных работ;5;полимерная гидроизоляция для бетона для наружных работ
полы и защита бетона;применение;ремонтная смесь для бетона м500;5;ремонтная смесь для бетона м500
полы и защита бетона;применение;ремонтная смесь для бетона скрепа м500;5;ремонтная смесь для бетона скрепа м500
полы и защита бетона;применение;ремонтная смесь для бетона отзывы;5;ремонтная смесь для бетона отзывы
полы и защита бетона;применение;ремонтно строительная смесь для бетона;5;ремонтно строительная смесь для бетона
полы и защита бетона;применение;ремонтная смесь для бетона r3;5;ремонтная смесь для бетона r3
полы и защита бетона;применение;ремонтная смесь для бетона на улице;5;ремонтная смесь для бетона на улице
полы и защита бетона;применение;цементная ремонтная смесь для бетона мбр 500;5;цементная ремонтная смесь для бетона мбр 500
полы и защита бетона;применение;ремонтная смесь для бетона бирсс;5;ремонтная смесь для бетона бирсс
полы и защита бетона;применение;церезит пропитка для бетона;5;церезит пропитка для бетона
полы и защита бетона;применение;пропитка для бетона под плитку;5;пропитка для бетона под плитку
полы и защита бетона;применение;водоотталкивающая пропитка для бетона для улицы;5;водоотталкивающая пропитка для бетона для улицы
полы и защита бетона;применение;пропитка для бетона и дерева;5;пропитка для бетона и дерева
полы и защита бетона;применение;проникающая гидроизоляция для бетона рейтинг;4;проникающая гидроизоляция для бетона рейтинг
полы и защита бетона;применение;гидроизоляция для бетона фундамента проникающая элемент w16;4;гидроизоляция для бетона фундамента проникающая элемент w16
полы и защита бетона;применение;гидроизоляция на основе цемента для бетона;4;гидроизоляция на основе цемента для бетона
полы и защита бетона;применение;ремонтная смесь для бетона гидроизоляция;4;ремонтная смесь для бетона гидроизоляция
полы и защита бетона;применение;гидроизоляцию бетона под плитку;4;гидроизоляцию бетона под плитку
полы и защита бетона;применение;монопол ремонтная смесь для бетона;4;монопол ремонтная смесь для бетона
полы и защита бетона;применение;самовыравнивающейся смеси для бетонного пола;4;самовыравнивающейся смеси для бетонного пола
полы и защита бетона;применение;гидроизоляционная пропитка для бетона;4;гидроизоляционная пропитка для бетона
полы и защита бетона;применение;пропитка грунтовка для бетона;4;пропитка грунтовка для бетона
полы и защита бетона;применение;жидкий топпинг для бетонного пола;3;жидкий топпинг для бетонного пола
полы и защита бетона;применение;обмазочная гидроизоляция для бетона для наружных работ;3;обмазочная гидроизоляция для бетона для наружных работ
полы и защита бетона;применение;пенетрон гидроизоляция для бетона проникающая отзывы;3;пенетрон гидроизоляция для бетона проникающая отзывы
полы и защита бетона;применение;проникающая гидроизоляция для бетона отзывы;3;проникающая гидроизоляция для бетона отзывы
полы и защита бетона;применение;двухкомпонентная гидроизоляция для бетона;3;двухкомпонентная гидроизоляция для бетона
полы и защита бетона;применение;гидроизоляция проникающего действия для бетона;3;гидроизоляция проникающего действия для бетона
полы и защита бетона;применение;гидроизоляция для бетона рулонная;3;гидроизоляция для бетона рулонная
полы и защита бетона;применение;гидроизоляция пола бетона под плитку;3;гидроизоляция пола бетона под плитку
полы и защита бетона;применение;ceresit ремонтная смесь для бетона;3;ceresit ремонтная смесь для бетона
полы и защита бетона;применение;самовыравнивающаяся смесь для бетона;3;самовыравнивающаяся смесь для бетона
полы и защита бетона;применение;пропитка для бетона от пыли;3;пропитка для бетона от пыли
полы и защита бетона;применение;жидкие пропитки для бетона;3;жидкие пропитки для бетона
полы и защита бетона;применение;farbitex пропитка для бетона;3;farbitex пропитка для бетона
полы и защита бетона;применение;пропитка от плесени для бетона;3;пропитка от плесени для бетона
полы и защита бетона;применение;полиуретан пропитка для бетона;3;полиуретан пропитка для бетона
полы и защита бетона;применение;литурин пропитка для бетона;3;литурин пропитка для бетона
полы и защита бетона;применение;лучшая пропитка для бетона;3;лучшая пропитка для бетона
полы и защита бетона;применение;обеспыливающая пропитка для бетона и бетонных полов;3;обеспыливающая пропитка для бетона и бетонных полов
полы и защита бетона;применение;обеспыливающая упрочняющая пропитка для бетона;3;обеспыливающая упрочняющая пропитка для бетона
полы и защита бетона;применение;пропитка для бетона 20м;3;пропитка для бетона 20м
полы и защита бетона;применение;пропитка для бетона монолит 20м;3;пропитка для бетона монолит 20м
полы и защита бетона;применение;пропитка для бетона типром;3;пропитка для бетона типром
полы и защита бетона;применение;монолит м пропитка для бетона;3;монолит м пропитка для бетона
полы и защита бетона;применение;полимерная пропитка для бетона;3;полимерная пропитка для бетона
полы и защита бетона;применение;гидроизоляция аэрозольная для бетона;2;гидроизоляция аэрозольная для бетона
полы и защита бетона;применение;пенетрон гидроизоляция для бетона способ применения;2;пенетрон гидроизоляция для бетона способ применения
полы и защита бетона;применение;акриловая гидроизоляция для бетона;2;акриловая гидроизоляция для бетона
полы и защита бетона;применение;жидкая проникающая гидроизоляция для бетона;2;жидкая проникающая гидроизоляция для бетона
полы и защита бетона;применение;рейтинг ремонтных смесей для бетона;2;рейтинг ремонтных смесей для бетона
полы и защита бетона;применение;ремонтная смесь для бетона фундамент;2;ремонтная смесь для бетона фундамент
полы и защита бетона;применение;мапей ремонтная смесь для бетона;2;мапей ремонтная смесь для бетона
полы и защита бетона;применение;cn 83 ремонтная смесь для бетона;2;cn 83 ремонтная смесь для бетона
полы и защита бетона;применение;мастер эмако ремонтная смесь для бетона;2;мастер эмако ремонтная смесь для бетона
полы и защита бетона;применение;полимерные ремонтные смеси для бетона;2;полимерные ремонтные смеси для бетона
полы и защита бетона;применение;ремонтная смесь для бетона быстротвердеющая;2;ремонтная смесь для бетона быстротвердеющая
полы и защита бетона;применение;ремонтная смесь для бетона церезит cn 83;2;ремонтная смесь для бетона церезит cn 83
полы и защита бетона;применение;ремонтная смесь для бетона эмако;2;ремонтная смесь для бетона эмако
полы и защита бетона;применение;скрепа ремонтная смесь для бетона сухая;2;скрепа ремонтная смесь для бетона сухая
полы и защита бетона;применение;церезит 83 ремонтная смесь для бетона;2;церезит 83 ремонтная смесь для бетона
полы и защита бетона;применение;ремонтная смесь для бетона наливной;2;ремонтная смесь для бетона наливной
полы и защита бетона;применение;озон смесь ремонтная для бетона;2;озон смесь ремонтная для бетона
полы и защита бетона;применение;качественная пропитка для бетона;2;качественная пропитка для бетона
полы и защита бетона;применение;защитные пропитки для бетона;2;защитные пропитки для бетона
полы и защита бетона;применение;красящая пропитка для бетона;2;красящая пропитка для бетона
полы и защита бетона;применение;пропитка для бетона монопол;2;пропитка для бетона монопол
полы и защита бетона;применение;пропитка для бетона серая;2;пропитка для бетона серая
полы и защита бетона;применение;силикатная пропитка для бетона;2;силикатная пропитка для бетона
полы и защита бетона;применение;пропитка для бетона жидкое стекло;2;пропитка для бетона жидкое стекло
полы и защита бетона;применение;колерованная пропитка для бетона;2;колерованная пропитка для бетона
полы и защита бетона;применение;пропитка для бетона после шлифовки;2;пропитка для бетона после шлифовки
полы и защита бетона;применение;аквастоун пропитка для бетона;2;аквастоун пропитка для бетона
полы и защита бетона;применение;ашфорд формула пропитка для бетона;2;ашфорд формула пропитка для бетона
полы и защита бетона;применение;декоративная пропитка для бетона;2;декоративная пропитка для бетона
полы и защита бетона;применение;пропитка ашфорд для бетона;2;пропитка ашфорд для бетона
полы и защита бетона;применение;пропитка для бетона формула;2;пропитка для бетона формула
полы и защита бетона;применение;пропитка протексил для бетона и бетонных полов;2;пропитка протексил для бетона и бетонных полов
полы и защита бетона;применение;монолит 20 м пропитка для бетона;2;монолит 20 м пропитка для бетона
полы и защита бетона;применение;пропитка для бетона монолит 20;2;пропитка для бетона монолит 20
полы и защита бетона;применение;пропитка для бетона мокрый камень;2;пропитка для бетона мокрый камень
полы и защита бетона;применение;пропитка для бетона с мокрым эффектом;2;пропитка для бетона с мокрым эффектом
полы и защита бетона;применение;пропитка для бетона с эффектом мокрого камня;2;пропитка для бетона с эффектом мокрого камня
полы и защита бетона;применение;пропитка для бетона водоотталкивающая наружных;2;пропитка для бетона водоотталкивающая наружных
полы и защита бетона;применение;пропитка для бетона водоотталкивающая наружных работ;2;пропитка для бетона водоотталкивающая наружных работ
полы и защита бетона;применение;гидроизолирующая пропитка для бетона;2;гидроизолирующая пропитка для бетона
полы и защита бетона;применение;проникающая пропитка для бетона;2;проникающая пропитка для бетона
полы и защита бетона;применение;грунтовка по бетону под плитку;2;грунтовка по бетону под плитку
полы и защита бетона;применение;толщина топпинга для бетонного пола;1;толщина топпинга для бетонного пола
полы и защита бетона;применение;упрочнитель топпинг для бетонных полов;1;упрочнитель топпинг для бетонных полов
полы и защита бетона;применение;упрочнитель топпинг для бетонных полов sika;1;упрочнитель топпинг для бетонных полов sika
полы и защита бетона;применение;консолит барс ремонтная смесь для бетона;1;консолит барс ремонтная смесь для бетона
полы и защита бетона;применение;консолит ремонтная смесь для бетона;1;консолит ремонтная смесь для бетона
полы и защита бетона;применение;ремонтная смесь для бетона r4;1;ремонтная смесь для бетона r4
полы и защита бетона;применение;ремонтная смесь для бетона барс;1;ремонтная смесь для бетона барс
полы и защита бетона;применение;рекс ремонтная смесь для бетона;1;рекс ремонтная смесь для бетона
полы и защита бетона;применение;ремонтная смесь для бетона rk;1;ремонтная смесь для бетона rk
полы и защита бетона;применение;флюатирующая пропитка для бетона;1;флюатирующая пропитка для бетона
полы и защита бетона;применение;флюатирующие пропитки для бетона;1;флюатирующие пропитки для бетона
полы и защита бетона;применение;monopol sealer 2e пропитка для бетона;1;monopol sealer 2e пропитка для бетона
полы и защита бетона;применение;водонепроницаемая пропитка для бетона;1;водонепроницаемая пропитка для бетона
полы и защита бетона;применение;мастер пол пропитка для бетона;1;мастер пол пропитка для бетона
полы и защита бетона;применение;пропитка для бетона monopol;1;пропитка для бетона monopol
полы и защита бетона;применение;пропитка для бетона refloor ac s200;1;пропитка для бетона refloor ac s200
полы и защита бетона;применение;пропитка для бетона sealer;1;пропитка для бетона sealer
полы и защита бетона;применение;пропитка для бетона бетостоун;1;пропитка для бетона бетостоун
полы и защита бетона;применение;пропитка для бетона мастер;1;пропитка для бетона мастер
полы и защита бетона;применение;пропитка для бетона под покраску;1;пропитка для бетона под покраску
полы и защита бетона;применение;пропитка для бетона расценка;1;пропитка для бетона расценка
полы и защита бетона;применение;пропитка для бетона расценка в смете;1;пропитка для бетона расценка в смете
полы и защита бетона;применение;пропитка химком гидрофобизатор для бетона;1;пропитка химком гидрофобизатор для бетона
полы и защита бетона;применение;пропитка для бетона от плесени и грибка;1;пропитка для бетона от плесени и грибка
полы и защита бетона;применение;пропитка от грибка для бетона;1;пропитка от грибка для бетона
полы и защита бетона;применение;протексил пропитка для бетона отзывы;1;протексил пропитка для бетона отзывы
полы и защита бетона;применение;самодельная пропитка для бетона;1;самодельная пропитка для бетона
полы и защита бетона;применение;обеспыливающая пропитка для бетона selkor betactol;1;обеспыливающая пропитка для бетона selkor betactol
полы и защита бетона;применение;пропитка для бетона selkor betactol;1;пропитка для бетона selkor betactol
полы и защита бетона;применение;эпоксидная пропитка для бетона;1;эпоксидная пропитка для бетона
полы и защита бетона;расчёт;расход грунтовки по бетону;12;расход грунтовки по бетону
полы и защита бетона;расчёт;самовыравнивающаяся смесь расход;10;самовыравнивающаяся смесь расход
полы и защита бетона;расчёт;расход гидроизоляции бетона;9;расход гидроизоляции бетона
полы и защита бетона;расчёт;расход грунтовки по бетону на 1м2;5;расход грунтовки по бетону на 1м2
полы и защита бетона;расчёт;грунтовка по бетону расход на 1 м2;4;грунтовка по бетону расход на 1 м2
полы и защита бетона;расчёт;самовыравнивающаяся смесь расход на м2;3;самовыравнивающаяся смесь расход на м2
полы и защита бетона;расчёт;расход самовыравнивающейся смеси на 1 м2;1;расход самовыравнивающейся смеси на 1 м2
полы и защита бетона;расчёт;сколько сохнет грунтовка по бетону;1;сколько сохнет грунтовка по бетону
полы и защита бетона;расчёт|применение;пенетрон гидроизоляция для бетона расход;6;пенетрон гидроизоляция для бетона расход
полы и защита бетона;расчёт|применение;пенетрон гидроизоляция для бетона проникающая расход;4;пенетрон гидроизоляция для бетона проникающая расход
полы и защита бетона;расчёт|применение;расход топпинга для бетонных полов;1;расход топпинга для бетонных полов
полы и защита бетона;расчёт|применение;пропитка для бетона расход;1;пропитка для бетона расход
полы и защита бетона;характеристики;гидроизоляция бетона на улице морозостойкая;18;гидроизоляция бетона на улице морозостойкая
полы и защита бетона;характеристики;гидроизоляция бетона на улице морозостойкая для наружных;18;гидроизоляция бетона на улице морозостойкая для наружных
полы и защита бетона;характеристики;состав для гидроизоляции бетона;11;состав для гидроизоляции бетона
полы и защита бетона;характеристики;проникающий состав для гидроизоляции бетона;9;проникающий состав для гидроизоляции бетона
полы и защита бетона;характеристики;состав двухкомпонентный эпоксидный самовыравнивающийся для покрытия пола;7;состав двухкомпонентный эпоксидный самовыравнивающийся для покрытия пола
полы и защита бетона;характеристики;пропитка для прочности бетона;4;пропитка для прочности бетона
полы и защита бетона;характеристики;виды гидроизоляции бетона;3;виды гидроизоляции бетона
полы и защита бетона;характеристики;грунтовка для наружных работ по бетону морозостойкая;2;грунтовка для наружных работ по бетону морозостойкая
полы и защита бетона;характеристики|применение;гидроизоляция для бетона морозостойкая;26;гидроизоляция для бетона морозостойкая
полы и защита бетона;характеристики|применение;морозостойкая ремонтная смесь для бетона;16;морозостойкая ремонтная смесь для бетона
полы и защита бетона;характеристики|применение;смесь ремонтная для бетона мбр500м морозостойкая 25кг;9;смесь ремонтная для бетона мбр500м морозостойкая 25кг
полы и защита бетона;характеристики|применение;влагостойкая пропитка для бетона;4;влагостойкая пропитка для бетона
полы и защита бетона;характеристики|применение;смесь ремонтная для бетона мбр 400 морозостойкая;3;смесь ремонтная для бетона мбр 400 морозостойкая
полы и защита бетона;характеристики|применение;пропитка для бетона виды;3;пропитка для бетона виды
полы и защита бетона;характеристики|применение;состав пропитки для бетона;2;состав пропитки для бетона
полы и защита бетона;характеристики|применение;ремонтная смесь для бетона состав;1;ремонтная смесь для бетона состав
прочее;;камни бортовые бр бв;66;камни бортовые бр бв
прочее;;фундаменты дорожных знаков;65;фундаменты дорожных знаков
прочее;;фундамент дорожного знака;65;фундамент дорожного знака
прочее;;камни бортовые бр в30;38;камни бортовые бр в30
прочее;;фундамент под дорожный знак;24;фундамент под дорожный знак
прочее;;гранитные плиты мощения;22;гранитные плиты мощения
прочее;;камни бортовые бр 100 20 8;11;камни бортовые бр 100 20 8
прочее;;гранитные плиты для мощения;8;гранитные плиты для мощения
прочее;;фундамент стойки знака дорожного;5;фундамент стойки знака дорожного
прочее;;фундамент ф1 под дорожные знаки;5;фундамент ф1 под дорожные знаки
прочее;;клей полиуретановый для тактильных полиуретановых плиток;5;клей полиуретановый для тактильных полиуретановых плиток
прочее;;серия фундаменты дорожных знаков;4;серия фундаменты дорожных знаков
прочее;;фундаменты дорожных знаков ф 1;4;фундаменты дорожных знаков ф 1
прочее;;фундамент опор дорожных знаков;3;фундамент опор дорожных знаков
прочее;;фундамент под стойку дорожного знака;3;фундамент под стойку дорожного знака
прочее;;фундамент ф2 под дорожные знаки;3;фундамент ф2 под дорожные знаки
прочее;;фото тактильных плиток;3;фото тактильных плиток
прочее;;гранитные плиты для мощения дорожек;3;гранитные плиты для мощения дорожек
прочее;;крышки на колодец для воды;2;крышки на колодец для воды
прочее;;ф 1 фундамент под дорожные знаки;2;ф 1 фундамент под дорожные знаки
прочее;;фундамент под дорожный знак ф;2;фундамент под дорожный знак ф
прочее;;фундамент ф2 под стойки дорожных знаков;2;фундамент ф2 под стойки дорожных знаков
прочее;;фундамент ф2 для дорожных знаков;2;фундамент ф2 для дорожных знаков
прочее;;плиты гранитные для мощения тротуара;2;плиты гранитные для мощения тротуара
прочее;;фундамент дорожного знака ф2 5;1;фундамент дорожного знака ф2 5
прочее;;фундамент под дорожный знак серия;1;фундамент под дорожный знак серия
прочее;;фундаменты ф1 для дорожных знаков;1;фундаменты ф1 для дорожных знаков
прочее;;камни бортовые бр 300.30 18;1;камни бортовые бр 300.30 18
прочее;как сделать;установка дорожных знаков фундамент;4;установка дорожных знаков фундамент
прочее;как сделать;установка бортового камня бр 100.20 8;2;установка бортового камня бр 100.20 8
прочее;как сделать;устройство бортового камня бр;1;устройство бортового камня бр
прочее;как сделать;устройство бортового камня бр 100.30 15;1;устройство бортового камня бр 100.30 15
прочее;коммерческий;м3 бортового камня бр 100.30 15;18;м3 бортового камня бр 100.30 15
прочее;коммерческий;стоимость бортового камня бр 100.20 8;8;стоимость бортового камня бр 100.20 8
прочее;коммерческий;камни бортовые бр 100.30 15 цена;5;камни бортовые бр 100.30 15 цена
прочее;коммерческий;фундамент для дорожных знаков купить;2;фундамент для дорожных знаков купить
прочее;коммерческий;фундамент под дорожный знак купить;1;фундамент под дорожный знак купить
прочее;коммерческий;стоимость бортового камня бр 100.30 15;1;стоимость бортового камня бр 100.30 15
прочее;коммерческий;камни бортовые бр 22.5 м300;1;камни бортовые бр 22.5 м300
прочее;расчёт;объем бортового камня бр 100.30 15;24;объем бортового камня бр 100.30 15
прочее;расчёт;объем бортового камня бр 100.20 8;24;объем бортового камня бр 100.20 8
прочее;расчёт;объем бортового камня бр 100.30 18;14;объем бортового камня бр 100.30 18
прочее;расчёт;вес бортового камня бр 100.30 15;8;вес бортового камня бр 100.30 15
прочее;расчёт;вес бортового камня бр 100.20 8;7;вес бортового камня бр 100.20 8
прочее;расчёт;вес перемычек пб;5;вес перемычек пб
прочее;расчёт;объем перемычек пб;1;объем перемычек пб
прочее;характеристики;марки бортовых камней бр;79;марки бортовых камней бр
прочее;характеристики;камни бортовые марки бр бв;64;камни бортовые марки бр бв
прочее;характеристики;камни бортовые бр гост;42;камни бортовые бр гост
прочее;характеристики;размер колодезных колец кс;5;размер колодезных колец кс
прочее;характеристики;фундамент дорожных знаков гост;1;фундамент дорожных знаков гост
прочее жби;;опоры св;388;опоры св
прочее жби;;опора св;388;опора св
прочее жби;;жби изделия;307;жби изделия
прочее жби;;5 кубов бетона;177;5 кубов бетона
прочее жби;;опоры лэп деревянные;138;опоры лэп деревянные / деревянные опоры лэп
прочее жби;;опора св 110;132;опора св 110
прочее жби;;перемычки пб;111;перемычки пб
прочее жби;;опора св 95;103;опора св 95
прочее жби;;10 кубов бетона;91;10 кубов бетона
прочее жби;;опора св 5;88;опора св 5
прочее жби;;6 кубов бетона;86;6 кубов бетона
прочее жби;;опора св 110 5;72;опора св 110 5
прочее жби;;перемычка пгс;61;перемычка пгс
прочее жби;;50 кубов бетона;61;50 кубов бетона
прочее жби;;стойки опор св;58;стойки опор св
прочее жби;;500 кубов бетона;57;500 кубов бетона
прочее жби;;12 кубов бетона;56;12 кубов бетона
прочее жби;;опора св 3;53;опора св 3
прочее жби;;утяжелители убо;48;утяжелители убо
прочее жби;;диаметр жби колец;47;диаметр жби колец
прочее жби;;опора веста св;47;опора веста св
прочее жби;;200 кубов бетона;47;200 кубов бетона
прочее жби;;миксер бетон 5 кубов;44;миксер бетон 5 кубов
прочее жби;;грунтовка по бетону глубокого;39;грунтовка по бетону глубокого
прочее жби;;грунтовка по бетону глубокого проникновения;39;грунтовка по бетону глубокого проникновения
прочее жби;;перемычка пгс 50;36;перемычка пгс 50
прочее жби;;стойка опоры св 110;34;стойка опоры св 110
прочее жби;;перемычка пб 1;33;перемычка пб 1
прочее жби;;опора св 95 3;33;опора св 95 3
прочее жби;;опоры железобетонные св;31;опоры железобетонные св
прочее жби;;опора св 105;31;опора св 105
прочее жби;;перемычка гибкая пгс;29;перемычка гибкая пгс
прочее жби;;ж б опоры св;29;ж б опоры св
прочее жби;;производство жби колец;27;производство жби колец
прочее жби;;стойка опора св 110 5;27;стойка опора св 110 5
прочее жби;;завод жби изделий;26;завод жби изделий
прочее жби;;перемычки гибкие пгс 50;25;перемычки гибкие пгс 50
прочее жби;;опоры лэп св;25;опоры лэп св
прочее жби;;перемычка пгс 900;23;перемычка пгс 900
прочее жби;;перемычка пб 13;23;перемычка пб 13
прочее жби;;опора св 164;22;опора св 164
прочее жби;;ж б опоры св 110;21;ж б опоры св 110
прочее жби;;типы опор св;20;типы опор св
прочее жби;;опора лэп 9 5 метров деревянная;20;опора лэп 9 5 метров деревянная
прочее жби;;опора лэп св 110 5;19;опора лэп св 110 5
прочее жби;;опоры лэп св 110;19;опоры лэп св 110
прочее жби;;опоры лада веста св кросс;18;опоры лада веста св кросс
прочее жби;;перемычка 2 пб;17;перемычка 2 пб
прочее жби;;опоры лэп жби;17;опоры лэп жби
прочее жби;;опора лэп жби;17;опора лэп жби
прочее жби;;щебень 5 20 10 кубов;16;щебень 5 20 10 кубов
прочее жби;;опора св 2;16;опора св 2
прочее жби;;перемычка 1 пб 13 1;15;перемычка 1 пб 13 1
прочее жби;;опора св 95 2;15;опора св 95 2
прочее жби;;опора св 110 3;15;опора св 110 3
прочее жби;;опора св 105 5;15;опора св 105 5
прочее жби;;10 кубов щебня 20 40;14;10 кубов щебня 20 40
прочее жби;;перемычки 3 пб;14;перемычки 3 пб
прочее жби;;опора железобетонная св 95;14;опора железобетонная св 95
прочее жби;;самый лучшее средство обработки жби колец септик;13;самый лучшее средство обработки жби колец септик
прочее жби;;брусковые перемычки пб;13;брусковые перемычки пб
прочее жби;;опора св 110 3 5;13;опора св 110 3 5
прочее жби;;стойки опор лэп св;13;стойки опор лэп св
прочее жби;;шаровая опора веста св кросс;12;шаровая опора веста св кросс
прочее жби;;шаровая опора св кросс;12;шаровая опора св кросс
прочее жби;;щебень 20 40 5 кубов;11;щебень 20 40 5 кубов
прочее жби;;жби бетонные изделия;11;жби бетонные изделия
прочее жби;;стойка опоры лэп св 110;11;стойка опоры лэп св 110
прочее жби;;опоры св 95 110;11;опоры св 95 110
прочее жби;;веста кросс св опора двигателя;11;веста кросс св опора двигателя
прочее жби;;бутил каучуковая мастика промеж жби колец;10;бутил каучуковая мастика промеж жби колец
прочее жби;;утяжелитель убо 720;10;утяжелитель убо 720
прочее жби;;стойка опоры св 110 3;10;стойка опоры св 110 3
прочее жби;;опоры лэп деревянные пропитанные;10;опоры лэп деревянные пропитанные
прочее жби;;бетон миксер 6 кубов;10;бетон миксер 6 кубов
прочее жби;;ступени жби;9;ступени жби
прочее жби;;перемычка 2 пб 13 1;9;перемычка 2 пб 13 1
прочее жби;;опора св 12;9;опора св 12
прочее жби;;опора св 164 12;9;опора св 164 12
прочее жби;;стойка опоры св 164;9;стойка опоры св 164
прочее жби;;стойка опоры св 164 12;9;стойка опоры св 164 12
прочее жби;;опора св 105 3;9;опора св 105 3
прочее жби;;опора стойки веста св кросс;9;опора стойки веста св кросс
прочее жби;;опора стойки лада веста св кросс;9;опора стойки лада веста св кросс
прочее жби;;опора св 95 5;9;опора св 95 5
прочее жби;;высота жби колец для канализации;8;высота жби колец для канализации
прочее жби;;оборудование для жби колец;8;оборудование для жби колец
прочее жби;;оборудование для производства жби колец;8;оборудование для производства жби колец
прочее жби;;лестничные марши жби;8;лестничные марши жби
прочее жби;;лестничный марш жби;8;лестничный марш жби
прочее жби;;утяжелители убо 1020;8;утяжелители убо 1020
прочее жби;;утяжелитель убо 1420;8;утяжелитель убо 1420
прочее жби;;утяжелитель убо ум;8;утяжелитель убо ум
прочее жби;;перемычка 1 пб 16 1;8;перемычка 1 пб 16 1
прочее жби;;перемычка 8 пб;8;перемычка 8 пб
прочее жби;;стойка опоры св 110 3 5;8;стойка опоры св 110 3 5
прочее жби;;опора железобетонная св 110;8;опора железобетонная св 110
прочее жби;;опора св 6;8;опора св 6
прочее жби;;опора передней стойки веста кросс св;8;опора передней стойки веста кросс св
прочее жби;;опора передней стойки веста св;8;опора передней стойки веста св
прочее жби;;опора передней стойки лада веста св;8;опора передней стойки лада веста св
прочее жби;;опора передней стойки лада веста св кросс;8;опора передней стойки лада веста св кросс
прочее жби;;передние опоры лада веста св кросс;8;передние опоры лада веста св кросс
прочее жби;;производство жби изделий;7;производство жби изделий
прочее жби;;горловина жби колец;7;горловина жби колец
прочее жби;;опора амортизатора веста св кросс;7;опора амортизатора веста св кросс
прочее жби;;св 110 5 стойки опоры для лэп;7;св 110 5 стойки опоры для лэп
прочее жби;;опора типа св 110;7;опора типа св 110
прочее жби;;опора лэп св 95;7;опора лэп св 95
прочее жби;;опоры жб св;7;опоры жб св
прочее жби;;опоры лэп жби астрахань;7;опоры лэп жби астрахань
прочее жби;;утяжелитель убо ум 1420;6;утяжелитель убо ум 1420
прочее жби;;перемычки бп;6;перемычки бп
прочее жби;;шаровая опора лада веста св;6;шаровая опора лада веста св
прочее жби;;шаровые опоры лада веста св кросс;6;шаровые опоры лада веста св кросс
прочее жби;;опора св 22;6;опора св 22
прочее жби;;жби опоры св;6;жби опоры св
прочее жби;;грунтовка по бетону глубокого проникновения для пола;6;грунтовка по бетону глубокого проникновения для пола
прочее жби;;деревянная опора лэп в жб кольце;6;деревянная опора лэп в жб кольце
прочее жби;;щебень 5 20 5 кубов фото;5;щебень 5 20 5 кубов фото
прочее жби;;гранитный и кубовидный отсев;5;гранитный и кубовидный отсев
прочее жби;;убо утяжелители железобетонные;5;убо утяжелители железобетонные
прочее жби;;перемычки пб серия;5;перемычки пб серия
прочее жби;;перемычка 1 пб 10 1;5;перемычка 1 пб 10 1
прочее жби;;перемычки 10 пб;5;перемычки 10 пб
прочее жби;;опора железобетонная св 164 12;5;опора железобетонная св 164 12
прочее жби;;опора освещения св;5;опора освещения св
прочее жби;;опоры серии св;5;опоры серии св
прочее жби;;производители опор св;5;производители опор св
прочее жби;;опора св 95 3 5;5;опора св 95 3 5
прочее жби;;опора типа св 95;5;опора типа св 95
прочее жби;;опоры железобетонные св 95 3;5;опоры железобетонные св 95 3
прочее жби;;передние опоры амортизаторов веста св;5;передние опоры амортизаторов веста св
прочее жби;;бетонные ступени железобетонные;5;бетонные ступени железобетонные
прочее жби;;деревянная опора лэп 10 кв;5;деревянная опора лэп 10 кв
прочее жби;;6 кубов щебня 5 20;4;6 кубов щебня 5 20
прочее жби;;изготовление жби изделий;4;изготовление жби изделий
прочее жби;;железобетонные изделия жби;4;железобетонные изделия жби
прочее жби;;фундамент железобетонный дорожных знаков;4;фундамент железобетонный дорожных знаков
прочее жби;;прогоны жби;4;прогоны жби
прочее жби;;перемычка железобетонная брусковая пб;4;перемычка железобетонная брусковая пб
прочее жби;;перемычки железобетонные пб;4;перемычки железобетонные пб
прочее жби;;перемычка пб 18;4;перемычка пб 18
прочее жби;;перемычка 4 пб;4;перемычка 4 пб
прочее жби;;перемычка пб 22;4;перемычка пб 22
прочее жби;;перемычки пб серия 1.038 1 1;4;перемычки пб серия 1.038 1 1
прочее жби;;перемычка 2 пб 13 1 п;4;перемычка 2 пб 13 1 п
прочее жби;;опора св 100;4;опора св 100
прочее жби;;опора ж б св 95;4;опора ж б св 95
прочее жби;;бетонная опора св;4;бетонная опора св
прочее жби;;железобетонная опора св 5;4;железобетонная опора св 5
прочее жби;;опора железобетонная св 110 5;4;опора железобетонная св 110 5
прочее жби;;анкерная опора св;4;анкерная опора св
прочее жби;;опора вл св 110;4;опора вл св 110
прочее жби;;опора освещения св 110;4;опора освещения св 110
прочее жби;;опора освещения св 110 5;4;опора освещения св 110 5
прочее жби;;опора освещения св 95;4;опора освещения св 95
прочее жби;;опора освещения св 95 3;4;опора освещения св 95 3
прочее жби;;опора св 105 3 5;4;опора св 105 3 5
прочее жби;;стойка опоры св 105;4;стойка опоры св 105
прочее жби;;опора св 105 3 6;4;опора св 105 3 6
прочее жби;;замена шаровой опоры веста св кросс;4;замена шаровой опоры веста св кросс
прочее жби;;замена шаровой опоры лада веста св кросс;4;замена шаровой опоры лада веста св кросс
прочее жби;;бетонная перемычка для забора;4;бетонная перемычка для забора
прочее жби;;антигрибковая грунтовка глубокого проникновения по бетону;4;антигрибковая грунтовка глубокого проникновения по бетону
прочее жби;;завод железобетонных изделий завод жби;3;завод железобетонных изделий завод жби
прочее жби;;паспорт жби изделия;3;паспорт жби изделия
прочее жби;;жби изделия плиты;3;жби изделия плиты
прочее жби;;жби изделия казань;3;жби изделия казань
прочее жби;;жби изделия москва;3;жби изделия москва
прочее жби;;чертеж жби изделия;3;чертеж жби изделия
прочее жби;;формовщик жби изделий;3;формовщик жби изделий
прочее жби;;ступени для лестницы жби;3;ступени для лестницы жби
прочее жби;;перемычка 3 пб 13 37;3;перемычка 3 пб 13 37
прочее жби;;перемычка пб 13 37;3;перемычка пб 13 37
прочее жби;;нижняя опора веста св кросс;3;нижняя опора веста св кросс
прочее жби;;опора ж б св 110 5;3;опора ж б св 110 5
прочее жби;;длина опоры св;3;длина опоры св
прочее жби;;длина опоры св 110;3;длина опоры св 110
прочее жби;;масса опоры св 110;3;масса опоры св 110
прочее жби;;опора св 164 20;3;опора св 164 20
прочее жби;;опора ж б св 105;3;опора ж б св 105
прочее жби;;опора лэп св 95 2;3;опора лэп св 95 2
прочее жби;;стойка опора св 95 3;3;стойка опора св 95 3
прочее жби;;стойка опора св 95 5;3;стойка опора св 95 5
прочее жби;;стойка опоры св 95 3 5;3;стойка опоры св 95 3 5
прочее жби;;стойки опор св 95;3;стойки опор св 95
прочее жби;;св 9 опора;3;св 9 опора
прочее жби;;опоры бетонные св 95;3;опоры бетонные св 95
прочее жби;;опора жб св 110;3;опора жб св 110
прочее жби;;опоры лэп железобетонные св;3;опоры лэп железобетонные св
прочее жби;;утилизация жби изделий;2;утилизация жби изделий
прочее жби;;жби изделия красноярск;2;жби изделия красноярск
прочее жби;;жби изделия фото;2;жби изделия фото
прочее жби;;производители жби изделий;2;производители жби изделий
прочее жби;;жби изделия на карте;2;жби изделия на карте
прочее жби;;запуск бп перемычкой;2;запуск бп перемычкой
прочее жби;;перемычка 2 пб 16 2;2;перемычка 2 пб 16 2
прочее жби;;перемычка 2 пб 17 2;2;перемычка 2 пб 17 2
прочее жби;;перемычка 2 пб 17 3;2;перемычка 2 пб 17 3
прочее жби;;перемычка 2 пб 22 3;2;перемычка 2 пб 22 3
прочее жби;;перемычка 3 пб 18 37;2;перемычка 3 пб 18 37
прочее жби;;перемычка пб 18 37;2;перемычка пб 18 37
прочее жби;;перемычки 3 пб 18;2;перемычки 3 пб 18
прочее жби;;перемычки пб 5;2;перемычки пб 5
прочее жби;;перемычка 3 пб 16 37;2;перемычка 3 пб 16 37
прочее жби;;перемычки пб 16 37;2;перемычки пб 16 37
прочее жби;;перемычка пб 19;2;перемычка пб 19
прочее жби;;перемычка пб 19 3;2;перемычка пб 19 3
прочее жби;;перемычка 2 пб 10 1;2;перемычка 2 пб 10 1
прочее жби;;опора двигателя веста св кросс 1.8;2;опора двигателя веста св кросс 1.8
прочее жби;;опоры двигателя веста 1.8 св;2;опоры двигателя веста 1.8 св
прочее жби;;опора св 95 3с;2;опора св 95 3с
прочее жби;;шаровая опора веста св кросс 1.8;2;шаровая опора веста св кросс 1.8
прочее жби;;опора ж б св 95 2;2;опора ж б св 95 2
прочее жби;;анкерная опора св 110;2;анкерная опора св 110
прочее жби;;опора амортизатора лада веста св кросс;2;опора амортизатора лада веста св кросс
прочее жби;;опора жб св 95;2;опора жб св 95
прочее жби;;опора св 1;2;опора св 1
прочее жби;;опора св 1 5;2;опора св 1 5
прочее жби;;опора св 110 1;2;опора св 110 1
прочее жби;;св 95 диаметр опоры;2;св 95 диаметр опоры
прочее жби;;заземление опоры св;2;заземление опоры св
прочее жби;;опора св 95 заземление;2;опора св 95 заземление
прочее жби;;опора св 10;2;опора св 10
прочее жби;;шаровая опора на весту св;2;шаровая опора на весту св
прочее жби;;железобетонная опора св 95 5;2;железобетонная опора св 95 5
прочее жби;;опоры лэп железобетонные св 95;2;опоры лэп железобетонные св 95
прочее жби;;камни железобетонные бортовые бр 300.45 18;2;камни железобетонные бортовые бр 300.45 18
прочее жби;;вентиляционные блоки жби;2;вентиляционные блоки жби
прочее жби;;вентиляционный блок жби;2;вентиляционный блок жби
прочее жби;;деревянные опоры лэп 9.5;2;деревянные опоры лэп 9.5
прочее жби;;высота деревянной опоры лэп;2;высота деревянной опоры лэп
прочее жби;;требования к деревянным опорам лэп;2;требования к деревянным опорам лэп
прочее жби;;завод по производству жби изделий;1;завод по производству жби изделий
прочее жби;;жби изделия новосибирск;1;жби изделия новосибирск
прочее жби;;паспорт качества на жби изделия;1;паспорт качества на жби изделия
прочее жби;;сайты жби изделий;1;сайты жби изделий
прочее жби;;самые востребованные жби изделия;1;самые востребованные жби изделия
прочее жби;;жби изделия пермь;1;жби изделия пермь
прочее жби;;переработка жби изделий;1;переработка жби изделий
прочее жби;;железобетонный утяжелитель типа убо;1;железобетонный утяжелитель типа убо
прочее жби;;утяжелители железобетонные охватывающего типа убо;1;утяжелители железобетонные охватывающего типа убо
прочее жби;;утяжелители охватывающего типа убо;1;утяжелители охватывающего типа убо
прочее жби;;утяжелители типа убо;1;утяжелители типа убо
прочее жби;;утяжелитель железобетонный охватывающий убо;1;утяжелитель железобетонный охватывающий убо
прочее жби;;утяжелитель сборный железобетонный убо;1;утяжелитель сборный железобетонный убо
прочее жби;;запустить бп перемычкой;1;запустить бп перемычкой
прочее жби;;перемычка бп компьютера;1;перемычка бп компьютера
прочее жби;;запуск бп компа перемычкой;1;запуск бп компа перемычкой
прочее жби;;перемычки пб 13 1п;1;перемычки пб 13 1п
прочее жби;;перемычка 5 пб 25 37;1;перемычка 5 пб 25 37
прочее жби;;опора бетонная св 110;1;опора бетонная св 110
прочее жби;;опора железобетонная св 164 20;1;опора железобетонная св 164 20
прочее жби;;опора св 130;1;опора св 130
прочее жби;;длина опоры св 95;1;длина опоры св 95
прочее жби;;жб опора св 110 5;1;жб опора св 110 5
прочее жби;;железобетонная опора св 105;1;железобетонная опора св 105
прочее жби;;опора жб св 95 3;1;опора жб св 95 3
прочее жби;;опора св 1 2;1;опора св 1 2
прочее жби;;опора св 110 3.5;1;опора св 110 3.5
прочее жби;;опора св 95 1;1;опора св 95 1
прочее жби;;опора св завод;1;опора св завод
прочее жби;;опоры жб св 95 2;1;опоры жб св 95 2
прочее жби;;опоры св 110 2;1;опоры св 110 2
прочее жби;;опоры св расшифровка;1;опоры св расшифровка
прочее жби;;опоры св фото;1;опоры св фото
прочее жби;;шаровая опора лада веста св кросс артикул;1;шаровая опора лада веста св кросс артикул
прочее жби;;опора св 9 5;1;опора св 9 5
прочее жби;;опора св 95 20;1;опора св 95 20
прочее жби;;опора св сертификат;1;опора св сертификат
прочее жби;;камни железобетонные бортовые бр 300.30 15;1;камни железобетонные бортовые бр 300.30 15
прочее жби;;деревянная опора лэп 11 м;1;деревянная опора лэп 11 м
прочее жби;;деревянная опора лэп красноярск;1;деревянная опора лэп красноярск
прочее жби;;деревянные опоры лэп 11;1;деревянные опоры лэп 11
прочее жби;;столбы опоры лэп деревянные;1;столбы опоры лэп деревянные
прочее жби;выбор;какие изделия для жби;2;какие изделия для жби
прочее жби;выбор|характеристики;какие размеры колец жби;8;какие размеры колец жби
прочее жби;гео;жби изделия екатеринбург;36;жби изделия екатеринбург
прочее жби;гео;опора св 95 3 екатеринбург;13;опора св 95 3 екатеринбург
прочее жби;гео;деревянные опоры лэп екатеринбург;13;деревянные опоры лэп екатеринбург
прочее жби;гео;опора св 95 3 екатеринбург элект строй;7;опора св 95 3 екатеринбург элект строй
прочее жби;гео;ревда жби изделия;5;ревда жби изделия
прочее жби;гео;деревянные опоры лэп нижний тагил;5;деревянные опоры лэп нижний тагил
прочее жби;как сделать;установка жби колец;21;установка жби колец
прочее жби;как сделать;установка жби колец под канализацию;9;установка жби колец под канализацию
прочее жби;как сделать;установка опор св;8;установка опор св
прочее жби;как сделать;как собрать горловину жби колец на 700;6;как собрать горловину жби колец на 700
прочее жби;как сделать;установка опоры св 95;3;установка опоры св 95
прочее жби;как сделать;опора св 110 установка;3;опора св 110 установка
прочее жби;как сделать;схема опор св 110;2;схема опор св 110
прочее жби;как сделать;монтаж опор св 110;2;монтаж опор св 110
прочее жби;как сделать;монтаж опоры св;2;монтаж опоры св
прочее жби;как сделать;как запустить бп компьютера перемычкой;1;как запустить бп компьютера перемычкой
прочее жби;как сделать;опора св 110 5 установка;1;опора св 110 5 установка
прочее жби;как сделать;демонтаж деревянной опоры лэп;1;демонтаж деревянной опоры лэп
прочее жби;как сделать;деревянная опора лэп установка;1;деревянная опора лэп установка
прочее жби;коммерческий;жби изделия купить;36;жби изделия купить
прочее жби;коммерческий;опора св купить;29;опора св купить
прочее жби;коммерческий;опора св цена;28;опора св цена
прочее жби;коммерческий;опора св 110 цена;23;опора св 110 цена
прочее жби;коммерческий;деревянные опоры лэп купить;19;деревянные опоры лэп купить
прочее жби;коммерческий;купить форму для жби колец;18;купить форму для жби колец
прочее жби;коммерческий;б у жби изделия купить;13;б у жби изделия купить
прочее жби;коммерческий;купить перемычку из полистиролбетона;12;купить перемычку из полистиролбетона
прочее жби;коммерческий;ж б опора св 110 цена;11;ж б опора св 110 цена
прочее жби;коммерческий;опора св 110 купить;11;опора св 110 купить
прочее жби;коммерческий;опора св 110 5 купить;9;опора св 110 5 купить
прочее жби;коммерческий;продажа жби изделий;8;продажа жби изделий
прочее жби;коммерческий;опоры лэп св купить;8;опоры лэп св купить
прочее жби;коммерческий;опора св 95 купить;7;опора св 95 купить
прочее жби;коммерческий;цена миксера бетона 6 кубов;6;цена миксера бетона 6 кубов
прочее жби;коммерческий;жби изделия купить в челябинской области;5;жби изделия купить в челябинской области
прочее жби;коммерческий;доставка жби колец;5;доставка жби колец
прочее жби;коммерческий;купить жби ступени;5;купить жби ступени
прочее жби;коммерческий;купить опору лэп жби;5;купить опору лэп жби
прочее жби;коммерческий;цена миксера бетона 12 кубов;5;цена миксера бетона 12 кубов
прочее жби;коммерческий;опора св 110 3 5 цена;4;опора св 110 3 5 цена
прочее жби;коммерческий;опора св 110 3 цена;4;опора св 110 3 цена
прочее жби;коммерческий;опора св 110 5 цена;4;опора св 110 5 цена
прочее жби;коммерческий;стойка опоры св 110 5 цена;4;стойка опоры св 110 5 цена
прочее жби;коммерческий;купить опору св 105;4;купить опору св 105
прочее жби;коммерческий;опора св 105 5 купить;4;опора св 105 5 купить
прочее жби;коммерческий;купить опоры св кросс веста;4;купить опоры св кросс веста
прочее жби;коммерческий;опоры передних стоек веста св кросс купить;4;опоры передних стоек веста св кросс купить
прочее жби;коммерческий;опора св 95 м3;3;опора св 95 м3
прочее жби;коммерческий;опора св 95 цена;3;опора св 95 цена
прочее жби;коммерческий;кубометр бетона м300;3;кубометр бетона м300
прочее жби;коммерческий;прайс на жби изделия;2;прайс на жби изделия
прочее жби;коммерческий;лестничный марш жби цена;2;лестничный марш жби цена
прочее жби;коммерческий;опоры железобетонные св купить;2;опоры железобетонные св купить
прочее жби;коммерческий;деревянная опора лэп цена;2;деревянная опора лэп цена
прочее жби;коммерческий;купить опоры деревянные 9.5 пропитанные для лэп;2;купить опоры деревянные 9.5 пропитанные для лэп
прочее жби;коммерческий;опора лэп деревянная пропитанная купить;2;опора лэп деревянная пропитанная купить
прочее жби;коммерческий;перемычки пб цена;1;перемычки пб цена
прочее жби;коммерческий;перемычки пб купить;1;перемычки пб купить
прочее жби;коммерческий;опора железобетонная св 110 цена;1;опора железобетонная св 110 цена
прочее жби;коммерческий;опора железобетонная св 95 цена;1;опора железобетонная св 95 цена
прочее жби;коммерческий;купить грунтовку глубокого проникновения по бетону;1;купить грунтовку глубокого проникновения по бетону
прочее жби;коммерческий|гео;купить формы для жби колец свердловская область;9;купить формы для жби колец свердловская область
прочее жби;коммерческий|гео;перемычки из полистиролбетона купить в екатеринбурге;8;перемычки из полистиролбетона купить в екатеринбурге
прочее жби;коммерческий|гео;купить жби опоры нижний тагил св 95;5;купить жби опоры нижний тагил св 95
прочее жби;коммерческий|применение;гидроизоляция глубокого проникновения для бетона купить;27;гидроизоляция глубокого проникновения для бетона купить
прочее жби;коммерческий|применение;глубокая пропитка для бетона купить;11;глубокая пропитка для бетона купить
прочее жби;коммерческий|применение;пропитки для бетона глубокого проникновения купить;11;пропитки для бетона глубокого проникновения купить
прочее жби;коммерческий|расчёт;доставка бетона сколько кубов в миксере;56;доставка бетона сколько кубов в миксере
прочее жби;коммерческий|расчёт;бетон миксер сколько кубов цена;8;бетон миксер сколько кубов цена
прочее жби;коммерческий|характеристики;лестничный марш жби размеры и цена;2;лестничный марш жби размеры и цена
прочее жби;применение;глубокая пропитка для бетона;102;глубокая пропитка для бетона
прочее жби;применение;пропитка для бетона глубокого проникновения;100;пропитка для бетона глубокого проникновения
прочее жби;применение;гидроизоляция глубокого проникновения для бетона;50;гидроизоляция глубокого проникновения для бетона
прочее жби;применение;гидроизоляция для бетона глубокого;50;гидроизоляция для бетона глубокого
прочее жби;применение;глубокая пропитка для бетона укрепляющая;44;глубокая пропитка для бетона укрепляющая
прочее жби;применение;укрепляющие пропитки для бетона глубокого проникновения;42;укрепляющие пропитки для бетона глубокого проникновения
прочее жби;применение;гидроизоляция для бетона глубокого проникновения от влаги;29;гидроизоляция для бетона глубокого проникновения от влаги
прочее жби;применение;пропитка для бетона глубокого проникновения от влаги;18;пропитка для бетона глубокого проникновения от влаги
прочее жби;применение;пропитка для бетона глубокого проникновения укрепляющая уличная;16;пропитка для бетона глубокого проникновения укрепляющая уличная
прочее жби;применение;пропитка для бетона глубокого проникновения номер 5;10;пропитка для бетона глубокого проникновения номер 5
прочее жби;применение;для чего два ряда колец жби септик;7;для чего два ряда колец жби септик
прочее жби;применение;ремонтные смеси для бетона и железобетона;5;ремонтные смеси для бетона и железобетона
прочее жби;применение;водоотталкивающая пропитка для бетона глубокого проникновения;5;водоотталкивающая пропитка для бетона глубокого проникновения
прочее жби;применение;глубокая водоотталкивающая пропитка для бетона;5;глубокая водоотталкивающая пропитка для бетона
прочее жби;применение;миксер для бетона 10 кубов;5;миксер для бетона 10 кубов
прочее жби;применение;гидрофобная пропитка для бетона глубокого;4;гидрофобная пропитка для бетона глубокого
прочее жби;применение;гидрофобная пропитка для бетона глубокого проникновения;4;гидрофобная пропитка для бетона глубокого проникновения
прочее жби;применение;гидроизоляционная пропитка для бетона глубокого проникновения;2;гидроизоляционная пропитка для бетона глубокого проникновения
прочее жби;применение;силикатная пропитка для бетона глубокого проникновения;2;силикатная пропитка для бетона глубокого проникновения
прочее жби;применение;упрочняющая пропитка для бетона глубокого проникновения;2;упрочняющая пропитка для бетона глубокого проникновения
прочее жби;применение;пропитки для бетона глубокого проникновения водозащитные;2;пропитки для бетона глубокого проникновения водозащитные
прочее жби;применение;гидроизолирующая пропитка для бетона глубокого проникновения;2;гидроизолирующая пропитка для бетона глубокого проникновения
прочее жби;расчёт;сколько кубов бетона нужно;758;сколько кубов бетона нужно
прочее жби;расчёт;сколько кубов бетона надо;341;сколько кубов бетона надо
прочее жби;расчёт;сколько кубов бетона фундамент;274;сколько кубов бетона фундамент
прочее жби;расчёт;калькулятор кубов бетона;145;калькулятор кубов бетона
прочее жби;расчёт;сколько кубов в щебне 20 40;144;сколько кубов в щебне 20 40
прочее жби;расчёт;сколько кубов бетона в миксере;135;сколько кубов бетона в миксере
прочее жби;расчёт;кубов в тонне щебня 20 40;112;кубов в тонне щебня 20 40
прочее жби;расчёт;расчет кубов бетона;99;расчет кубов бетона
прочее жби;расчёт;щебень 20 40 сколько кубов в тонне;98;щебень 20 40 сколько кубов в тонне
прочее жби;расчёт;сколько стоит 5 кубов бетона;58;сколько стоит 5 кубов бетона
прочее жби;расчёт;сколько кубов бетона нужно на фундамент;56;сколько кубов бетона нужно на фундамент
прочее жби;расчёт;сколько кубов в тонне щебня 5 20;53;сколько кубов в тонне щебня 5 20
прочее жби;расчёт;вес колец жби;48;вес колец жби
прочее жби;расчёт;сколько стоит миксер бетона 5 кубов;33;сколько стоит миксер бетона 5 кубов
прочее жби;расчёт;1 тонна щебня 20 40 сколько кубов;25;1 тонна щебня 20 40 сколько кубов
прочее жби;расчёт;сколько кубов в щебне 40 70;25;сколько кубов в щебне 40 70
прочее жби;расчёт;вес опоры св;25;вес опоры св
прочее жби;расчёт;сколько кубов бетона в миксере камаза;17;сколько кубов бетона в миксере камаза
прочее жби;расчёт;сколько кубов в тонне песка речного;16;сколько кубов в тонне песка речного
прочее жби;расчёт;опора св 110 вес;12;опора св 110 вес
прочее жби;расчёт;сколько в камазе кубов щебня 20 40;9;сколько в камазе кубов щебня 20 40
прочее жби;расчёт;сколько кубов в тонне щебня 40 70;9;сколько кубов в тонне щебня 40 70
прочее жби;расчёт;сколько кубов бетона в бетономешалке миксер;8;сколько кубов бетона в бетономешалке миксер
прочее жби;расчёт;сколько кубов в бетономешалке камаз миксер бетона;8;сколько кубов в бетономешалке камаз миксер бетона
прочее жби;расчёт;мешок цемента м500 сколько кубов;8;мешок цемента м500 сколько кубов
прочее жби;расчёт;сколько кубов в тонне асфальта горячего;7;сколько кубов в тонне асфальта горячего
прочее жби;расчёт;объем жби колец в кубах;7;объем жби колец в кубах
прочее жби;расчёт;вес опоры св 95;7;вес опоры св 95
прочее жби;расчёт;сколько весит кубометр щебня 5 20;6;сколько весит кубометр щебня 5 20
прочее жби;расчёт;сколько кубов в тонне песка карьерного;6;сколько кубов в тонне песка карьерного
прочее жби;расчёт;вес опоры св 110 5;6;вес опоры св 110 5
прочее жби;расчёт;сколько стоит миксер бетона 10 кубов;6;сколько стоит миксер бетона 10 кубов
прочее жби;расчёт;сколько весит 10 кубов щебня 5 20;5;сколько весит 10 кубов щебня 5 20
прочее жби;расчёт;сколько весит опора св 95;3;сколько весит опора св 95
прочее жби;расчёт;опора св 95 3 вес;3;опора св 95 3 вес
прочее жби;расчёт;сколько кубов в перегородочном блоке;3;сколько кубов в перегородочном блоке
прочее жби;расчёт;грунтовка глубокого проникновения расход по бетону;3;грунтовка глубокого проникновения расход по бетону
прочее жби;расчёт;сколько кубов в тонне песка мытого;2;сколько кубов в тонне песка мытого
прочее жби;расчёт;стойка опоры св 110 5 вес;2;стойка опоры св 110 5 вес
прочее жби;расчёт;вес опоры св 105;2;вес опоры св 105
прочее жби;расчёт;вес жб опоры св 110;2;вес жб опоры св 110
прочее жби;расчёт;опора железобетонная св 110 вес;1;опора железобетонная св 110 вес
прочее жби;расчёт;вес опоры св 105 5;1;вес опоры св 105 5
прочее жби;расчёт;вес опоры св 110 ж б;1;вес опоры св 110 ж б
прочее жби;расчёт;опора св 105 3 5 вес;1;опора св 105 3 5 вес
прочее жби;расчёт;сколько весит опора св 110;1;сколько весит опора св 110
прочее жби;расчёт;вес опоры лэп 9 метров жби;1;вес опоры лэп 9 метров жби
прочее жби;расчёт;вес деревянной опоры лэп;1;вес деревянной опоры лэп
прочее жби;расчёт;опора лэп деревянная пропитанная вес;1;опора лэп деревянная пропитанная вес
прочее жби;характеристики;размеры опор св;19;размеры опор св
прочее жби;характеристики;перемычки пб размеры;18;перемычки пб размеры
прочее жби;характеристики;опоры св характеристики;16;опоры св характеристики
прочее жби;характеристики;перемычка пб 1 размеры;11;перемычка пб 1 размеры
прочее жби;характеристики;размер опоры св 110;11;размер опоры св 110
прочее жби;характеристики;жби изделия госты;8;жби изделия госты
прочее жби;характеристики;размеры опоры св 110 5;8;размеры опоры св 110 5
прочее жби;характеристики;опора св 95 характеристики;6;опора св 95 характеристики
прочее жби;характеристики;маркировки жби изделий;4;маркировки жби изделий
прочее жби;характеристики;опора св 164 характеристики;4;опора св 164 характеристики
прочее жби;характеристики;размер опоры св 95;4;размер опоры св 95
прочее жби;характеристики;гост ступени железобетонные и бетонные;4;гост ступени железобетонные и бетонные
прочее жби;характеристики;железобетонные и бетонные ступени размеры;4;железобетонные и бетонные ступени размеры
прочее жби;характеристики;1 пб 13 1 перемычки размеры;3;1 пб 13 1 перемычки размеры
прочее жби;характеристики;опора св 110 характеристики;3;опора св 110 характеристики
прочее жби;характеристики;опора св гост;3;опора св гост
прочее жби;характеристики;гост 8717 2016 ступени бетонные и железобетонные;3;гост 8717 2016 ступени бетонные и железобетонные
прочее жби;характеристики;деревянная опора лэп гост;3;деревянная опора лэп гост
прочее жби;характеристики;виды жби изделий;2;виды жби изделий
прочее жби;характеристики;маркировка жби изделий по госту;2;маркировка жби изделий по госту
прочее жби;характеристики;лестничный марш жби размеры;2;лестничный марш жби размеры
прочее жби;характеристики;перемычки 3 пб размеры;2;перемычки 3 пб размеры
прочее жби;характеристики;перемычки 8 пб размеры;2;перемычки 8 пб размеры
прочее жби;характеристики;опора св 164 20 характеристики;2;опора св 164 20 характеристики
прочее жби;характеристики;перемычки 2 пб размеры;1;перемычки 2 пб размеры
прочее жби;характеристики;опора св 95 3 характеристики;1;опора св 95 3 характеристики
прочее жби;характеристики;марки опор св;1;марки опор св
прочее жби;характеристики;опора св 95 2 характеристики;1;опора св 95 2 характеристики
прочее жби;характеристики;опора св 95 3 размеры;1;опора св 95 3 размеры
прочее жби;характеристики;опора св технические характеристики;1;опора св технические характеристики
прочее жби;характеристики;опоры марки св 95;1;опоры марки св 95
прочее жби;характеристики;св 164 опора жб характеристики;1;св 164 опора жб характеристики
прочее жби;характеристики;св 95 опора технические характеристики;1;св 95 опора технические характеристики
прочее жби;характеристики;размеры опоры св 105;1;размеры опоры св 105
прочее жби;характеристики;опоры деревянные для лэп размеры;1;опоры деревянные для лэп размеры
скала, дресва, бут;;скальный грунт;1505;скальный грунт
скала, дресва, бут;;коэффициент скального грунта;87;коэффициент скального грунта
скала, дресва, бут;;котлован скального грунта;76;котлован скального грунта
скала, дресва, бут;;отсыпка скальным грунтом;53;отсыпка скальным грунтом
скала, дресва, бут;;разработка скальных грунтов;53;разработка скальных грунтов
скала, дресва, бут;;уплотнение скального грунта;48;уплотнение скального грунта
скала, дресва, бут;;скальный грунт смета;44;скальный грунт смета
скала, дресва, бут;;коэффициент уплотнения скального грунта;40;коэффициент уплотнения скального грунта
скала, дресва, бут;;скальный грунт расценка;37;скальный грунт расценка
скала, дресва, бут;;скальный грунт 200;36;скальный грунт 200
скала, дресва, бут;;мелкий скальный грунт;36;мелкий скальный грунт
скала, дресва, бут;;скальный грунт 0 300;30;скальный грунт 0 300
скала, дресва, бут;;скальный грунт расценка в смете;28;скальный грунт расценка в смете
скала, дресва, бут;;скальный грунт сертификат;26;скальный грунт сертификат
скала, дресва, бут;;скальный грунт группа грунта;25;скальный грунт группа грунта
скала, дресва, бут;;фундамент на скальном грунте;24;фундамент на скальном грунте
скала, дресва, бут;;отсыпка дороги скальным грунтом;23;отсыпка дороги скальным грунтом
скала, дресва, бут;;нужен скальный грунт;22;нужен скальный грунт
скала, дресва, бут;;грунт карьера скальный;19;грунт карьера скальный
скала, дресва, бут;;скальный грунт карьер;19;скальный грунт карьер
скала, дресва, бут;;скальный грунт 0 200;19;скальный грунт 0 200
скала, дресва, бут;;насыпи из скальных грунтов;19;насыпи из скальных грунтов
скала, дресва, бут;;насыпной скальный грунт;19;насыпной скальный грунт
скала, дресва, бут;;грунта скальных пород;18;грунта скальных пород
скала, дресва, бут;;засыпка скальным грунтом;16;засыпка скальным грунтом
скала, дресва, бут;;категория скального грунта;13;категория скального грунта
скала, дресва, бут;;разработка скального грунта смета;11;разработка скального грунта смета
скала, дресва, бут;;скальный грунт 0 500;11;скальный грунт 0 500
скала, дресва, бут;;сопротивление скального грунта;10;сопротивление скального грунта
скала, дресва, бут;;модуль деформации скального грунта;10;модуль деформации скального грунта
скала, дресва, бут;;сп скальные грунты;9;сп скальные грунты
скала, дресва, бут;;скальный грунт 5;9;скальный грунт 5
скала, дресва, бут;;скальный грунт фото;9;скальный грунт фото
скала, дресва, бут;;крупнообломочный скальный грунт;9;крупнообломочный скальный грунт
скала, дресва, бут;;скальный грунт гэсн;9;скальный грунт гэсн
скала, дресва, бут;;тип скальных грунтов;9;тип скальных грунтов
скала, дресва, бут;;бурение скальных грунтов;9;бурение скальных грунтов
скала, дресва, бут;;монолитный скальный грунт;9;монолитный скальный грунт
скала, дресва, бут;;добыча скального грунта;8;добыча скального грунта
скала, дресва, бут;;разработка скального грунта расценка;8;разработка скального грунта расценка
скала, дресва, бут;;скальный грунт на участке;8;скальный грунт на участке
скала, дресва, бут;;скальные грунты испытание;7;скальные грунты испытание
скала, дресва, бут;;основания из скального грунта;7;основания из скального грунта
скала, дресва, бут;;коэффициент уплотнения скального грунта в насыпи;7;коэффициент уплотнения скального грунта в насыпи
скала, дресва, бут;;скальный грунт фр;7;скальный грунт фр
скала, дресва, бут;;разработка скального грунта расценка в смете;7;разработка скального грунта расценка в смете
скала, дресва, бут;;коэффициент размягчаемости скальных грунтов;7;коэффициент размягчаемости скальных грунтов
скала, дресва, бут;;размягчаемость скальных грунтов;7;размягчаемость скальных грунтов
скала, дресва, бут;;забор на скальном грунте;6;забор на скальном грунте
скала, дресва, бут;;можжевельник скальный грунт;6;можжевельник скальный грунт
скала, дресва, бут;;угол внутреннего трения скального грунта;6;угол внутреннего трения скального грунта
скала, дресва, бут;;вода в скальном грунте;6;вода в скальном грунте
скала, дресва, бут;;работа в скальных грунтах;6;работа в скальных грунтах
скала, дресва, бут;;паспорт на скальный грунт;5;паспорт на скальный грунт
скала, дресва, бут;;скальным грунтом относится;5;скальным грунтом относится
скала, дресва, бут;;коэффициент фильтрации скального грунта;5;коэффициент фильтрации скального грунта
скала, дресва, бут;;обратная засыпка скальным грунтом;5;обратная засыпка скальным грунтом
скала, дресва, бут;;трещиноватый скальный грунт;5;трещиноватый скальный грунт
скала, дресва, бут;;одноосное сжатие скальных грунтов;5;одноосное сжатие скальных грунтов
скала, дресва, бут;;сваи для скального грунта;5;сваи для скального грунта
скала, дресва, бут;;песчаный скальный грунт;5;песчаный скальный грунт
скала, дресва, бут;;мерзлые скальные грунты;5;мерзлые скальные грунты
скала, дресва, бут;;скала 0 200 и скальный грунт фото;5;скала 0 200 и скальный грунт фото
скала, дресва, бут;;природные скальные грунты;5;природные скальные грунты
скала, дресва, бут;;качество скального грунта;4;качество скального грунта
скала, дресва, бут;;трехосные испытания скальных грунтов;4;трехосные испытания скальных грунтов
скала, дресва, бут;;скальные грунты определение;4;скальные грунты определение
скала, дресва, бут;;выемка скального грунта;4;выемка скального грунта
скала, дресва, бут;;коэффициент пористости скального грунта;4;коэффициент пористости скального грунта
скала, дресва, бут;;обозначение скальный грунт;4;обозначение скальный грунт
скала, дресва, бут;;пористость скальных грунтов;4;пористость скальных грунтов
скала, дресва, бут;;разработка скального грунта экскаватором;4;разработка скального грунта экскаватором
скала, дресва, бут;;скальный грунт камень;4;скальный грунт камень
скала, дресва, бут;;связи скальных грунтов;4;связи скальных грунтов
скала, дресва, бут;;осадка скального грунта;3;осадка скального грунта
скала, дресва, бут;;скальный грунт дренирующий;3;скальный грунт дренирующий
скала, дресва, бут;;разработка скальных грунтов гидромолотом;3;разработка скальных грунтов гидромолотом
скала, дресва, бут;;коэффициент разрыхления скального грунта;3;коэффициент разрыхления скального грунта
скала, дресва, бут;;лира сапр скальный грунт;3;лира сапр скальный грунт
скала, дресва, бут;;лира скальный грунт;3;лира скальный грунт
скала, дресва, бут;;разрыхление скальных грунтов;3;разрыхление скальных грунтов
скала, дресва, бут;;скальные полускальные грунты;3;скальные полускальные грунты
скала, дресва, бут;;трещиноватость скального грунта;3;трещиноватость скального грунта
скала, дресва, бут;;коэффициент пуассона для скальных грунтов;3;коэффициент пуассона для скальных грунтов
скала, дресва, бут;;техногенный скальный грунт;3;техногенный скальный грунт
скала, дресва, бут;;грунт скальный из гранита;3;грунт скальный из гранита
скала, дресва, бут;;промерзание скального грунта;3;промерзание скального грунта
скала, дресва, бут;;винтовые сваи в скальном грунте;2;винтовые сваи в скальном грунте
скала, дресва, бут;;строительство в скальных грунтах;2;строительство в скальных грунтах
скала, дресва, бут;;скальный грунт с глиной;2;скальный грунт с глиной
скала, дресва, бут;;влажность скального грунта;2;влажность скального грунта
скала, дресва, бут;;контур заземления в скальном грунте;2;контур заземления в скальном грунте
скала, дресва, бут;;несущая способность скального грунта;2;несущая способность скального грунта
скала, дресва, бут;;заземление на скальном грунте;2;заземление на скальном грунте
скала, дресва, бут;;скальный грунт группа грунта в смете;2;скальный грунт группа грунта в смете
скала, дресва, бут;;масса скального грунта;2;масса скального грунта
скала, дресва, бут;;откосы скальных грунтов;2;откосы скальных грунтов
скала, дресва, бут;;паспорт качества на скальный грунт;2;паспорт качества на скальный грунт
скала, дресва, бут;;погрузка скального грунта;2;погрузка скального грунта
скала, дресва, бут;;рыхление скальных грунтов;2;рыхление скальных грунтов
скала, дресва, бут;;скальный грунт сертификат соответствия;2;скальный грунт сертификат соответствия
скала, дресва, бут;;сцепление скальных грунтов;2;сцепление скальных грунтов
скала, дресва, бут;;песчаник скальный грунт;2;песчаник скальный грунт
скала, дресва, бут;;7 скальные грунты;2;7 скальные грунты
скала, дресва, бут;;скальный грунт пример;2;скальный грунт пример
скала, дресва, бут;;скважина скальном грунте;2;скважина скальном грунте
скала, дресва, бут;;разновидность скальных грунтов;1;разновидность скальных грунтов
скала, дресва, бут;;скальными грунтами называются;1;скальными грунтами называются
скала, дресва, бут;;скальный грунт 6 группы;1;скальный грунт 6 группы
скала, дресва, бут;;rqd для скальных грунтов;1;rqd для скальных грунтов
скала, дресва, бут;;гнб в скальных грунтах;1;гнб в скальных грунтах
скала, дресва, бут;;грунт скальный гравийный;1;грунт скальный гравийный
скала, дресва, бут;;гэсн разработка скального грунта;1;гэсн разработка скального грунта
скала, дресва, бут;;коэффициент уплотнения скального грунта в смете;1;коэффициент уплотнения скального грунта в смете
скала, дресва, бут;;перевозка скального грунта;1;перевозка скального грунта
скала, дресва, бут;;показатель rqd для скальных грунтов;1;показатель rqd для скальных грунтов
скала, дресва, бут;;производство скального грунта;1;производство скального грунта
скала, дресва, бут;;сваи стойки в скальных грунтах;1;сваи стойки в скальных грунтах
скала, дресва, бут;;скальный грунт 0 500мм;1;скальный грунт 0 500мм
скала, дресва, бут;;скальный грунт фссц;1;скальный грунт фссц
скала, дресва, бут;;траншеи в скальных грунтах;1;траншеи в скальных грунтах
скала, дресва, бут;;удельное сопротивление скального грунта;1;удельное сопротивление скального грунта
скала, дресва, бут;;удельное сцепление скального грунта;1;удельное сцепление скального грунта
скала, дресва, бут;;грунт скальный из гранита м 1200;1;грунт скальный из гранита м 1200
скала, дресва, бут;;дробление скального грунта;1;дробление скального грунта
скала, дресва, бут;;коэф уплотнения скального грунта;1;коэф уплотнения скального грунта
скала, дресва, бут;;к скальным грунтам относят;1;к скальным грунтам относят
скала, дресва, бут;выбор;какие грунты скальные;102;какие грунты скальные
скала, дресва, бут;выбор;скальный грунт какая группа грунтов;11;скальный грунт какая группа грунтов
скала, дресва, бут;выбор;скальный грунт фундамент какой;8;скальный грунт фундамент какой
скала, дресва, бут;выбор;скальный грунт какая категория грунтов;5;скальный грунт какая категория грунтов
скала, дресва, бут;выбор;к какой группе грунтов относится скальный грунт;3;к какой группе грунтов относится скальный грунт
скала, дресва, бут;выбор;какие грунты относятся к скальным;3;какие грунты относятся к скальным
скала, дресва, бут;выбор;песчаник это скальный или полускальный грунт;1;песчаник это скальный или полускальный грунт
скала, дресва, бут;гео;скальный грунт в екатеринбурге;102;скальный грунт в екатеринбурге
скала, дресва, бут;гео;екатеринбург где взять скальный грунт мелкий;23;екатеринбург где взять скальный грунт мелкий
скала, дресва, бут;как сделать;как определить скальный грунт;7;как определить скальный грунт
скала, дресва, бут;как сделать;устройство основания из скального грунта;6;устройство основания из скального грунта
скала, дресва, бут;как сделать;как сделать заземление в скальном грунте;2;как сделать заземление в скальном грунте
скала, дресва, бут;коммерческий;дресва купить;716;дресва купить
скала, дресва, бут;коммерческий;купить дресву с доставкой;267;купить дресву с доставкой
скала, дресва, бут;коммерческий;скальный грунт купить;236;скальный грунт купить
скала, дресва, бут;коммерческий;скальный грунт доставка;106;скальный грунт доставка
скала, дресва, бут;коммерческий;скальный грунт цена;86;скальный грунт цена
скала, дресва, бут;коммерческий;стоимость скального грунта;48;стоимость скального грунта
скала, дресва, бут;коммерческий;где купить дресву;36;где купить дресву
скала, дресва, бут;коммерческий;скальный грунт цена за м3;32;скальный грунт цена за м3
скала, дресва, бут;коммерческий;дресва в мешках купить;23;дресва в мешках купить
скала, дресва, бут;коммерческий;тонны в м3 скальный грунт;10;тонны в м3 скальный грунт
скала, дресва, бут;коммерческий;где можно купить дресву;9;где можно купить дресву
скала, дресва, бут;коммерческий;дресва купить в челябинске;6;дресва купить в челябинске
скала, дресва, бут;коммерческий;дресва купить в челябинске с доставкой цена;1;дресва купить в челябинске с доставкой цена
скала, дресва, бут;коммерческий;дресва купить в челябинске цена;1;дресва купить в челябинске цена
скала, дресва, бут;коммерческий;купить дресву в челябинске с доставкой;1;купить дресву в челябинске с доставкой
скала, дресва, бут;коммерческий;купить дресву в копейске;1;купить дресву в копейске
скала, дресва, бут;коммерческий|гео;дресва купить в екатеринбурге;394;дресва купить в екатеринбурге
скала, дресва, бут;коммерческий|гео;купить дресву в екатеринбурге с доставкой;240;купить дресву в екатеринбурге с доставкой
скала, дресва, бут;коммерческий|гео;дресва купить в екатеринбурге с доставкой цена;150;дресва купить в екатеринбурге с доставкой цена
скала, дресва, бут;коммерческий|гео;купить скальный грунт екатеринбург;99;купить скальный грунт екатеринбург
скала, дресва, бут;коммерческий|гео;дресва купить арамиль;67;дресва купить арамиль
скала, дресва, бут;коммерческий|гео;скальный грунт купить в екатеринбурге с доставкой;57;скальный грунт купить в екатеринбурге с доставкой
скала, дресва, бут;коммерческий|гео;купить дресву в первоуральске;34;купить дресву в первоуральске
скала, дресва, бут;коммерческий|гео;скальный грунт цена за м3 екатеринбург;28;скальный грунт цена за м3 екатеринбург
скала, дресва, бут;коммерческий|гео;дресва глинистая купить арамиль;24;дресва глинистая купить арамиль
скала, дресва, бут;коммерческий|гео;купить дресву в асбесте;20;купить дресву в асбесте
скала, дресва, бут;коммерческий|гео;дресва в мешках купить в екатеринбурге;19;дресва в мешках купить в екатеринбурге
скала, дресва, бут;коммерческий|гео;купить дресву в березовском;14;купить дресву в березовском
скала, дресва, бут;коммерческий|гео;купить скальный грунт сысерть;11;купить скальный грунт сысерть
скала, дресва, бут;коммерческий|гео;в полевском св обл купить дресву;11;в полевском св обл купить дресву
скала, дресва, бут;коммерческий|гео;купить дресву в сысерти;8;купить дресву в сысерти
скала, дресва, бут;коммерческий|гео;купить скальный грунт в нижнем тагиле;7;купить скальный грунт в нижнем тагиле
скала, дресва, бут;коммерческий|гео;где купить дресву в горном щите екатеринбурге;6;где купить дресву в горном щите екатеринбурге
скала, дресва, бут;коммерческий|гео;купить дресву в верхней пышме;6;купить дресву в верхней пышме
скала, дресва, бут;коммерческий|гео;купить скальный грунт в краснотурьинске доставка;5;купить скальный грунт в краснотурьинске доставка
скала, дресва, бут;коммерческий|гео;купить дресву в белоярском районе свердловской области;5;купить дресву в белоярском районе свердловской области
скала, дресва, бут;коммерческий|гео;купить скальный грунт в камышлове;2;купить скальный грунт в камышлове
скала, дресва, бут;коммерческий|гео|выбор;купить дресву в районе первоуральска или ревды;27;купить дресву в районе первоуральска или ревды
скала, дресва, бут;коммерческий|гео|выбор;дресва купить в арамили с доставкой;5;дресва купить в арамили с доставкой
скала, дресва, бут;коммерческий|расчёт;вес скального грунта м3;10;вес скального грунта м3
скала, дресва, бут;коммерческий|расчёт;вес скального грунта в 1 м3;7;вес скального грунта в 1 м3
скала, дресва, бут;коммерческий|расчёт;удельный вес скального грунта в 1 м3;2;удельный вес скального грунта в 1 м3
скала, дресва, бут;коммерческий|расчёт;плотность скального грунта т м3;1;плотность скального грунта т м3
скала, дресва, бут;коммерческий|расчёт;объемный вес скального грунта в 1 м3;1;объемный вес скального грунта в 1 м3
скала, дресва, бут;коммерческий|расчёт;скальный грунт вес 1м3;1;скальный грунт вес 1м3
скала, дресва, бут;применение;скальный грунт под фундамент;3;скальный грунт под фундамент
скала, дресва, бут;применение;применение скальный грунт;2;применение скальный грунт
скала, дресва, бут;расчёт;плотность скального грунта;39;плотность скального грунта
скала, дресва, бут;расчёт;вес скального грунта;21;вес скального грунта
скала, дресва, бут;расчёт;объем скального грунта;15;объем скального грунта
скала, дресва, бут;расчёт;насыпная плотность скального грунта;12;насыпная плотность скального грунта
скала, дресва, бут;расчёт;сколько стоит скальный грунт;9;сколько стоит скальный грунт
скала, дресва, бут;расчёт;расчет скального грунта;7;расчет скального грунта
скала, дресва, бут;расчёт;удельный вес скального грунта;5;удельный вес скального грунта
скала, дресва, бут;расчёт;таблица скальных грунтов;3;таблица скальных грунтов
скала, дресва, бут;расчёт;объемный вес скального грунта;2;объемный вес скального грунта
скала, дресва, бут;расчёт;сколько весит 1 куб скального грунта;2;сколько весит 1 куб скального грунта
скала, дресва, бут;расчёт;калькулятор скального грунта;2;калькулятор скального грунта
скала, дресва, бут;характеристики;скальный грунт фракции;46;скальный грунт фракции
скала, дресва, бут;характеристики;гост скальные грунты;33;гост скальные грунты
скала, дресва, бут;характеристики;прочность скального грунта;20;прочность скального грунта
скала, дресва, бут;характеристики;скальные грунты виды;11;скальные грунты виды
скала, дресва, бут;характеристики;скальный грунт гост 25100 2020;10;скальный грунт гост 25100 2020
скала, дресва, бут;характеристики;скальный грунт фракции 0 300 мм сертификат;8;скальный грунт фракции 0 300 мм сертификат
скала, дресва, бут;характеристики;свойства скальных грунтов;7;свойства скальных грунтов
скала, дресва, бут;характеристики;скальные грунты классификация;7;скальные грунты классификация
скала, дресва, бут;характеристики;состав скального грунта;6;состав скального грунта
скала, дресва, бут;характеристики;предел прочности на одноосное сжатие скальных грунтов;5;предел прочности на одноосное сжатие скальных грунтов
скала, дресва, бут;характеристики;предел прочности на сжатие скальных грунтов;5;предел прочности на сжатие скальных грунтов
скала, дресва, бут;характеристики;предел прочности скального грунта;5;предел прочности скального грунта
скала, дресва, бут;характеристики;прочность одноосное сжатие скальных грунтов;5;прочность одноосное сжатие скальных грунтов
скала, дресва, бут;характеристики;размеры скального грунта;5;размеры скального грунта
скала, дресва, бут;характеристики;класс скальных грунтов;4;класс скальных грунтов
скала, дресва, бут;характеристики;скальный грунт фракции 0 200;2;скальный грунт фракции 0 200
скала, дресва, бут;характеристики;прочность скальных грунтов гост;2;прочность скальных грунтов гост
скала, дресва, бут;характеристики;разновидность скальных грунтов по прочности устанавливается;1;разновидность скальных грунтов по прочности устанавливается
скала, дресва, бут;характеристики;механические свойства скального грунта;1;механические свойства скального грунта
скала, дресва, бут;характеристики;скальные грунты характеристики;1;скальные грунты характеристики
скала, дресва, бут;характеристики;физико механические свойства скальных грунтов;1;физико механические свойства скальных грунтов
скала, дресва, бут;характеристики;гост на одноосное сжатие скальных грунтов;1;гост на одноосное сжатие скальных грунтов
скала, дресва, бут;характеристики;скальный грунт марка;1;скальный грунт марка
стеновые блоки;;арболитовые блоки;1131;арболитовые блоки
стеновые блоки;;перегородочные блоки;597;перегородочные блоки
стеновые блоки;;блок перегородочный;597;блок перегородочный
стеновые блоки;;полистиролбетонные блоки;525;полистиролбетонные блоки
стеновые блоки;;кирпич бетонный;411;кирпич бетонный / бетонный кирпич
стеновые блоки;;пескоблоки;341;пескоблоки
стеновые блоки;;пескоблок;341;пескоблок
стеновые блоки;;силикатный перегородочный блок;86;силикатный перегородочный блок
стеновые блоки;;блок перегородочный 100;49;блок перегородочный 100
стеновые блоки;;куб арболитовых блоков;43;куб арболитовых блоков
стеновые блоки;;производители арболитовых блоков;40;производители арболитовых блоков
стеновые блоки;;кирпич бетонный полнотелый;39;кирпич бетонный полнотелый
стеновые блоки;;кладка арболитовых блоков;32;кладка арболитовых блоков
стеновые блоки;;лучшие арболитовые блоки;31;лучшие арболитовые блоки
стеновые блоки;;бетонные серые кирпичи;29;бетонные серые кирпичи
стеновые блоки;;газобетонные блоки перегородочные;28;газобетонные блоки перегородочные
стеновые блоки;;нужны арболитовые блоки;27;нужны арболитовые блоки
стеновые блоки;;блок перегородочный газосиликатный;27;блок перегородочный газосиликатный
стеновые блоки;;производство арболитовых блоков;26;производство арболитовых блоков
стеновые блоки;;поревит перегородочный блок;25;поревит перегородочный блок
стеновые блоки;;блок силикатный перегородочный поревит;24;блок силикатный перегородочный поревит
стеновые блоки;;минус полистиролбетонного блока;23;минус полистиролбетонного блока
стеновые блоки;;полистиролбетонные блоки формы;23;полистиролбетонные блоки формы
стеновые блоки;;блок перегородочный 100 мм;23;блок перегородочный 100 мм
стеновые блоки;;перегородочный блок газобетон;23;перегородочный блок газобетон
стеновые блоки;;кирпич бетонный полуторный;22;кирпич бетонный полуторный
стеновые блоки;;бетонная плитка кирпич;21;бетонная плитка кирпич
стеновые блоки;;блок стеновой перегородочный;21;блок стеновой перегородочный
стеновые блоки;;блок гипсовый перегородочный;20;блок гипсовый перегородочный
стеновые блоки;;клей для полистиролбетонных блоков;19;клей для полистиролбетонных блоков
стеновые блоки;;блок межкомнатный перегородочный;19;блок межкомнатный перегородочный
стеновые блоки;;кладка бетонного кирпича;18;кладка бетонного кирпича
стеновые блоки;;шлакоблок пескоблок;17;шлакоблок пескоблок
стеновые блоки;;дом из арболитовых блоков;17;дом из арболитовых блоков
стеновые блоки;;кирпич бетонный м150;16;кирпич бетонный м150
стеновые блоки;;станок для арболитовых блоков;16;станок для арболитовых блоков
стеновые блоки;;изготовление арболитовых блоков;16;изготовление арболитовых блоков
стеновые блоки;;арболитовые блоки в челябинске;15;арболитовые блоки в челябинске
стеновые блоки;;баня из арболитовых блоков;15;баня из арболитовых блоков
стеновые блоки;;кладочная смесь для шлакоблока;15;кладочная смесь для шлакоблока
стеновые блоки;;арболитовые блоки что это за материал;14;арболитовые блоки что это за материал
стеновые блоки;;пескоблок полнотелый;13;пескоблок полнотелый
стеновые блоки;;кладочная смесь для газоблока;13;кладочная смесь для газоблока
стеновые блоки;;баня из пескоблока;12;баня из пескоблока
стеновые блоки;;бетонный кирпич м200;11;бетонный кирпич м200
стеновые блоки;;крепление стропил на арболитовые блоки;11;крепление стропил на арболитовые блоки
стеновые блоки;;блок силикатный перегородочный поревит 498x80x248;11;блок силикатный перегородочный поревит 498x80x248
стеновые блоки;;блок перегородочный 150;11;блок перегородочный 150
стеновые блоки;;бетонный кирпич 250х120х88;10;бетонный кирпич 250х120х88
стеновые блоки;;дюбель для полистиролбетонных блоков;10;дюбель для полистиролбетонных блоков
стеновые блоки;;арболитовые блоки отзывы;10;арболитовые блоки отзывы
стеновые блоки;;блок силикатный перегородочный поревит 498x80x248 мм;10;блок силикатный перегородочный поревит 498x80x248 мм
стеновые блоки;;погреб из перегородочного блока;10;погреб из перегородочного блока
стеновые блоки;;блок стеновой перегородочный гипсовый оппозитный;10;блок стеновой перегородочный гипсовый оппозитный
стеновые блоки;;кирпич бетонный пр 25;9;кирпич бетонный пр 25
стеновые блоки;;производство полистиролбетонных блоков;9;производство полистиролбетонных блоков
стеновые блоки;;клей для арболитовых блоков;9;клей для арболитовых блоков
стеновые блоки;;арболитовые блоки тюмень;9;арболитовые блоки тюмень
стеновые блоки;;штукатурка для арболитовых блоков;9;штукатурка для арболитовых блоков
стеновые блоки;;блок перегородочный 200;9;блок перегородочный 200
стеновые блоки;;кладка перегородочных блоков;9;кладка перегородочных блоков
стеновые блоки;;полистиролбетонные блоки отзывы;8;полистиролбетонные блоки отзывы
стеновые блоки;;кладка полистиролбетонных блоков;8;кладка полистиролбетонных блоков
стеновые блоки;;полистиролбетонные блоки строительство;8;полистиролбетонные блоки строительство
стеновые блоки;;производство пескоблока;8;производство пескоблока
стеновые блоки;;перегородочный блок d500;8;перегородочный блок d500
стеновые блоки;;блок перегородочный газосиликатный 150;8;блок перегородочный газосиликатный 150
стеновые блоки;;кладочная смесь для керамзитобетонных блоков;8;кладочная смесь для керамзитобетонных блоков
стеновые блоки;;стены из полистиролбетонных блоков;7;стены из полистиролбетонных блоков
стеновые блоки;;стена из пескоблока;7;стена из пескоблока
стеновые блоки;;оборудование для арболитовых блоков;7;оборудование для арболитовых блоков
стеновые блоки;;оборудование для производства арболитовых блоков;7;оборудование для производства арболитовых блоков
стеновые блоки;;чем штукатурить арболитовые блоки;7;чем штукатурить арболитовые блоки
стеновые блоки;;перегородочные керамические блоки;7;перегородочные керамические блоки
стеновые блоки;;блок перегородочный газосиликатный 100;7;блок перегородочный газосиликатный 100
стеновые блоки;;блок перегородочный газосиликатный 100 мм;7;блок перегородочный газосиликатный 100 мм
стеновые блоки;;блок перегородочный 80;7;блок перегородочный 80
стеновые блоки;;блок перегородочный 80 мм;7;блок перегородочный 80 мм
стеновые блоки;;перегородка из перегородочного блока;7;перегородка из перегородочного блока
стеновые блоки;;раствор для кладки пескоблоков;6;раствор для кладки пескоблоков
стеновые блоки;;раствор для пескоблока;6;раствор для пескоблока
стеновые блоки;;авито арболитовый блок;6;авито арболитовый блок
стеновые блоки;;смесь для арболитовых блоков;6;смесь для арболитовых блоков
стеновые блоки;;арболитовые блоки 500;6;арболитовые блоки 500
стеновые блоки;;полистиролбетонные блоки отзывы владельцев;5;полистиролбетонные блоки отзывы владельцев
стеновые блоки;;дом из полистиролбетонных блоков;5;дом из полистиролбетонных блоков
стеновые блоки;;полистиролбетонные блоки пиленные;5;полистиролбетонные блоки пиленные
стеновые блоки;;строительство из арболитовых блоков;5;строительство из арболитовых блоков
стеновые блоки;;арболитовые блоки самому;5;арболитовые блоки самому
стеновые блоки;;арболитовый блок крепче пеноблока;5;арболитовый блок крепче пеноблока
стеновые блоки;;чем пилить арболитовые блоки;5;чем пилить арболитовые блоки
стеновые блоки;;арболитовые блоки для гаража;5;арболитовые блоки для гаража
стеновые блоки;;арболитовые блоки уфа;5;арболитовые блоки уфа
стеновые блоки;;арболитовые блоки 500 300 20 штук поддоне;5;арболитовые блоки 500 300 20 штук поддоне
стеновые блоки;;арболитовые блоки подойдут ли для строительства бани;5;арболитовые блоки подойдут ли для строительства бани
стеновые блоки;;арболитовый блок 300 300 500;5;арболитовый блок 300 300 500
стеновые блоки;;арболитовый блок 500мм на 400мм;5;арболитовый блок 500мм на 400мм
стеновые блоки;;кладочная смесь для арболитовых блоков;5;кладочная смесь для арболитовых блоков
стеновые блоки;;перегородочные блоки полнотелые;5;перегородочные блоки полнотелые
стеновые блоки;;блок гипсовый перегородочный 100;5;блок гипсовый перегородочный 100
стеновые блоки;;блок стеновой перегородочный гипсовый оппозитный 100 мм;5;блок стеновой перегородочный гипсовый оппозитный 100 мм
стеновые блоки;;перегородочные блоки из арболита;5;перегородочные блоки из арболита
стеновые блоки;;перегородочные блоки оренбург;5;перегородочные блоки оренбург
стеновые блоки;;продам блок перегородочный тюмень;5;продам блок перегородочный тюмень
стеновые блоки;;бетонные изделия кирпич;4;бетонные изделия кирпич
стеновые блоки;;бетонный фасадный кирпич;4;бетонный фасадный кирпич
стеновые блоки;;пустотелые бетонные кирпичи;4;пустотелые бетонные кирпичи
стеновые блоки;;бетонный кирпич для цоколя;4;бетонный кирпич для цоколя
стеновые блоки;;армированные полистиролбетонные блоки;4;армированные полистиролбетонные блоки
стеновые блоки;;отзывы полистиролбетонных блоков владельцев домов;4;отзывы полистиролбетонных блоков владельцев домов
стеновые блоки;;полистиролбетонные блоки для бани;4;полистиролбетонные блоки для бани
стеновые блоки;;мангал из пескоблока;4;мангал из пескоблока
стеновые блоки;;забор пескоблок;4;забор пескоблок
стеновые блоки;;кирпич пескоблок;4;кирпич пескоблок
стеновые блоки;;арболитовые блоки что это за материал отзывы;4;арболитовые блоки что это за материал отзывы
стеновые блоки;;линия арболитовых блоков;4;линия арболитовых блоков
стеновые блоки;;арболитовые блоки из чего сделаны;4;арболитовые блоки из чего сделаны
стеновые блоки;;из чего делают арболитовые блоки;4;из чего делают арболитовые блоки
стеновые блоки;;арболитовые блоки для строительства дома;4;арболитовые блоки для строительства дома
стеновые блоки;;блоки перегородочные межкомнатные стеновые;4;блоки перегородочные межкомнатные стеновые
стеновые блоки;;блок керамзитобетонный перегородочный;4;блок керамзитобетонный перегородочный
стеновые блоки;;газобетон 80 мм перегородочные блоки;4;газобетон 80 мм перегородочные блоки
стеновые блоки;;блок перегородочный керамзитобетон;4;блок перегородочный керамзитобетон
стеновые блоки;;блок перегородочный газоблок;4;блок перегородочный газоблок
стеновые блоки;;пазогребневые перегородочные блоки;4;пазогребневые перегородочные блоки
стеновые блоки;;блок перегородочный 80мм;4;блок перегородочный 80мм
стеновые блоки;;бетонные кирпичи для фундамента;3;бетонные кирпичи для фундамента
стеновые блоки;;бетонные кирпичи hbm;3;бетонные кирпичи hbm
стеновые блоки;;кирпич бетонный декоративный;3;кирпич бетонный декоративный
стеновые блоки;;полистиролбетонный блок d500;3;полистиролбетонный блок d500
стеновые блоки;;строительство дома из полистиролбетонных блоков;3;строительство дома из полистиролбетонных блоков
стеновые блоки;;утепленный пескоблок;3;утепленный пескоблок
стеновые блоки;;фундамент из пескоблока;3;фундамент из пескоблока
стеновые блоки;;пескоблок подвал;3;пескоблок подвал
стеновые блоки;;сделать пескоблок;3;сделать пескоблок
стеновые блоки;;стандартный пескоблок;3;стандартный пескоблок
стеновые блоки;;станок для пескоблока;3;станок для пескоблока
стеновые блоки;;пескоблок с фаской;3;пескоблок с фаской
стеновые блоки;;рассчитать арболитовые блоки;3;рассчитать арболитовые блоки
стеновые блоки;;арболит арболитовые блоки;3;арболит арболитовые блоки
стеновые блоки;;брус на арболитовый блок;3;брус на арболитовый блок
стеновые блоки;;покажи арболитовые блоки;3;покажи арболитовые блоки
стеновые блоки;;станок изготовление арболитовых блоков;3;станок изготовление арболитовых блоков
стеновые блоки;;линия по производству арболитовых блоков;3;линия по производству арболитовых блоков
стеновые блоки;;строить из арболитовых блоков;3;строить из арболитовых блоков
стеновые блоки;;завод арболитовых блоков;3;завод арболитовых блоков
стеновые блоки;;арболитовые блоки в домашних условиях;3;арболитовые блоки в домашних условиях
стеновые блоки;;чем резать силикатный блок перегородочный;3;чем резать силикатный блок перегородочный
стеновые блоки;;стена из перегородочного блока;3;стена из перегородочного блока
стеновые блоки;;перегородочные блоки в квартиру;3;перегородочные блоки в квартиру
стеновые блоки;;блок перегородочный 75 мм;3;блок перегородочный 75 мм
стеновые блоки;;перегородочный блок 75;3;перегородочный блок 75
стеновые блоки;;блок бетонный перегородочный;3;блок бетонный перегородочный
стеновые блоки;;бетонный раствор для кладки кирпича;2;бетонный раствор для кладки кирпича
стеновые блоки;;декоративный бетонный кирпич фасадный;2;декоративный бетонный кирпич фасадный
стеновые блоки;;кирпич бетонный облицовочный;2;кирпич бетонный облицовочный
стеновые блоки;;кирпич бетонный м100;2;кирпич бетонный м100
стеновые блоки;;кирпич бетонный полнотелый 250х120х88;2;кирпич бетонный полнотелый 250х120х88
стеновые блоки;;кирпич бетонный и керамический;2;кирпич бетонный и керамический
стеновые блоки;;строительный бетонный кирпич;2;строительный бетонный кирпич
стеновые блоки;;кирпич бетонный полый;2;кирпич бетонный полый
стеновые блоки;;изготовления полистиролбетонные блоки;2;изготовления полистиролбетонные блоки
стеновые блоки;;полистиролбетонные блоки оборудование;2;полистиролбетонные блоки оборудование
стеновые блоки;;на что кладут полистиролбетонные блоки;2;на что кладут полистиролбетонные блоки
стеновые блоки;;блоки стеновые полистиролбетонные;2;блоки стеновые полистиролбетонные
стеновые блоки;;полистиролбетонные блоки 250;2;полистиролбетонные блоки 250
стеновые блоки;;клей для пескоблоков;2;клей для пескоблоков
стеновые блоки;;пескоблок и шлакоблок разница;2;пескоблок и шлакоблок разница
стеновые блоки;;пескоблок бишкек;2;пескоблок бишкек
стеновые блоки;;пескоблоки в домашних условиях;2;пескоблоки в домашних условиях
стеновые блоки;;гараж из пескоблока;2;гараж из пескоблока
стеновые блоки;;строим из пескоблока;2;строим из пескоблока
стеновые блоки;;арболитовые блоки на клей пену;2;арболитовые блоки на клей пену
стеновые блоки;;арболитовые блоки на пену;2;арболитовые блоки на пену
стеновые блоки;;арболитовые блоки в кургане;2;арболитовые блоки в кургане
стеновые блоки;;арболитовый блок томск;2;арболитовый блок томск
стеновые блоки;;арболитовые блоки стандарт;2;арболитовые блоки стандарт
стеновые блоки;;арболитовые блоки пермь;2;арболитовые блоки пермь
стеновые блоки;;строим дом из арболитовых блоков;2;строим дом из арболитовых блоков
стеновые блоки;;арболитовые блоки с облицовкой;2;арболитовые блоки с облицовкой
стеновые блоки;;арболитовые блоки г;2;арболитовые блоки г
стеновые блоки;;из чего делают арболитовые блоки для строительства;2;из чего делают арболитовые блоки для строительства
стеновые блоки;;рецепт арболитовых блоков;2;рецепт арболитовых блоков
стеновые блоки;;фундамент из арболитовых блоков;2;фундамент из арболитовых блоков
стеновые блоки;;блок перегородочный 120;2;блок перегородочный 120
стеновые блоки;;строительные перегородочные блоки;2;строительные перегородочные блоки
стеновые блоки;;блок перегородочный газосиликатный 75 мм;2;блок перегородочный газосиликатный 75 мм
стеновые блоки;;блок перегородочный пазогребневый;2;блок перегородочный пазогребневый
стеновые блоки;;блоки перегородочные 90;2;блоки перегородочные 90
стеновые блоки;;инси блок перегородочный;2;инси блок перегородочный
стеновые блоки;;блок перегородочный пустотелый;2;блок перегородочный пустотелый
стеновые блоки;;авито блок перегородочный;2;авито блок перегородочный
стеновые блоки;;дом бетонный блок кирпич;1;дом бетонный блок кирпич
стеновые блоки;;производства бетонной кирпич;1;производства бетонной кирпич
стеновые блоки;;кирпич бетонный сертификат;1;кирпич бетонный сертификат
стеновые блоки;;бетонные кирпичи для стен;1;бетонные кирпичи для стен
стеновые блоки;;стена кирпич бетонный блок;1;стена кирпич бетонный блок
стеновые блоки;;кирпичи под бетонные кольца;1;кирпичи под бетонные кольца
стеновые блоки;;дюбель для полистиролбетона полистиролбетонных блоков;1;дюбель для полистиролбетона полистиролбетонных блоков
стеновые блоки;;нужно ли армировать стену из полистиролбетонных блоков;1;нужно ли армировать стену из полистиролбетонных блоков
стеновые блоки;;полистиролбетона полистиролбетонные блоки;1;полистиролбетона полистиролбетонные блоки
стеновые блоки;;полистиролбетонные блоки гараж;1;полистиролбетонные блоки гараж
стеновые блоки;;беседка из пескоблоков;1;беседка из пескоблоков
стеновые блоки;;кладка из пескоблока;1;кладка из пескоблока
стеновые блоки;;пескоблок пустотелый;1;пескоблок пустотелый
стеновые блоки;;пескоблок толщина;1;пескоблок толщина
стеновые блоки;;дом из пескоблока;1;дом из пескоблока
стеновые блоки;;пескоблок иркутск;1;пескоблок иркутск
стеновые блоки;;рассчитать пескоблок;1;рассчитать пескоблок
стеновые блоки;;блок пескоблок;1;блок пескоблок
стеновые блоки;;пескоблок для строительства дома;1;пескоблок для строительства дома
стеновые блоки;;смесь для пескоблоков;1;смесь для пескоблоков
стеновые блоки;;пескоблок поддон;1;пескоблок поддон
стеновые блоки;;станок для производства пескоблока;1;станок для производства пескоблока
стеновые блоки;;строительство из пескоблока;1;строительство из пескоблока
стеновые блоки;;чертеж станка для производства пескоблоков;1;чертеж станка для производства пескоблоков
стеновые блоки;;чем резать арболитовые блоки;1;чем резать арболитовые блоки
стеновые блоки;;арболитовый блок дом одноэтажный;1;арболитовый блок дом одноэтажный
стеновые блоки;;нужно ли армировать арболитовые блоки;1;нужно ли армировать арболитовые блоки
стеновые блоки;;построить дом из арболитовых блоков;1;построить дом из арболитовых блоков
стеновые блоки;;рассчитать арболитовые блоки на дом;1;рассчитать арболитовые блоки на дом
стеновые блоки;;арболитовые блоки 500х300х200;1;арболитовые блоки 500х300х200
стеновые блоки;;фасадная штукатурка для арболитовых блоков;1;фасадная штукатурка для арболитовых блоков
стеновые блоки;;чем распилить арболитовый блок;1;чем распилить арболитовый блок
стеновые блоки;;армопояс на арболитовые блоки;1;армопояс на арболитовые блоки
стеновые блоки;;построить баню из арболитового блока;1;построить баню из арболитового блока
стеновые блоки;;арболитовые блоки плиты;1;арболитовые блоки плиты
стеновые блоки;;арболитовые блоки ширина;1;арболитовые блоки ширина
стеновые блоки;;раствор для арболитовых блоков;1;раствор для арболитовых блоков
стеновые блоки;;раствор для кладки арболитовых блоков;1;раствор для кладки арболитовых блоков
стеновые блоки;;смесь для кладки арболитовых блоков;1;смесь для кладки арболитовых блоков
стеновые блоки;;арболитовые блоки фото;1;арболитовые блоки фото
стеновые блоки;;арболитовые блоки отзывы владельцев;1;арболитовые блоки отзывы владельцев
стеновые блоки;;дом из арболитовых блоков отзывы;1;дом из арболитовых блоков отзывы
стеновые блоки;;дом из арболитовых блоков отзывы владельцев;1;дом из арболитовых блоков отзывы владельцев
стеновые блоки;;завод по производству арболитовых блоков;1;завод по производству арболитовых блоков
стеновые блоки;;можно ли строить баню из арболитовых блоков;1;можно ли строить баню из арболитовых блоков
стеновые блоки;;можно строить баню из арболитовых блоков;1;можно строить баню из арболитовых блоков
стеновые блоки;;строим баню из арболитовых блоков;1;строим баню из арболитовых блоков
стеновые блоки;;строю баню из арболитовых блоков;1;строю баню из арболитовых блоков
стеновые блоки;;строят ли бани из арболитовых блоков;1;строят ли бани из арболитовых блоков
стеновые блоки;;перегородочный блок 10;1;перегородочный блок 10
стеновые блоки;;блок бетонный перегородочный пазогребневый;1;блок бетонный перегородочный пазогребневый
стеновые блоки;;блоки перегородочные пазогребневые бетонные;1;блоки перегородочные пазогребневые бетонные
стеновые блоки;;блок перегородочный 50;1;блок перегородочный 50
стеновые блоки;;блок перегородочный керамзитобетонный полнотелый;1;блок перегородочный керамзитобетонный полнотелый
стеновые блоки;;гараж из перегородочного блока;1;гараж из перегородочного блока
стеновые блоки;;перегородочный блок бетонный полнотелый;1;перегородочный блок бетонный полнотелый
стеновые блоки;;перегородочный кирпич блок;1;перегородочный кирпич блок
стеновые блоки;;силикатный перегородочный блок 80;1;силикатный перегородочный блок 80
стеновые блоки;;силикатный перегородочный блок 80 мм;1;силикатный перегородочный блок 80 мм
стеновые блоки;;ширина газобетонного блока перегородочного;1;ширина газобетонного блока перегородочного
стеновые блоки;;ширина перегородочного блока;1;ширина перегородочного блока
стеновые блоки;;блок гипсовый перегородочный 80;1;блок гипсовый перегородочный 80
стеновые блоки;;блок гипсовый перегородочный 80 мм;1;блок гипсовый перегородочный 80 мм
стеновые блоки;;силикатный блок перегородочный 100;1;силикатный блок перегородочный 100
стеновые блоки;;стеновые блоки для дома;0;стеновые блоки для дома
стеновые блоки;выбор;арболитовые блоки минусы;30;арболитовые блоки минусы
стеновые блоки;выбор;арболитовые блоки плюсы;30;арболитовые блоки плюсы
стеновые блоки;выбор;арболитовые блоки плюсы и минусы;30;арболитовые блоки плюсы и минусы
стеновые блоки;выбор;полистиролбетонные блоки плюсы;23;полистиролбетонные блоки плюсы
стеновые блоки;выбор;полистиролбетонные блоки плюсы и минусы;23;полистиролбетонные блоки плюсы и минусы
стеновые блоки;выбор;какие арболитовые блоки лучше;16;какие арболитовые блоки лучше
стеновые блоки;выбор;что лучше шлакоблок или пескоблок;6;что лучше шлакоблок или пескоблок
стеновые блоки;выбор;арболитовые блоки плюсы и минусы при строительстве;6;арболитовые блоки плюсы и минусы при строительстве
стеновые блоки;выбор;полистиролбетонные блоки минусы отзывы;5;полистиролбетонные блоки минусы отзывы
стеновые блоки;выбор;полистиролбетонные блоки отзывы плюсы и минусы;5;полистиролбетонные блоки отзывы плюсы и минусы
стеновые блоки;выбор;полистиролбетонные блоки плюсы и минусы отзывы владельцев;5;полистиролбетонные блоки плюсы и минусы отзывы владельцев
стеновые блоки;выбор;кирпич или бетонный блок;4;кирпич или бетонный блок
стеновые блоки;выбор;баня арболитовые блоки минусы;4;баня арболитовые блоки минусы
стеновые блоки;выбор;пескоблок минусы;3;пескоблок минусы
стеновые блоки;выбор;пескоблок плюсы минусы;3;пескоблок плюсы минусы
стеновые блоки;выбор;пескоблоки плюсы;3;пескоблоки плюсы
стеновые блоки;выбор;на что класть арболитовые блоки лучше;3;на что класть арболитовые блоки лучше
стеновые блоки;выбор;на какой раствор кладут арболитовые блоки;2;на какой раствор кладут арболитовые блоки
стеновые блоки;выбор;арболитовый блок или газоблок;2;арболитовый блок или газоблок
стеновые блоки;выбор;что лучше газоблок или арболитовый блок;2;что лучше газоблок или арболитовый блок
стеновые блоки;выбор;баня из арболитовых блоков плюсы и минусы;2;баня из арболитовых блоков плюсы и минусы
стеновые блоки;выбор;арболитовые блоки или газобетонные;2;арболитовые блоки или газобетонные
стеновые блоки;выбор;арболитовые или газобетонные блоки что лучше;2;арболитовые или газобетонные блоки что лучше
стеновые блоки;выбор;дом из арболитовых блоков минусы;2;дом из арболитовых блоков минусы
стеновые блоки;выбор;дом из арболитовых блоков плюсы и минусы;2;дом из арболитовых блоков плюсы и минусы
стеновые блоки;выбор;плюсы дома из арболитовых блоков;2;плюсы дома из арболитовых блоков
стеновые блоки;выбор;дом из пескоблока плюсы и минусы;1;дом из пескоблока плюсы и минусы
стеновые блоки;выбор;чем лучше пилить арболитовые блоки;1;чем лучше пилить арболитовые блоки
стеновые блоки;выбор;арболитовые блоки отзывы владельцев домов минусы;1;арболитовые блоки отзывы владельцев домов минусы
стеновые блоки;выбор;арболитовые блоки отзывы владельцев минусы;1;арболитовые блоки отзывы владельцев минусы
стеновые блоки;выбор;арболитовые блоки отзывы минусы;1;арболитовые блоки отзывы минусы
стеновые блоки;выбор;арболитовые блоки плюсы и минусы отзывы;1;арболитовые блоки плюсы и минусы отзывы
стеновые блоки;выбор|как сделать;какая пропорция нужна для арболитовых блоков;6;какая пропорция нужна для арболитовых блоков
стеновые блоки;выбор|характеристики;какой размер перегородочного блока;2;какой размер перегородочного блока
стеновые блоки;выбор|характеристики;какие размеры блоков арболитовые;1;какие размеры блоков арболитовые
стеновые блоки;гео;арболитовые блоки свердловская область;118;арболитовые блоки свердловская область
стеновые блоки;гео;полистиролбетонные блоки екатеринбурге;69;полистиролбетонные блоки екатеринбурге
стеновые блоки;гео;арболитовый блок екатеринбург;55;арболитовый блок екатеринбург
стеновые блоки;гео;пескоблоки екатеринбург;43;пескоблоки екатеринбург
стеновые блоки;гео;блоки перегородочные екатеринбург;43;блоки перегородочные екатеринбург
стеновые блоки;гео;пенополистирол блоки перегородочные в екатеринбурге;8;пенополистирол блоки перегородочные в екатеринбурге
стеновые блоки;гео;завод по производству пескоблоков в верхней пышме;6;завод по производству пескоблоков в верхней пышме
стеновые блоки;гео;арболитовый блок в серове;5;арболитовый блок в серове
стеновые блоки;гео;силикатный блок перегородочный нижний тагил;5;силикатный блок перегородочный нижний тагил
стеновые блоки;гео|расчёт;сколько стоит перегородочный блок свердловская область;5;сколько стоит перегородочный блок свердловская область
стеновые блоки;как сделать;как срезать верх в формах полистиролбетонные блоки;19;как срезать верх в формах полистиролбетонные блоки
стеновые блоки;как сделать;как класть арболитовые блоки;16;как класть арболитовые блоки
стеновые блоки;как сделать;арболитовые блоки своими руками;15;арболитовые блоки своими руками
стеновые блоки;как сделать;укладка полистиролбетонных блоков;10;укладка полистиролбетонных блоков
стеновые блоки;как сделать;как правильно соединять пескоблок клеем;10;как правильно соединять пескоблок клеем
стеновые блоки;как сделать;пропорции для арболитовых блоков;10;пропорции для арболитовых блоков
стеновые блоки;как сделать;как правильно класть арболитовые блоки;10;как правильно класть арболитовые блоки
стеновые блоки;как сделать;как называются перегородочные блоки;7;как называются перегородочные блоки
стеновые блоки;как сделать;пескоблок своими руками;6;пескоблок своими руками
стеновые блоки;как сделать;как укладывать арболитовые блоки;6;как укладывать арболитовые блоки
стеновые блоки;как сделать;как класть арболитовые блоки самому;5;как класть арболитовые блоки самому
стеновые блоки;как сделать;как класть арболитовые блоки самому правильно;5;как класть арболитовые блоки самому правильно
стеновые блоки;как сделать;технология арболитовых блоков;5;технология арболитовых блоков
стеновые блоки;как сделать;кладка арболитовых блоков своими руками;4;кладка арболитовых блоков своими руками
стеновые блоки;как сделать;как сделать бетонный кирпич;3;как сделать бетонный кирпич
стеновые блоки;как сделать;как класть пескоблок;3;как класть пескоблок
стеновые блоки;как сделать;пропорции для пескоблока;3;пропорции для пескоблока
стеновые блоки;как сделать;арболитовые блоки своими руками в домашних;3;арболитовые блоки своими руками в домашних
стеновые блоки;как сделать;арболитовые блоки своими руками в домашних условиях;3;арболитовые блоки своими руками в домашних условиях
стеновые блоки;как сделать;кладка арболитовых блоков своими руками пошаговая инструкция;3;кладка арболитовых блоков своими руками пошаговая инструкция
стеновые блоки;как сделать;технология изготовления арболитовых блоков;2;технология изготовления арболитовых блоков
стеновые блоки;как сделать;баня из арболитовых блоков своими руками;2;баня из арболитовых блоков своими руками
стеновые блоки;как сделать;дом из арболитовых блоков своими руками;2;дом из арболитовых блоков своими руками
стеновые блоки;как сделать;укладка перегородочного блока;2;укладка перегородочного блока
стеновые блоки;как сделать;бетонный кирпич своими руками;1;бетонный кирпич своими руками
стеновые блоки;как сделать;укладка пескоблоков;1;укладка пескоблоков
стеновые блоки;как сделать;как укладывать пескоблок;1;как укладывать пескоблок
стеновые блоки;как сделать;как сделать армопояс арболитовых блоков;1;как сделать армопояс арболитовых блоков
стеновые блоки;коммерческий;полистиролбетон купить;451;полистиролбетон купить
стеновые блоки;коммерческий;арболитовые блоки купить;249;арболитовые блоки купить
стеновые блоки;коммерческий;купить полистиролбетонные блоки;167;купить полистиролбетонные блоки
стеновые блоки;коммерческий;полистиролбетон мешок купить;141;полистиролбетон мешок купить
стеновые блоки;коммерческий;арболитовые блоки цена;117;арболитовые блоки цена
стеновые блоки;коммерческий;купить блок перегородочный;104;купить блок перегородочный
стеновые блоки;коммерческий;пескоблоки купить;97;пескоблоки купить
стеновые блоки;коммерческий;купить бетонный кирпич;92;купить бетонный кирпич
стеновые блоки;коммерческий;полистиролбетон блоки купить;48;полистиролбетон блоки купить
стеновые блоки;коммерческий;арболитовые блоки купить цена;46;арболитовые блоки купить цена
стеновые блоки;коммерческий;купить готовый полистиролбетон;46;купить готовый полистиролбетон
стеновые блоки;коммерческий;арболитовые блоки купить от производителя;40;арболитовые блоки купить от производителя
стеновые блоки;коммерческий;раствор полистиролбетона купить;40;раствор полистиролбетона купить
стеновые блоки;коммерческий;арболитовые блоки от производителя цена;35;арболитовые блоки от производителя цена
стеновые блоки;коммерческий;купить арболитовые блоки от производителя цены;35;купить арболитовые блоки от производителя цены
стеновые блоки;коммерческий;арболитовые блоки цена за куб;31;арболитовые блоки цена за куб
стеновые блоки;коммерческий;цена куба арболитовых блоков;31;цена куба арболитовых блоков
стеновые блоки;коммерческий;купить арболитовый блок цена за куб;29;купить арболитовый блок цена за куб
стеновые блоки;коммерческий;полистиролбетон смесь купить;29;полистиролбетон смесь купить
стеновые блоки;коммерческий;полистиролбетон купить в мешках готовый;28;полистиролбетон купить в мешках готовый
стеновые блоки;коммерческий;полистиролбетонные блоки цена;26;полистиролбетонные блоки цена
стеновые блоки;коммерческий;пескоблок цена;24;пескоблок цена
стеновые блоки;коммерческий;керамзитобетон цена;23;керамзитобетон цена
стеновые блоки;коммерческий;бетонный кирпич цена;19;бетонный кирпич цена
стеновые блоки;коммерческий;арболитовые блоки цена за штуку;16;арболитовые блоки цена за штуку
стеновые блоки;коммерческий;полистиролбетон стяжка купить;16;полистиролбетон стяжка купить
стеновые блоки;коммерческий;полистиролбетон для пола купить;15;полистиролбетон для пола купить
стеновые блоки;коммерческий;где купить полистиролбетон;14;где купить полистиролбетон
стеновые блоки;коммерческий;купить полистиролбетонные блоки цена;13;купить полистиролбетонные блоки цена
стеновые блоки;коммерческий;блок силикатный перегородочный купить;13;блок силикатный перегородочный купить
стеновые блоки;коммерческий;цена перегородочного блока;12;цена перегородочного блока
стеновые блоки;коммерческий;полистиролбетон купить екб;12;полистиролбетон купить екб
стеновые блоки;коммерческий;пескоблок полнотелый купить;10;пескоблок полнотелый купить
стеновые блоки;коммерческий;бетонный кирпич полнотелый купить;9;бетонный кирпич полнотелый купить
стеновые блоки;коммерческий;купить смесь полистиролбетон в лемана про;9;купить смесь полистиролбетон в лемана про
стеновые блоки;коммерческий;полистиролбетон стяжка пола купить;9;полистиролбетон стяжка пола купить
стеновые блоки;коммерческий;купить пескоблок цена;8;купить пескоблок цена
стеновые блоки;коммерческий;кладка арболитовых блоков цена за работу;8;кладка арболитовых блоков цена за работу
стеновые блоки;коммерческий;полистиролбетонные блоки купить в сухом логу;7;полистиролбетонные блоки купить в сухом логу
стеновые блоки;коммерческий;керамический блок перегородочный купить;7;керамический блок перегородочный купить
стеновые блоки;коммерческий;купить перегородочный блок на 100;7;купить перегородочный блок на 100
стеновые блоки;коммерческий;газобетонный блок перегородочный d500 625х100х250 мм купить;7;газобетонный блок перегородочный d500 625х100х250 мм купить
стеновые блоки;коммерческий;купить перегородочные газобетонные блоки;7;купить перегородочные газобетонные блоки
стеновые блоки;коммерческий;блок полистиролбетон купить в ключевск;7;блок полистиролбетон купить в ключевск
стеновые блоки;коммерческий;предвспениватель полистиролбетона купить в екб;7;предвспениватель полистиролбетона купить в екб
стеновые блоки;коммерческий;купить домокомплект из полистиролбетона;7;купить домокомплект из полистиролбетона
стеновые блоки;коммерческий;купить сухой полистиролбетон;7;купить сухой полистиролбетон
стеновые блоки;коммерческий;полистиролбетон сухая смесь купить;7;полистиролбетон сухая смесь купить
стеновые блоки;коммерческий;купить полистиролбетон в пышме;7;купить полистиролбетон в пышме
стеновые блоки;коммерческий;цена арболитового блока 200х300х600;6;цена арболитового блока 200х300х600
стеновые блоки;коммерческий;цена арболитового блока 200х300х600 за штуку;6;цена арболитового блока 200х300х600 за штуку
стеновые блоки;коммерческий;полистиролбетонные блоки цена за 1 шт;5;полистиролбетонные блоки цена за 1 шт
стеновые блоки;коммерческий;полистиролбетонный блок купить в петровиче;5;полистиролбетонный блок купить в петровиче
стеновые блоки;коммерческий;пескоблоки стоимость;5;пескоблоки стоимость
стеновые блоки;коммерческий;арболитовые блоки купить в нижнем;5;арболитовые блоки купить в нижнем
стеновые блоки;коммерческий;арболитовые блоки цена в челябинске;5;арболитовые блоки цена в челябинске
стеновые блоки;коммерческий;арболитовые блоки цена за штуку в уфе;5;арболитовые блоки цена за штуку в уфе
стеновые блоки;коммерческий;цена арболитовых блоков в уфе;5;цена арболитовых блоков в уфе
стеновые блоки;коммерческий;купить оборудование арболитовые блоки;5;купить оборудование арболитовые блоки
стеновые блоки;коммерческий;оборудование для производства арболитовых блоков купить;5;оборудование для производства арболитовых блоков купить
стеновые блоки;коммерческий;производство арболитовых блоков купить;5;производство арболитовых блоков купить
стеновые блоки;коммерческий;перегородочный блок оренбург купить;5;перегородочный блок оренбург купить
стеновые блоки;коммерческий;блок перегородочный 100 мм цена;5;блок перегородочный 100 мм цена
стеновые блоки;коммерческий;блок перегородочный 100 цена;5;блок перегородочный 100 цена
стеновые блоки;коммерческий;блок перегородочный газосиликатный 100 мм цена;5;блок перегородочный газосиликатный 100 мм цена
стеновые блоки;коммерческий;блоки перегородочные газосиликатные цена;5;блоки перегородочные газосиликатные цена
стеновые блоки;коммерческий;мегаблоки полистиролбетона купить;5;мегаблоки полистиролбетона купить
стеновые блоки;коммерческий;полистиролбетонные блоки 200 300 600 цена;4;полистиролбетонные блоки 200 300 600 цена
стеновые блоки;коммерческий;пескоблок цена за штуку;4;пескоблок цена за штуку
стеновые блоки;коммерческий;где купить арболитовые блоки;4;где купить арболитовые блоки
стеновые блоки;коммерческий;арболитовые блоки купить авито;4;арболитовые блоки купить авито
стеновые блоки;коммерческий;купить блок газосиликатный перегородочный;4;купить блок газосиликатный перегородочный
стеновые блоки;коммерческий;купить полистиролбетон цена;4;купить полистиролбетон цена
стеновые блоки;коммерческий;купить сдо для полистиролбетона;4;купить сдо для полистиролбетона
стеновые блоки;коммерческий;керамзитобетон цена купить;4;керамзитобетон цена купить
стеновые блоки;коммерческий;арболитовые блоки стоимость;3;арболитовые блоки стоимость
стеновые блоки;коммерческий;1 арболитовый блок цена;3;1 арболитовый блок цена
стеновые блоки;коммерческий;цена куба керамзитобетона;3;цена куба керамзитобетона
стеновые блоки;коммерческий;кирпич бетонный полнотелый 250х120х88 цена;2;кирпич бетонный полнотелый 250х120х88 цена
стеновые блоки;коммерческий;продажа арболитовых блоков;2;продажа арболитовых блоков
стеновые блоки;коммерческий;арболитовые блоки купить томске;2;арболитовые блоки купить томске
стеновые блоки;коммерческий;купить арболитовые блоки пермь;2;купить арболитовые блоки пермь
стеновые блоки;коммерческий;клей для арболитовых блоков цена;2;клей для арболитовых блоков цена
стеновые блоки;коммерческий;арболитовые блоки с облицовкой купить;2;арболитовые блоки с облицовкой купить
стеновые блоки;коммерческий;блок арболитовый цена тюмень;2;блок арболитовый цена тюмень
стеновые блоки;коммерческий;блоки перегородочные газобетон цена;2;блоки перегородочные газобетон цена
стеновые блоки;коммерческий;перегородочный блок газобетон цена за штуку;2;перегородочный блок газобетон цена за штуку
стеновые блоки;коммерческий;цена перегородочного блока за штуку;2;цена перегородочного блока за штуку
стеновые блоки;коммерческий;блоки перегородочные межкомнатные купить;2;блоки перегородочные межкомнатные купить
стеновые блоки;коммерческий;блоки перегородочные межкомнатные стеновые купить;2;блоки перегородочные межкомнатные стеновые купить
стеновые блоки;коммерческий;купить блок стеновой перегородочный;2;купить блок стеновой перегородочный
стеновые блоки;коммерческий;блок перегородочный купить нижний;2;блок перегородочный купить нижний
стеновые блоки;коммерческий;купить полистиролбетон завод;2;купить полистиролбетон завод
стеновые блоки;коммерческий;полистиролбетон плиты купить;2;полистиролбетон плиты купить
стеновые блоки;коммерческий;полистиролбетон купить цена за куб;2;полистиролбетон купить цена за куб
стеновые блоки;коммерческий;производства полистиролбетона купить;2;производства полистиролбетона купить
стеновые блоки;коммерческий;1 керамзитобетон с доставкой цена;2;1 керамзитобетон с доставкой цена
стеновые блоки;коммерческий;керамзитобетон с доставкой цена;2;керамзитобетон с доставкой цена
стеновые блоки;коммерческий;керамзитобетон цена за 1;2;керамзитобетон цена за 1
стеновые блоки;коммерческий;керамзитобетон цена за 1 м3;2;керамзитобетон цена за 1 м3
стеновые блоки;коммерческий;керамзитобетон цена за 1 м3 с доставкой;2;керамзитобетон цена за 1 м3 с доставкой
стеновые блоки;коммерческий;керамзитобетон цена за м3;2;керамзитобетон цена за м3
стеновые блоки;коммерческий;керамзитобетон цена за м3 с доставкой;2;керамзитобетон цена за м3 с доставкой
стеновые блоки;коммерческий;керамзитобетон цена за куб;2;керамзитобетон цена за куб
стеновые блоки;коммерческий;купить клей для полистиролбетонных блоков;1;купить клей для полистиролбетонных блоков
стеновые блоки;коммерческий;купить пескоблоки в иркутске;1;купить пескоблоки в иркутске
стеновые блоки;коммерческий;пескоблоки купить в иркутске цена;1;пескоблоки купить в иркутске цена
стеновые блоки;коммерческий;цена пескоблока в иркутске;1;цена пескоблока в иркутске
стеновые блоки;коммерческий;цена арболитовый блок отзывы;1;цена арболитовый блок отзывы
стеновые блоки;коммерческий;купить керамзитобетонные блоки перегородочные;1;купить керамзитобетонные блоки перегородочные
стеновые блоки;коммерческий;кладка перегородочных блоков цена;1;кладка перегородочных блоков цена
стеновые блоки;коммерческий;купить дом из полистиролбетона;1;купить дом из полистиролбетона
стеновые блоки;коммерческий;домокомплект из полистиролбетона купить с завода;1;домокомплект из полистиролбетона купить с завода
стеновые блоки;коммерческий|гео;полистиролбетон купить в екатеринбурге;201;полистиролбетон купить в екатеринбурге
стеновые блоки;коммерческий|гео;полистиролбетон в мешках купить екатеринбург;106;полистиролбетон в мешках купить екатеринбург
стеновые блоки;коммерческий|гео;арболитовые блоки купить в свердловской;103;арболитовые блоки купить в свердловской
стеновые блоки;коммерческий|гео;арболитовые блоки купить в свердловской области;103;арболитовые блоки купить в свердловской области
стеновые блоки;коммерческий|гео;бетонный кирпич купить в екатеринбурге;58;бетонный кирпич купить в екатеринбурге
стеновые блоки;коммерческий|гео;полистиролбетонные блоки купить в екатеринбурге;58;полистиролбетонные блоки купить в екатеринбурге
стеновые блоки;коммерческий|гео;купить полистиролбетон в екатеринбурге от производителя;39;купить полистиролбетон в екатеринбурге от производителя
стеновые блоки;коммерческий|гео;перегородочные блоки купить екатеринбурге;34;перегородочные блоки купить екатеринбурге
стеновые блоки;коммерческий|гео;пескоблок купить в екатеринбурге;28;пескоблок купить в екатеринбурге
стеновые блоки;коммерческий|гео;полистиролбетон в мешках купить екатеринбург готовый;25;полистиролбетон в мешках купить екатеринбург готовый
стеновые блоки;коммерческий|гео;раствор полистиролбетона купить в первоуральске;20;раствор полистиролбетона купить в первоуральске
стеновые блоки;коммерческий|гео;купить пескоблок в верхней пышме;18;купить пескоблок в верхней пышме
стеновые блоки;коммерческий|гео;арболитовые блоки купить в екатеринбурге;16;арболитовые блоки купить в екатеринбурге
стеновые блоки;коммерческий|гео;полистиролбетонные блоки купить в асбесте;14;полистиролбетонные блоки купить в асбесте
стеновые блоки;коммерческий|гео;полистиролбетонные блоки купить в екатеринбурге цена;13;полистиролбетонные блоки купить в екатеринбурге цена
стеновые блоки;коммерческий|гео;арболитовые блоки купить в красноуфимске;13;арболитовые блоки купить в красноуфимске
стеновые блоки;коммерческий|гео;полистиролбетон блок купить в екатеринбурге;13;полистиролбетон блок купить в екатеринбурге
стеновые блоки;коммерческий|гео;пескоблок 400х200х200 цена екатеринбург;9;пескоблок 400х200х200 цена екатеринбург
стеновые блоки;коммерческий|гео;купить полистиролбетонные блоки в асбест свердловской;7;купить полистиролбетонные блоки в асбест свердловской
стеновые блоки;коммерческий|гео;арболитовый блок цена в екатеринбурге;7;арболитовый блок цена в екатеринбурге
стеновые блоки;коммерческий|гео;полистиролбетон в мешках купить в каменске уральском;7;полистиролбетон в мешках купить в каменске уральском
стеновые блоки;коммерческий|гео;полистиролбетон купить в верхней пышме;7;полистиролбетон купить в верхней пышме
стеновые блоки;коммерческий|гео;купить домокомплект в екатеринбурге из полистиролбетона;6;купить домокомплект в екатеринбурге из полистиролбетона
стеновые блоки;коммерческий|гео;полистиролбетон для пола купить екатеринбург;6;полистиролбетон для пола купить екатеринбург
стеновые блоки;коммерческий|гео;кирпич бетонный полнотелый купить в екатеринбурге цена;5;кирпич бетонный полнотелый купить в екатеринбурге цена
стеновые блоки;коммерческий|гео;пескоблоки стоимость в екатеринбурге за куб;5;пескоблоки стоимость в екатеринбурге за куб
стеновые блоки;коммерческий|гео;купить пескоблок в камышлове;5;купить пескоблок в камышлове
стеновые блоки;коммерческий|гео;арболитовые блоки купить в нижнем тагиле;5;арболитовые блоки купить в нижнем тагиле
стеновые блоки;коммерческий|гео;готовый раствор полистиролбетона купить в первоуральске;5;готовый раствор полистиролбетона купить в первоуральске
стеновые блоки;коммерческий|гео;полистиролбетон купить в ирбите;5;полистиролбетон купить в ирбите
стеновые блоки;коммерческий|гео;раствор полистиролбетон купить в невьянске;5;раствор полистиролбетон купить в невьянске
стеновые блоки;коммерческий|как сделать;купить установку для полистиролбетона;3;купить установку для полистиролбетона
стеновые блоки;коммерческий|расчёт;сколько полистиролбетонных блоков в 1м3;5;сколько полистиролбетонных блоков в 1м3
стеновые блоки;коммерческий|характеристики;арболитовые блоки размеры и цена;1;арболитовые блоки размеры и цена
стеновые блоки;коммерческий|характеристики;размер арболитового блока стандарт и цена;1;размер арболитового блока стандарт и цена
стеновые блоки;применение;раствор для бетонного кирпича;3;раствор для бетонного кирпича
стеновые блоки;применение;арболитовых блоков под фундамент;3;арболитовых блоков под фундамент
стеновые блоки;применение;бетонный кирпич применение;1;бетонный кирпич применение
стеновые блоки;расчёт;сколько арболитовых блоков;52;сколько арболитовых блоков
стеновые блоки;расчёт;сколько стоит арболитовый блок;24;сколько стоит арболитовый блок
стеновые блоки;расчёт;сколько полистиролбетонных блоков;21;сколько полистиролбетонных блоков
стеновые блоки;расчёт;сколько пескоблоков;11;сколько пескоблоков
стеновые блоки;расчёт;вес бетонного кирпича;9;вес бетонного кирпича
стеновые блоки;расчёт;сколько нужно арболитовых блоков;8;сколько нужно арболитовых блоков
стеновые блоки;расчёт;сколько весит перегородочный блок;8;сколько весит перегородочный блок
стеновые блоки;расчёт;вес пескоблока;7;вес пескоблока
стеновые блоки;расчёт;сколько весит арболитовый блок;7;сколько весит арболитовый блок
стеновые блоки;расчёт;вес перегородочного блока;7;вес перегородочного блока
стеновые блоки;расчёт;сколько арболитовых блоков в поддоне;6;сколько арболитовых блоков в поддоне
стеновые блоки;расчёт;сколько арболитовых блоков в поддоне штук;6;сколько арболитовых блоков в поддоне штук
стеновые блоки;расчёт;сколько арболитовых блоков в кубе;6;сколько арболитовых блоков в кубе
стеновые блоки;расчёт;клей пена для полистиролбетонных блоков расход;5;клей пена для полистиролбетонных блоков расход
стеновые блоки;расчёт;пескоблок сколько в кубе;5;пескоблок сколько в кубе
стеновые блоки;расчёт;сколько стоит пескоблок;5;сколько стоит пескоблок
стеновые блоки;расчёт;сколько стоит перегородочный блок;5;сколько стоит перегородочный блок
стеновые блоки;расчёт;сколько весит бетонный кирпич;4;сколько весит бетонный кирпич
стеновые блоки;расчёт;вес пескоблока 400х200х200;4;вес пескоблока 400х200х200
стеновые блоки;расчёт;вес арболитового блока;4;вес арболитового блока
стеновые блоки;расчёт;посчитать арболитовые блоки;4;посчитать арболитовые блоки
стеновые блоки;расчёт;сколько стоит куб пескоблоков;3;сколько стоит куб пескоблоков
стеновые блоки;расчёт;сколько весит арболитовый блок 200х300х500;3;сколько весит арболитовый блок 200х300х500
стеновые блоки;расчёт;сколько весит арболитовый блок 200х300х500 сухой;3;сколько весит арболитовый блок 200х300х500 сухой
стеновые блоки;расчёт;арболитовые блоки сколько штук в кубе;3;арболитовые блоки сколько штук в кубе
стеновые блоки;расчёт;куб арболитовых блоков сколько штук;3;куб арболитовых блоков сколько штук
стеновые блоки;расчёт;калькулятор арболитовых блоков;3;калькулятор арболитовых блоков
стеновые блоки;расчёт;сколько в кубе перегородочных блоков;3;сколько в кубе перегородочных блоков
стеновые блоки;расчёт;полистиролбетонные блоки вес;2;полистиролбетонные блоки вес
стеновые блоки;расчёт;сколько весит полистиролбетонный блок;2;сколько весит полистиролбетонный блок
стеновые блоки;расчёт;сколько весит полистиролбетонный блок 600х300х200;2;сколько весит полистиролбетонный блок 600х300х200
стеновые блоки;расчёт;калькулятор пескоблока;2;калькулятор пескоблока
стеновые блоки;расчёт;расчет пескоблока калькулятор;2;расчет пескоблока калькулятор
стеновые блоки;расчёт;расчет пескоблоков;2;расчет пескоблоков
стеновые блоки;расчёт;калькулятор арболитовых блоков на дом;2;калькулятор арболитовых блоков на дом
стеновые блоки;расчёт;вес арболитового блока 600х300х200;2;вес арболитового блока 600х300х200
стеновые блоки;расчёт;сколько стоит куб арболитовых блоков;2;сколько стоит куб арболитовых блоков
стеновые блоки;расчёт;блоки полистиролбетонные плотность d600;1;блоки полистиролбетонные плотность d600
стеновые блоки;расчёт;плотность полистиролбетонных блоков;1;плотность полистиролбетонных блоков
стеновые блоки;расчёт;вес пескоблока 400х200х200 пустотелые;1;вес пескоблока 400х200х200 пустотелые
стеновые блоки;расчёт;вес пустотелого пескоблока;1;вес пустотелого пескоблока
стеновые блоки;расчёт;сколько весит 1 пескоблок;1;сколько весит 1 пескоблок
стеновые блоки;расчёт;сколько весит пескоблок;1;сколько весит пескоблок
стеновые блоки;расчёт;сколько нужно пескоблоков;1;сколько нужно пескоблоков
стеновые блоки;расчёт;сколько пескоблока в поддоне штук;1;сколько пескоблока в поддоне штук
стеновые блоки;расчёт;сколько пескоблоков в поддоне;1;сколько пескоблоков в поддоне
стеновые блоки;расчёт;арболитовые блоки расчет;1;арболитовые блоки расчет
стеновые блоки;расчёт;калькулятор расчета арболитовых блоков;1;калькулятор расчета арболитовых блоков
стеновые блоки;расчёт;сколько в кубе арболитовых блоков 500х300х200;1;сколько в кубе арболитовых блоков 500х300х200
стеновые блоки;расчёт;арболитовые блоки сколько нужно на дом;1;арболитовые блоки сколько нужно на дом
стеновые блоки;расчёт;расчет перегородочных блоков;1;расчет перегородочных блоков
стеновые блоки;расчёт;сколько весит перегородочный блок из газобетона;1;сколько весит перегородочный блок из газобетона
стеновые блоки;расчёт;калькулятор перегородочных блоков;1;калькулятор перегородочных блоков
стеновые блоки;расчёт;вес перегородочного блока керамзитобетона;1;вес перегородочного блока керамзитобетона
стеновые блоки;расчёт;сколько перегородочных блоков на поддоне;1;сколько перегородочных блоков на поддоне
стеновые блоки;характеристики;блок перегородочный размеры;69;блок перегородочный размеры
стеновые блоки;характеристики;арболитовые блоки размеры;36;арболитовые блоки размеры
стеновые блоки;характеристики;бетонный кирпич гост;24;бетонный кирпич гост
стеновые блоки;характеристики;размеры полистиролбетонных блоков;17;размеры полистиролбетонных блоков
стеновые блоки;характеристики;размер бетонного кирпича;14;размер бетонного кирпича
стеновые блоки;характеристики;блок межкомнатный перегородочный размеры;13;блок межкомнатный перегородочный размеры
стеновые блоки;характеристики;пескоблок размеры;12;пескоблок размеры
стеновые блоки;характеристики;перегородочный блок газобетон размеры;12;перегородочный блок газобетон размеры
стеновые блоки;характеристики;полистиролбетонный блок характеристики;11;полистиролбетонный блок характеристики
стеновые блоки;характеристики;блок перегородочный влагостойкий;9;блок перегородочный влагостойкий
стеновые блоки;характеристики;размеры стеклянных перегородочных блоков;8;размеры стеклянных перегородочных блоков
стеновые блоки;характеристики;полистиролбетонные блоки размером 200на 60 на 40;7;полистиролбетонные блоки размером 200на 60 на 40
стеновые блоки;характеристики;размер арболитового блока для стен;7;размер арболитового блока для стен
стеновые блоки;характеристики;арболитовый блок гост;4;арболитовый блок гост
стеновые блоки;характеристики;перегородочные блоки гост;4;перегородочные блоки гост
стеновые блоки;характеристики;размер пескоблока стандартный;3;размер пескоблока стандартный
стеновые блоки;характеристики;марка бетонного кирпича;2;марка бетонного кирпича
стеновые блоки;характеристики;арболитовые блоки характеристики;2;арболитовые блоки характеристики
стеновые блоки;характеристики;размер арболитового блока стандарт;2;размер арболитового блока стандарт
стеновые блоки;характеристики;арболитовые блоки состав;2;арболитовые блоки состав
стеновые блоки;характеристики;размеры арболитовых блоков для наружных стен;2;размеры арболитовых блоков для наружных стен
стеновые блоки;характеристики;каких размеров бывают перегородочные блоки;2;каких размеров бывают перегородочные блоки
стеновые блоки;характеристики;блоки перегородочные межкомнатные стеновые размеры;2;блоки перегородочные межкомнатные стеновые размеры
стеновые блоки;характеристики;виды перегородочных блоков;2;виды перегородочных блоков
стеновые блоки;характеристики;арболитовые блоки прочность;1;арболитовые блоки прочность
тротуарная плитка;;тротуарная плитка;28847;тротуарная плитка
тротуарная плитка;;тротуарная плитка 300х300х30;770;тротуарная плитка 300х300х30
тротуарная плитка;;тротуарная плитка под;734;тротуарная плитка под
тротуарная плитка;;тактильная плитка;712;тактильная плитка
тротуарная плитка;;тротуарная плитка нижний;695;тротуарная плитка нижний
тротуарная плитка;;тротуарная плитка тагил;681;тротуарная плитка тагил
тротуарная плитка;;форма для тротуарной плитки;668;форма для тротуарной плитки
тротуарная плитка;;полимерпесчаная плитка;584;полимерпесчаная плитка
тротуарная плитка;;швы тротуарной плитки;573;швы тротуарной плитки
тротуарная плитка;;тротуарная плитка город;543;тротуарная плитка город
тротуарная плитка;;поревит тротуарная плитка;520;поревит тротуарная плитка
тротуарная плитка;;плитка тротуарная 500х500х50;488;плитка тротуарная 500х500х50
тротуарная плитка;;бетонная тротуарная плитка;458;бетонная тротуарная плитка
тротуарная плитка;;старая тротуарная плитка;451;старая тротуарная плитка
тротуарная плитка;;бордюр для тротуарной плитки;441;бордюр для тротуарной плитки
тротуарная плитка;;песок для тротуарной плитки;440;песок для тротуарной плитки
тротуарная плитка;;тротуарная плитка фото;433;тротуарная плитка фото
тротуарная плитка;;храбрая тротуарная плитка;425;храбрая тротуарная плитка
тротуарная плитка;;ложу плитку тротуарную;410;ложу плитку тротуарную
тротуарная плитка;;кладу тротуарную плитку;409;кладу тротуарную плитку
тротуарная плитка;;плитка тротуарная сера;405;плитка тротуарная сера
тротуарная плитка;;тротуарная плитка серая;405;тротуарная плитка серая
тротуарная плитка;;тротуарная плитка области;404;тротуарная плитка области
тротуарная плитка;;тротуарная плитка старый город;400;тротуарная плитка старый город
тротуарная плитка;;бехатон тротуарная плитка;390;бехатон тротуарная плитка
тротуарная плитка;;тротуарная плитка от производителя;364;тротуарная плитка от производителя
тротуарная плитка;;тротуарная плитка дома;358;тротуарная плитка дома
тротуарная плитка;;ольховка тротуарная плитка;353;ольховка тротуарная плитка
тротуарная плитка;;гранитная брусчатка;343;гранитная брусчатка
тротуарная плитка;;квадратная тротуарная плитка;328;квадратная тротуарная плитка
тротуарная плитка;;тротуарная плитка кирпич;328;тротуарная плитка кирпич
тротуарная плитка;;тротуарная плитка 30 30;325;тротуарная плитка 30 30
тротуарная плитка;;стоит тротуарная плитка;320;стоит тротуарная плитка
тротуарная плитка;;тротуарная плитка уральская;303;тротуарная плитка уральская
тротуарная плитка;;завод тротуарной плитки;298;завод тротуарной плитки
тротуарная плитка;;плитка тротуарная 300 300;297;плитка тротуарная 300 300
тротуарная плитка;;тротуарная плитка сайт;294;тротуарная плитка сайт
тротуарная плитка;;полимерная тротуарная плитка;280;полимерная тротуарная плитка
тротуарная плитка;;пластиковая тротуарная плитка;277;пластиковая тротуарная плитка
тротуарная плитка;;лучшая тротуарная плитка;269;лучшая тротуарная плитка
тротуарная плитка;;тротуарная плитка м2;265;тротуарная плитка м2
тротуарная плитка;;тротуарная плитка 8;263;тротуарная плитка 8
тротуарная плитка;;изготовление тротуарной плитки;262;изготовление тротуарной плитки
тротуарная плитка;;тротуарная плитка бу;261;тротуарная плитка бу
тротуарная плитка;;тротуарная плитка официальный;260;тротуарная плитка официальный
тротуарная плитка;;квадратный метр тротуарной плитки;259;квадратный метр тротуарной плитки
тротуарная плитка;;тротуарная плитка кирпичик;259;тротуарная плитка кирпичик
тротуарная плитка;;тротуарная плитка официальный сайт;251;тротуарная плитка официальный сайт
тротуарная плитка;;тротуарная плитка 1;249;тротуарная плитка 1
тротуарная плитка;;смесь для тротуарной плитки;242;смесь для тротуарной плитки
тротуарная плитка;;между тротуарной плиткой;238;между тротуарной плиткой
тротуарная плитка;;тротуарная плитка 400х400х50;235;тротуарная плитка 400х400х50
тротуарная плитка;;можно ли тротуарную плитку;233;можно ли тротуарную плитку
тротуарная плитка;;тротуарная плитка домашняя;233;тротуарная плитка домашняя
тротуарная плитка;;толщина тротуарной плитки;229;толщина тротуарной плитки
тротуарная плитка;;пошаговая тротуарная плитка;226;пошаговая тротуарная плитка
тротуарная плитка;;тротуарная плитка в домашних условиях;224;тротуарная плитка в домашних условиях
тротуарная плитка;;раствор для тротуарной плитки;223;раствор для тротуарной плитки
тротуарная плитка;;производство тротуарной плитки;221;производство тротуарной плитки
тротуарная плитка;;авито тротуарная плитка;220;авито тротуарная плитка
тротуарная плитка;;белая тротуарная плитка;218;белая тротуарная плитка
тротуарная плитка;;песок для швов тротуарной плитки;217;песок для швов тротуарной плитки
тротуарная плитка;;тротуарная плитка во дворе;213;тротуарная плитка во дворе
тротуарная плитка;;тротуарная плитка 40 40;210;тротуарная плитка 40 40
тротуарная плитка;;тротуарная плитка где;199;тротуарная плитка где
тротуарная плитка;;вибропрессованная плитка;189;вибропрессованная плитка
тротуарная плитка;;тротуарная плитка калифорния;181;тротуарная плитка калифорния
тротуарная плитка;;цвет тротуарной плитки;173;цвет тротуарной плитки
тротуарная плитка;;тротуарная плитка 8 кирпичей;169;тротуарная плитка 8 кирпичей
тротуарная плитка;;полимерпесчаная тротуарная плитка;163;полимерпесчаная тротуарная плитка
тротуарная плитка;;тротуарная плитка коричневая;163;тротуарная плитка коричневая
тротуарная плитка;;тротуарная плитка видео;163;тротуарная плитка видео
тротуарная плитка;;тротуарная плитка клевер;162;тротуарная плитка клевер
тротуарная плитка;;тротуарная плитка 50х50;161;тротуарная плитка 50х50
тротуарная плитка;;тротуарная плитка брусчатка;159;тротуарная плитка брусчатка
тротуарная плитка;;песчаные тротуарные плитки;155;песчаные тротуарные плитки
тротуарная плитка;;плитка тротуарная 30х30;152;плитка тротуарная 30х30
тротуарная плитка;;рисунок тротуарной плитки;149;рисунок тротуарной плитки
тротуарная плитка;;тротуарная плитка берит;149;тротуарная плитка берит
тротуарная плитка;;авант тротуарная плитка;147;авант тротуарная плитка
тротуарная плитка;;тротуарная плитка 100 100;146;тротуарная плитка 100 100
тротуарная плитка;;тротуарная плитка без;145;тротуарная плитка без
тротуарная плитка;;тротуарная плитка тучка;142;тротуарная плитка тучка
тротуарная плитка;;тротуарная плитка уральск;139;тротуарная плитка уральск
тротуарная плитка;;белая река плитка тротуарная;139;белая река плитка тротуарная
тротуарная плитка;;река плитка тротуарная;139;река плитка тротуарная
тротуарная плитка;;сом плитка тротуарная;139;сом плитка тротуарная
тротуарная плитка;;вибростол для тротуарной плитки;134;вибростол для тротуарной плитки
тротуарная плитка;;тротуарная плитка 40х40;133;тротуарная плитка 40х40
тротуарная плитка;;тротуарная плитка 80 80;131;тротуарная плитка 80 80
тротуарная плитка;;тротуарная плитка район;128;тротуарная плитка район
тротуарная плитка;;тротуарная плитка пышма;128;тротуарная плитка пышма
тротуарная плитка;;частные дворы тротуарной плитки;126;частные дворы тротуарной плитки
тротуарная плитка;;цемент для тротуарной плитки;125;цемент для тротуарной плитки
тротуарная плитка;;тротуарная плитка для дачи;118;тротуарная плитка для дачи
тротуарная плитка;;тротуарная плитка 200 200;117;тротуарная плитка 200 200
тротуарная плитка;;вибропрессованная тротуарная плитка;117;вибропрессованная тротуарная плитка
тротуарная плитка;;гаммаплит тротуарная плитка;117;гаммаплит тротуарная плитка
тротуарная плитка;;полимерный песок для тротуарной плитки;116;полимерный песок для тротуарной плитки
тротуарная плитка;;тротуарная плитка во дворе дома;113;тротуарная плитка во дворе дома
тротуарная плитка;;м плитка тротуарный;112;м плитка тротуарный
тротуарная плитка;;самому тротуарную плитку;112;самому тротуарную плитку
тротуарная плитка;;тротуарная плитка квадрат;111;тротуарная плитка квадрат
тротуарная плитка;;кв тротуарной плитки;110;кв тротуарной плитки
тротуарная плитка;;тротуарная плитка во дворе частного дома;109;тротуарная плитка во дворе частного дома
тротуарная плитка;;черная тротуарная плитка;109;черная тротуарная плитка
тротуарная плитка;;тротуарная плитка для дорожек;109;тротуарная плитка для дорожек
тротуарная плитка;;озон тротуарная плитка;108;озон тротуарная плитка
тротуарная плитка;;тротуарная плитка катушка;107;тротуарная плитка катушка
тротуарная плитка;;отмостка из тротуарной плитки;107;отмостка из тротуарной плитки
тротуарная плитка;;тротуарная плитка см;107;тротуарная плитка см
тротуарная плитка;;новая тротуарная плитка;106;новая тротуарная плитка
тротуарная плитка;;тротуарная плитка нова;106;тротуарная плитка нова
тротуарная плитка;;тактильная плитка бетонная;106;тактильная плитка бетонная
тротуарная плитка;;тротуарная плитка на бетонное основание;105;тротуарная плитка на бетонное основание
тротуарная плитка;;магазин тротуарной плитки;105;магазин тротуарной плитки
тротуарная плитка;;брусчатка бетонная;90;брусчатка бетонная / бетонная брусчатка
тротуарная плитка;;вибролитая плитка;84;вибролитая плитка
тротуарная плитка;;вибролитые плитки;84;вибролитые плитки
тротуарная плитка;;тактильная плитка желтая;68;тактильная плитка желтая
тротуарная плитка;;пластиковый бордюр для тротуарной плитки;63;пластиковый бордюр для тротуарной плитки
тротуарная плитка;;вибролитая тротуарная плитка;52;вибролитая тротуарная плитка
тротуарная плитка;;рифы тактильной плитки;52;рифы тактильной плитки
тротуарная плитка;;металлический бордюр для тротуарной плитки;46;металлический бордюр для тротуарной плитки
тротуарная плитка;;тактильная плитка конусами;45;тактильная плитка конусами
тротуарная плитка;;гранитная тактильная плитка;44;гранитная тактильная плитка
тротуарная плитка;;плитка полимерпесчаная 330х330;41;плитка полимерпесчаная 330х330
тротуарная плитка;;тактильная плитка пвх;40;тактильная плитка пвх
тротуарная плитка;;брусчатка гранитная колотая;38;брусчатка гранитная колотая
тротуарная плитка;;тактильная плитка 500 500;33;тактильная плитка 500 500
тротуарная плитка;;тактильная плитка линейная;30;тактильная плитка линейная
тротуарная плитка;;тактильная тротуарная плитка;30;тактильная тротуарная плитка
тротуарная плитка;;плитка тактильная 500х500х50;28;плитка тактильная 500х500х50
тротуарная плитка;;брусчатка гранитная 100 100 100;28;брусчатка гранитная 100 100 100
тротуарная плитка;;тактильная плитка 500х500;27;тактильная плитка 500х500
тротуарная плитка;;цвет тактильной плитки;27;цвет тактильной плитки
тротуарная плитка;;брусчатка на бетонное основание;26;брусчатка на бетонное основание
тротуарная плитка;;плитка вибропрессованная тротуарная форма;25;плитка вибропрессованная тротуарная форма
тротуарная плитка;;плитка полимерпесчаная уличная;24;плитка полимерпесчаная уличная
тротуарная плитка;;тактильная плитка для инвалидов;22;тактильная плитка для инвалидов
тротуарная плитка;;плитка полимерпесчаная серая;22;плитка полимерпесчаная серая
тротуарная плитка;;тактильная плитка желтая конус;21;тактильная плитка желтая конус
тротуарная плитка;;плитка тактильная конус линейный;21;плитка тактильная конус линейный
тротуарная плитка;;плитка полимерпесчаная 330х330х20;20;плитка полимерпесчаная 330х330х20
тротуарная плитка;;тротуарная плитка без бордюра;20;тротуарная плитка без бордюра
тротуарная плитка;;тактильная плитка 50 50;18;тактильная плитка 50 50
тротуарная плитка;;полимерпесчаная плитка авито;18;полимерпесчаная плитка авито
тротуарная плитка;;тактильная плитка пу;17;тактильная плитка пу
тротуарная плитка;;где тактильную плитку;17;где тактильную плитку
тротуарная плитка;;клей для тактильной плитки;16;клей для тактильной плитки
тротуарная плитка;;тактильная плитка 500 500 50;16;тактильная плитка 500 500 50
тротуарная плитка;;тактильная плитка полосы;16;тактильная плитка полосы
тротуарная плитка;;бетонная тротуарная брусчатка;16;бетонная тротуарная брусчатка
тротуарная плитка;;плитка бетонная вибропрессованная;15;плитка бетонная вибропрессованная
тротуарная плитка;;плитка тактильная 300х300;15;плитка тактильная 300х300
тротуарная плитка;;тактильная плитка желтого цвета;15;тактильная плитка желтого цвета
тротуарная плитка;;тактильная плитка препятствие;15;тактильная плитка препятствие
тротуарная плитка;;тактильная плитка продольная;15;тактильная плитка продольная
тротуарная плитка;;направление тактильной плитки;15;направление тактильной плитки
тротуарная плитка;;полимерпесчаная плитка верхний тагил;15;полимерпесчаная плитка верхний тагил
тротуарная плитка;;плитка садовая полимерпесчаная;15;плитка садовая полимерпесчаная
тротуарная плитка;;полимерпесчаная плитка для садовых дорожек;15;полимерпесчаная плитка для садовых дорожек
тротуарная плитка;;тактильная плитка 300 300;14;тактильная плитка 300 300
тротуарная плитка;;брусчатка гранитная пиленная;14;брусчатка гранитная пиленная
тротуарная плитка;;гранитная брусчатка серая;14;гранитная брусчатка серая
тротуарная плитка;;бордюр под тротуарную плитку;14;бордюр под тротуарную плитку
тротуарная плитка;;какую полимерпесчаную плитку;13;какую полимерпесчаную плитку
тротуарная плитка;;производство бордюров и тротуарной плитки;13;производство бордюров и тротуарной плитки
тротуарная плитка;;бордюр уголок для тротуарной плитки;13;бордюр уголок для тротуарной плитки
тротуарная плитка;;конусообразная тактильная плитка;12;конусообразная тактильная плитка
тротуарная плитка;;тактильная плитка конусообразный риф;12;тактильная плитка конусообразный риф
тротуарная плитка;;полимерпесчаная плитка на бетон;12;полимерпесчаная плитка на бетон
тротуарная плитка;;гранитная галтованная брусчатка;12;гранитная галтованная брусчатка
тротуарная плитка;;тротуарная плитка вибролитая 300х300х30 мм;11;тротуарная плитка вибролитая 300х300х30 мм
тротуарная плитка;;плитка тактильная бетонная желтая;11;плитка тактильная бетонная желтая
тротуарная плитка;;тактильная плитка преодолимое препятствие;11;тактильная плитка преодолимое препятствие
тротуарная плитка;;плитка тактильная поле;11;плитка тактильная поле
тротуарная плитка;;тактильная плитка пу конус;11;тактильная плитка пу конус
тротуарная плитка;;тактильная плитка линейные рифы;11;тактильная плитка линейные рифы
тротуарная плитка;;бетонная плитка брусчатка;11;бетонная плитка брусчатка
тротуарная плитка;;брусчатка тротуарная гранитная;11;брусчатка тротуарная гранитная
тротуарная плитка;;гранитная брусчатка москва;11;гранитная брусчатка москва
тротуарная плитка;;вибропрессованная тротуарная плитка завод;10;вибропрессованная тротуарная плитка завод
тротуарная плитка;;вибропрессованная тротуарная плитка завод гранит;10;вибропрессованная тротуарная плитка завод гранит
тротуарная плитка;;завод вибропрессованной плитки;10;завод вибропрессованной плитки
тротуарная плитка;;тактильная плитка 2018;10;тактильная плитка 2018
тротуарная плитка;;тактильная плитка внимание;10;тактильная плитка внимание
тротуарная плитка;;плитка тактильная пу конус линейный;10;плитка тактильная пу конус линейный
тротуарная плитка;;тактильная плитка 300х300х50;10;тактильная плитка 300х300х50
тротуарная плитка;;тактильная плитка полиуретан;10;тактильная плитка полиуретан
тротуарная плитка;;пандус тактильная плитка;10;пандус тактильная плитка
тротуарная плитка;;конусная тактильная плитка;10;конусная тактильная плитка
тротуарная плитка;;пластиковая тактильная плитка;10;пластиковая тактильная плитка
тротуарная плитка;;полимерпесчаная плитка хорошо;10;полимерпесчаная плитка хорошо
тротуарная плитка;;полимерпесчаная плитка что это за материал;10;полимерпесчаная плитка что это за материал
тротуарная плитка;;оцинкованный бордюр для тротуарной плитки;10;оцинкованный бордюр для тротуарной плитки
тротуарная плитка;;речной песок для брусчатки;9;речной песок для брусчатки
тротуарная плитка;;плитка тротуарная вибропрессованная 300х300х60;9;плитка тротуарная вибропрессованная 300х300х60
тротуарная плитка;;тротуарная плитка вибролитая гладкая 300х300х30 мм серая;9;тротуарная плитка вибролитая гладкая 300х300х30 мм серая
тротуарная плитка;;тактильная плитка внимание препятствие;9;тактильная плитка внимание препятствие
тротуарная плитка;;тактильная плитка поле внимания;9;тактильная плитка поле внимания
тротуарная плитка;;тактильная плитка керамогранит;9;тактильная плитка керамогранит
тротуарная плитка;;плитка тактильная преодолимое препятствие конусы линейные;9;плитка тактильная преодолимое препятствие конусы линейные
тротуарная плитка;;плитка тротуарная полимерпесчаная 330х330х20;9;плитка тротуарная полимерпесчаная 330х330х20
тротуарная плитка;;плитка тротуарная полимерпесчаная 330х330х20 мм;9;плитка тротуарная полимерпесчаная 330х330х20 мм
тротуарная плитка;;полимерпесчаная плитка омск;9;полимерпесчаная плитка омск
тротуарная плитка;;брусчатка гранитная колото пиленная;9;брусчатка гранитная колото пиленная
тротуарная плитка;;брусчатки гранитной пилено колотой;9;брусчатки гранитной пилено колотой
тротуарная плитка;;пиленая гранитная брусчатка;9;пиленая гранитная брусчатка
тротуарная плитка;;плитка вибропрессованная квадрат;8;плитка вибропрессованная квадрат
тротуарная плитка;;плитка вибропрессованная тротуарная форма прямоугольник;8;плитка вибропрессованная тротуарная форма прямоугольник
тротуарная плитка;;полиуретановой тактильной плитки;8;полиуретановой тактильной плитки
тротуарная плитка;;тактильная плитка конусы бетонная;8;тактильная плитка конусы бетонная
тротуарная плитка;;бетонная тактильная плитка 500х500х50;8;бетонная тактильная плитка 500х500х50
тротуарная плитка;;тактильная плитка 300х300 мм;8;тактильная плитка 300х300 мм
тротуарная плитка;;тактильная плитка расположение;8;тактильная плитка расположение
тротуарная плитка;;тактильная плитка направление движения;8;тактильная плитка направление движения
тротуарная плитка;;полимерпесчаная плитка на бетонное основание;8;полимерпесчаная плитка на бетонное основание
тротуарная плитка;;полимерпесчаная плитка отзывы;8;полимерпесчаная плитка отзывы
тротуарная плитка;;раствор для бордюров тротуарной плитки;8;раствор для бордюров тротуарной плитки
тротуарная плитка;;пластиковый бордюр для тротуарной плитки отзывы;8;пластиковый бордюр для тротуарной плитки отзывы
тротуарная плитка;;линия по производству тротуарной плитки и бордюров;8;линия по производству тротуарной плитки и бордюров
тротуарная плитка;;тротуарная плитка вибролитая вибропрессованная;7;тротуарная плитка вибролитая вибропрессованная
тротуарная плитка;;плитка вибропрессованная тротуарная форма квадрат;7;плитка вибропрессованная тротуарная форма квадрат
тротуарная плитка;;тактильная плитка 500х500х80;7;тактильная плитка 500х500х80
тротуарная плитка;;клей двухкомпонентный для тактильной плитки;7;клей двухкомпонентный для тактильной плитки
тротуарная плитка;;металлические тактильные плитки;7;металлические тактильные плитки
тротуарная плитка;;плитка тротуарная тактильная желтая;7;плитка тротуарная тактильная желтая
тротуарная плитка;;тактильная плитка 500х500х50 желтая;7;тактильная плитка 500х500х50 желтая
тротуарная плитка;;плитка тактильная 300х300 мм пвх;7;плитка тактильная 300х300 мм пвх
тротуарная плитка;;тактильная плитка пвх 300х300;7;тактильная плитка пвх 300х300
тротуарная плитка;;высота тактильной плитки;7;высота тактильной плитки
тротуарная плитка;;тактильная плитка тпу;7;тактильная плитка тпу
тротуарная плитка;;тактильная плитка конусный риф;7;тактильная плитка конусный риф
тротуарная плитка;;полимерпесчаная плитка производство;7;полимерпесчаная плитка производство
тротуарная плитка;;плитка тротуарная полимерпесчаная 250х250х20;7;плитка тротуарная полимерпесчаная 250х250х20
тротуарная плитка;;брусчатка бетонная м2;7;брусчатка бетонная м2
тротуарная плитка;;брусчатка гранитная темно серая;7;брусчатка гранитная темно серая
тротуарная плитка;;гранитная брусчатка возрождение;7;гранитная брусчатка возрождение
тротуарная плитка;;коричневая тротуарная плитка с серыми бордюрами;7;коричневая тротуарная плитка с серыми бордюрами
тротуарная плитка;;тактильная плитка на крыльце;6;тактильная плитка на крыльце
тротуарная плитка;;тактильная плитка для улицы;6;тактильная плитка для улицы
тротуарная плитка;;тактильно контрастная плитка;6;тактильно контрастная плитка
тротуарная плитка;;тактильная плитка 30 30;6;тактильная плитка 30 30
тротуарная плитка;;шахматная тактильная плитка;6;шахматная тактильная плитка
тротуарная плитка;;полимерпесчаная плитка на фанеру;6;полимерпесчаная плитка на фанеру
тротуарная плитка;;клей для полимерпесчаной плитки;6;клей для полимерпесчаной плитки
тротуарная плитка;;гранитная брусчатка новосибирск;6;гранитная брусчатка новосибирск
тротуарная плитка;;брусчатка гранитная за м2;6;брусчатка гранитная за м2
тротуарная плитка;;гранитная галтованная брусчатка москва;6;гранитная галтованная брусчатка москва
тротуарная плитка;;бордюр тротуарный вибропрессованный;6;бордюр тротуарный вибропрессованный
тротуарная плитка;;речной песок для тротуарной плитки;5;речной песок для тротуарной плитки
тротуарная плитка;;толщина тактильной плитки;5;толщина тактильной плитки
тротуарная плитка;;двухкомпонентный полиуретановый клей для тактильной плитки;5;двухкомпонентный полиуретановый клей для тактильной плитки
тротуарная плитка;;бетонная тактильная плитка 500х500х50 желтая;5;бетонная тактильная плитка 500х500х50 желтая
тротуарная плитка;;полимерная тактильная плитка;5;полимерная тактильная плитка
тротуарная плитка;;полимерно песчаная тактильная плитка;5;полимерно песчаная тактильная плитка
тротуарная плитка;;расценка тактильная плитка;5;расценка тактильная плитка
тротуарная плитка;;тактильная бетонная плитка тендер;5;тактильная бетонная плитка тендер
тротуарная плитка;;тактильная плитка 500 500 80;5;тактильная плитка 500 500 80
тротуарная плитка;;тактильная плитка 500х500х50 мм;5;тактильная плитка 500х500х50 мм
тротуарная плитка;;тактильная плитка 80;5;тактильная плитка 80
тротуарная плитка;;тактильная плитка расценка в смете;5;тактильная плитка расценка в смете
тротуарная плитка;;тактильная плитка смета;5;тактильная плитка смета
тротуарная плитка;;тактильная плитка перед пандусом;5;тактильная плитка перед пандусом
тротуарная плитка;;сп тактильная плитка;5;сп тактильная плитка
тротуарная плитка;;тактильная плитка dwg;5;тактильная плитка dwg
тротуарная плитка;;тактильная плитка 500 500 мм;5;тактильная плитка 500 500 мм
тротуарная плитка;;тактильная плитка брусяны;5;тактильная плитка брусяны
тротуарная плитка;;плитка тротуарная полимерпесчаная 250х250х20 мм;5;плитка тротуарная полимерпесчаная 250х250х20 мм
тротуарная плитка;;полимерпесчаная плитка от производителя;5;полимерпесчаная плитка от производителя
тротуарная плитка;;полимерпесчаная плитка для лестницы;5;полимерпесчаная плитка для лестницы
тротуарная плитка;;полимерпесчаная плитка обзор;5;полимерпесчаная плитка обзор
тротуарная плитка;;брусчатка тротуарная бетонная декоративная;5;брусчатка тротуарная бетонная декоративная
тротуарная плитка;;плитка бетонная тротуарная брусчатка;5;плитка бетонная тротуарная брусчатка
тротуарная плитка;;плитка бетонная тротуарная декоративная брусчатка;5;плитка бетонная тротуарная декоративная брусчатка
тротуарная плитка;;гранитная брусчатка 80 мм;5;гранитная брусчатка 80 мм
тротуарная плитка;;гранитная брусчатка термообработанная;5;гранитная брусчатка термообработанная
тротуарная плитка;;лучшая вибропрессованная плитка;4;лучшая вибропрессованная плитка
тротуарная плитка;;тактильная плитка конус шахматный;4;тактильная плитка конус шахматный
тротуарная плитка;;тактильная керамическая плитка;4;тактильная керамическая плитка
тротуарная плитка;;тактильная плитка конус в ряд;4;тактильная плитка конус в ряд
тротуарная плитка;;тактильная плитка лобас;4;тактильная плитка лобас
тротуарная плитка;;тактильная плитка пвх конус;4;тактильная плитка пвх конус
тротуарная плитка;;окпд 2 тактильная плитка;4;окпд 2 тактильная плитка
тротуарная плитка;;плитка тактильная бетонная 500х500х50 мм;4;плитка тактильная бетонная 500х500х50 мм
тротуарная плитка;;тактильная напольная плитка;4;тактильная напольная плитка
тротуарная плитка;;тактильная плитка 500 500 бетонная;4;тактильная плитка 500 500 бетонная
тротуарная плитка;;тактильная плитка бетонная 500х500х50 мм желтая;4;тактильная плитка бетонная 500х500х50 мм желтая
тротуарная плитка;;тактильная плитка челябинск;4;тактильная плитка челябинск
тротуарная плитка;;тактильная плитка с продольными рифами;4;тактильная плитка с продольными рифами
тротуарная плитка;;тип тактильной плитки;4;тип тактильной плитки
тротуарная плитка;;тактильная плитка бетон;4;тактильная плитка бетон
тротуарная плитка;;тактильная плитка перед дверью;4;тактильная плитка перед дверью
тротуарная плитка;;тактильная плитка для помещений;4;тактильная плитка для помещений
тротуарная плитка;;производитель тактильной плитки;4;производитель тактильной плитки
тротуарная плитка;;плитка полимерпесчаная 330х330х35;4;плитка полимерпесчаная 330х330х35
тротуарная плитка;;полимерпесчаная тротуарная плитка отзывы;4;полимерпесчаная тротуарная плитка отзывы
тротуарная плитка;;плитка полимерпесчаная тротуарная садовая;4;плитка полимерпесчаная тротуарная садовая
тротуарная плитка;;бетонная плита под брусчатку;4;бетонная плита под брусчатку
тротуарная плитка;;клей для брусчатки на бетонное основание;4;клей для брусчатки на бетонное основание
тротуарная плитка;;толщина гранитной брусчатки;4;толщина гранитной брусчатки
тротуарная плитка;;гранитная брусчатка дымовское;4;гранитная брусчатка дымовское
тротуарная плитка;;гранитная дорожка брусчатка;4;гранитная дорожка брусчатка
тротуарная плитка;;гранитная брусчатка мансуровская;4;гранитная брусчатка мансуровская
тротуарная плитка;;гранитная брусчатка на кладбище;4;гранитная брусчатка на кладбище
тротуарная плитка;;гранитный отсев для тротуарной плитки;3;гранитный отсев для тротуарной плитки
тротуарная плитка;;вибропрессованная тротуарная плитка производители;3;вибропрессованная тротуарная плитка производители
тротуарная плитка;;плитка вибропрессованная производитель;3;плитка вибропрессованная производитель
тротуарная плитка;;плитка бетонная тротуарная вибропрессованная;3;плитка бетонная тротуарная вибропрессованная
тротуарная плитка;;плитка вибропрессованная 500 500;3;плитка вибропрессованная 500 500
тротуарная плитка;;плитка вибропрессованная 60 мм;3;плитка вибропрессованная 60 мм
тротуарная плитка;;плитка вибропрессованная farbstein;3;плитка вибропрессованная farbstein
тротуарная плитка;;плитка вибропрессованная тротуарная 300х200х40 мм;3;плитка вибропрессованная тротуарная 300х200х40 мм
тротуарная плитка;;плитка тактильная полимерпесчаная;3;плитка тактильная полимерпесчаная
тротуарная плитка;;плитка тротуарная тактильная 500х500х50;3;плитка тротуарная тактильная 500х500х50
тротуарная плитка;;тактильные плитки усеченные конусы;3;тактильные плитки усеченные конусы
тротуарная плитка;;плитка тактильная контрастная со сменными рифами;3;плитка тактильная контрастная со сменными рифами
тротуарная плитка;;плитка тактильная со сменными рифами;3;плитка тактильная со сменными рифами
тротуарная плитка;;формы для тактильной плитки;3;формы для тактильной плитки
тротуарная плитка;;тактильная плитка 300 300 желтая;3;тактильная плитка 300 300 желтая
тротуарная плитка;;тактильная плитка конус 300 300;3;тактильная плитка конус 300 300
тротуарная плитка;;тактильная плитка на входе;3;тактильная плитка на входе
тротуарная плитка;;тактильная плитка пвх желтая;3;тактильная плитка пвх желтая
тротуарная плитка;;бетонная тактильная плитка продольный риф;3;бетонная тактильная плитка продольный риф
тротуарная плитка;;рельефная тактильная плитка;3;рельефная тактильная плитка
тротуарная плитка;;тактильная плитка москва;3;тактильная плитка москва
тротуарная плитка;;плитка тактильная пвх толщина;3;плитка тактильная пвх толщина
тротуарная плитка;;где устанавливается тактильная плитка;3;где устанавливается тактильная плитка
тротуарная плитка;;тактильная плитка наклейка;3;тактильная плитка наклейка
тротуарная плитка;;тактильная плитка 500х500 мм;3;тактильная плитка 500х500 мм
тротуарная плитка;;тактильная плитка движение прямо;3;тактильная плитка движение прямо
тротуарная плитка;;тактильная плитка перед входом;3;тактильная плитка перед входом
тротуарная плитка;;требования по тактильной плитке;3;требования по тактильной плитке
тротуарная плитка;;плитка полимерпесчаная 330x330x35 мм;3;плитка полимерпесчаная 330x330x35 мм
тротуарная плитка;;плитка полимерпесчаная коричневая;3;плитка полимерпесчаная коричневая
тротуарная плитка;;плитка полимерпесчаная в нижнем;3;плитка полимерпесчаная в нижнем
тротуарная плитка;;полимерпесчаная плитка узкая;3;полимерпесчаная плитка узкая
тротуарная плитка;;мощение бетонной брусчаткой;3;мощение бетонной брусчаткой
тротуарная плитка;;бетонное основание под брусчатку;3;бетонное основание под брусчатку
тротуарная плитка;;брусчатка бетонная серая;3;брусчатка бетонная серая
тротуарная плитка;;брусчатка на бетонную отмостку;3;брусчатка на бетонную отмостку
тротуарная плитка;;брусчатка гранитная черная;3;брусчатка гранитная черная
тротуарная плитка;;гранитная брусчатка габбро;3;гранитная брусчатка габбро
тротуарная плитка;;гранитная брусчатка полнопиленная;3;гранитная брусчатка полнопиленная
тротуарная плитка;;плитка вибропрессованная брусчатка;2;плитка вибропрессованная брусчатка
тротуарная плитка;;плитка вибропрессованная тротуарная сертификат;2;плитка вибропрессованная тротуарная сертификат
тротуарная плитка;;клей для тактильной плитки для улицы;2;клей для тактильной плитки для улицы
тротуарная плитка;;пластфактор тактильная плитка;2;пластфактор тактильная плитка
тротуарная плитка;;тактильная плитка на тротуаре;2;тактильная плитка на тротуаре
тротуарная плитка;;плитка тактильная конус в линейном порядке;2;плитка тактильная конус в линейном порядке
тротуарная плитка;;клей для тактильной плитки пвх;2;клей для тактильной плитки пвх
тротуарная плитка;;нормы тактильной плитки;2;нормы тактильной плитки
тротуарная плитка;;доступная среда тактильная плитка;2;доступная среда тактильная плитка
тротуарная плитка;;плитка тактильная 300х300 конусы;2;плитка тактильная 300х300 конусы
тротуарная плитка;;тактильная плитка пвх конус линейный;2;тактильная плитка пвх конус линейный
тротуарная плитка;;тактильная плитка ретайл;2;тактильная плитка ретайл
тротуарная плитка;;бетонная тактильная плитка 300х300х50;2;бетонная тактильная плитка 300х300х50
тротуарная плитка;;конус риф линейный тактильная плитка;2;конус риф линейный тактильная плитка
тротуарная плитка;;плитка тактильная 300х300 желтая;2;плитка тактильная 300х300 желтая
тротуарная плитка;;плитка тактильная направление движения полоса;2;плитка тактильная направление движения полоса
тротуарная плитка;;плитки тактильные для полов;2;плитки тактильные для полов
тротуарная плитка;;предупреждающие тактильные плитки;2;предупреждающие тактильные плитки
тротуарная плитка;;тактильная плитка для инвалидов желтая;2;тактильная плитка для инвалидов желтая
тротуарная плитка;;тактильная плитка для слабовидящих;2;тактильная плитка для слабовидящих
тротуарная плитка;;тактильная плитка на переходе;2;тактильная плитка на переходе
тротуарная плитка;;тактильная плитка непреодолимое препятствие;2;тактильная плитка непреодолимое препятствие
тротуарная плитка;;тактильная плитка прямой риф;2;тактильная плитка прямой риф
тротуарная плитка;;что значит тактильная плитка;2;что значит тактильная плитка
тротуарная плитка;;тактильная плитка схемы;2;тактильная плитка схемы
тротуарная плитка;;тактильная плитка для мгн;2;тактильная плитка для мгн
тротуарная плитка;;ширина тактильной плитки;2;ширина тактильной плитки
тротуарная плитка;;тактильная плитка пешеходный переход;2;тактильная плитка пешеходный переход
тротуарная плитка;;полимерпесчаная плитка для крыльца;2;полимерпесчаная плитка для крыльца
тротуарная плитка;;полимерпесчаная плитка для ступеней;2;полимерпесчаная плитка для ступеней
тротуарная плитка;;полимерпесчаная плитка для ступеней крыльца;2;полимерпесчаная плитка для ступеней крыльца
тротуарная плитка;;полимерпесчаная плитка раствор;2;полимерпесчаная плитка раствор
тротуарная плитка;;чем покрасить полимерпесчаную плитку;2;чем покрасить полимерпесчаную плитку
тротуарная плитка;;полимерпесчаные плитки 30 30;2;полимерпесчаные плитки 30 30
тротуарная плитка;;на что клеить полимерпесчаную плитку;2;на что клеить полимерпесчаную плитку
тротуарная плитка;;дорожка из полимерпесчаной плитки;2;дорожка из полимерпесчаной плитки
тротуарная плитка;;плитка полимерпесчаная 330 330 20;2;плитка полимерпесчаная 330 330 20
тротуарная плитка;;полимерпесчаная плитка 330 330;2;полимерпесчаная плитка 330 330
тротуарная плитка;;бордюр для полимерпесчаной плитки;2;бордюр для полимерпесчаной плитки
тротуарная плитка;;бордюр для тротуарной плитки полимерпесчаный;2;бордюр для тротуарной плитки полимерпесчаный
тротуарная плитка;;полимерпесчаная плитка фото;2;полимерпесчаная плитка фото
тротуарная плитка;;полимерпесчаный композит плитка;2;полимерпесчаный композит плитка
тротуарная плитка;;плитка тротуарная полимерпесчаная 300х300х30;2;плитка тротуарная полимерпесчаная 300х300х30
тротуарная плитка;;плитка тротуарная полимерпесчаная 300х300х30 мм;2;плитка тротуарная полимерпесчаная 300х300х30 мм
тротуарная плитка;;полимерпесчаная плитка на землю;2;полимерпесчаная плитка на землю
тротуарная плитка;;бетонная брусчатка волна;2;бетонная брусчатка волна
тротуарная плитка;;брусчатка из гранитной крошки;2;брусчатка из гранитной крошки
тротуарная плитка;;брусчатка спб гранитная;2;брусчатка спб гранитная
тротуарная плитка;;брусчатка гранитная колотая 100х100х100;2;брусчатка гранитная колотая 100х100х100
тротуарная плитка;;гранитная брусчатка габбро диабаз;2;гранитная брусчатка габбро диабаз
тротуарная плитка;;гранитная брусчатка карелия;2;гранитная брусчатка карелия
тротуарная плитка;;гранитная брусчатка коричневая;2;гранитная брусчатка коричневая
тротуарная плитка;;гранитная брусчатка цветок урала;2;гранитная брусчатка цветок урала
тротуарная плитка;;гранитная брусчатка 100х100х50;2;гранитная брусчатка 100х100х50
тротуарная плитка;;бордюр дорожный вибропрессованный;2;бордюр дорожный вибропрессованный
тротуарная плитка;;лоток водоотводный бетонный для тротуарной плитки;2;лоток водоотводный бетонный для тротуарной плитки
тротуарная плитка;;вибропрессованная тротуарная плитка старый город;1;вибропрессованная тротуарная плитка старый город
тротуарная плитка;;вибропрессованная плитка 400 на 400;1;вибропрессованная плитка 400 на 400
тротуарная плитка;;плитка вибропрессованная 40х40;1;плитка вибропрессованная 40х40
тротуарная плитка;;плитка вибропрессованная тротуарная 40х40;1;плитка вибропрессованная тротуарная 40х40
тротуарная плитка;;плитка тротуарная от вибропрессованной отличия;1;плитка тротуарная от вибропрессованной отличия
тротуарная плитка;;вибролитая бетонная плитка;1;вибролитая бетонная плитка
тротуарная плитка;;производство вибролитой плитки;1;производство вибролитой плитки
тротуарная плитка;;вибролитая тротуарная плитка отзывы;1;вибролитая тротуарная плитка отзывы
тротуарная плитка;;тактильная плитка шахматный порядок;1;тактильная плитка шахматный порядок
тротуарная плитка;;плитка тактильная конус в ряд пвх;1;плитка тактильная конус в ряд пвх
тротуарная плитка;;тактильная плитка 300 300 50;1;тактильная плитка 300 300 50
тротуарная плитка;;тактильная плитка пвх желтый конус;1;тактильная плитка пвх желтый конус
тротуарная плитка;;значение тактильной плитки;1;значение тактильной плитки
тротуарная плитка;;тактильные плитки для слепых;1;тактильные плитки для слепых
тротуарная плитка;;керамогранитная тактильная плитка;1;керамогранитная тактильная плитка
тротуарная плитка;;материал тактильной плитки;1;материал тактильной плитки
тротуарная плитка;;бетонная тактильная плитка линейный конус;1;бетонная тактильная плитка линейный конус
тротуарная плитка;;вертикаль тактильная плитка;1;вертикаль тактильная плитка
тротуарная плитка;;на что класть полимерпесчаную плитку;1;на что класть полимерпесчаную плитку
тротуарная плитка;;полимерпесчаная плитка дзержинск;1;полимерпесчаная плитка дзержинск
тротуарная плитка;;неокомпозит плитка полимерпесчаная;1;неокомпозит плитка полимерпесчаная
тротуарная плитка;;плитка полимерпесчаная 330x330x35 мм коричневый;1;плитка полимерпесчаная 330x330x35 мм коричневый
тротуарная плитка;;плитка полимерпесчаная 450 450;1;плитка полимерпесчаная 450 450
тротуарная плитка;;плитка тротуарная полимерпесчаная 450 450 30;1;плитка тротуарная полимерпесчаная 450 450 30
тротуарная плитка;;плитка полимерпесчаная 330x330 мм;1;плитка полимерпесчаная 330x330 мм
тротуарная плитка;;полимерпесчаная плитка для отмостки;1;полимерпесчаная плитка для отмостки
тротуарная плитка;;полимерпесчаная плитка отзывы владельцев;1;полимерпесчаная плитка отзывы владельцев
тротуарная плитка;;плитка 50х50 полимерпесчаная;1;плитка 50х50 полимерпесчаная
тротуарная плитка;;плитка тротуарная 50х50 полимерпесчаная;1;плитка тротуарная 50х50 полимерпесчаная
тротуарная плитка;;плитка тротуарная полимерпесчаная 250x250x20 мм;1;плитка тротуарная полимерпесчаная 250x250x20 мм
тротуарная плитка;;плитка тротуарная полимерпесчаная 250x250x20 мм цвет серый;1;плитка тротуарная полимерпесчаная 250x250x20 мм цвет серый
тротуарная плитка;;полимерпесчаная плитка 500x500;1;полимерпесчаная плитка 500x500
тротуарная плитка;;полимерпесчаная плитка 500x500 мм;1;полимерпесчаная плитка 500x500 мм
тротуарная плитка;;полимерпесчаная плитка для садовых дорожек отзывы;1;полимерпесчаная плитка для садовых дорожек отзывы
тротуарная плитка;;полимерпесчаная плитка тюмень;1;полимерпесчаная плитка тюмень
тротуарная плитка;;полимерпесчаная плитка челябинск;1;полимерпесчаная плитка челябинск
тротуарная плитка;;чем резать полимерпесчаную плитку;1;чем резать полимерпесчаную плитку
тротуарная плитка;;плитка 50 полимерпесчаная;1;плитка 50 полимерпесчаная
тротуарная плитка;;брусчатка на бетонную плиту;1;брусчатка на бетонную плиту
тротуарная плитка;;кладут ли брусчатку на бетонное основание;1;кладут ли брусчатку на бетонное основание
тротуарная плитка;;можно класть брусчатку на бетонное основание;1;можно класть брусчатку на бетонное основание
тротуарная плитка;;можно ли класть брусчатку на бетонное;1;можно ли класть брусчатку на бетонное
тротуарная плитка;;можно ли класть брусчатку на бетонное основание;1;можно ли класть брусчатку на бетонное основание
тротуарная плитка;;плиты бетонные тротуарные брусчатка;1;плиты бетонные тротуарные брусчатка
тротуарная плитка;;бетонная плитка типа брусчатка;1;бетонная плитка типа брусчатка
тротуарная плитка;;бетонная брусчатка 60 мм;1;бетонная брусчатка 60 мм
тротуарная плитка;;плитка бетонная тротуарная декоративная брусчатка форма кирпичик;1;плитка бетонная тротуарная декоративная брусчатка форма кирпичик
тротуарная плитка;;на что кладут брусчатку на бетонное основание;1;на что кладут брусчатку на бетонное основание
тротуарная плитка;;клей для гранитной брусчатки;1;клей для гранитной брусчатки
тротуарная плитка;;мощение гранитной брусчаткой;1;мощение гранитной брусчаткой
тротуарная плитка;;на что кладут гранитную брусчатку;1;на что кладут гранитную брусчатку
тротуарная плитка;;красная гранитная брусчатка;1;красная гранитная брусчатка
тротуарная плитка;;брусчатка гранитная колотая 100х100х50;1;брусчатка гранитная колотая 100х100х50
тротуарная плитка;;гранитная брусчатка камень;1;гранитная брусчатка камень
тротуарная плитка;;уфа брусчатка гранитная;1;уфа брусчатка гранитная
тротуарная плитка;;кирпич вибропрессованный бетонный;1;кирпич вибропрессованный бетонный
тротуарная плитка;выбор;какая тротуарная плитка;724;какая тротуарная плитка
тротуарная плитка;выбор;какая тротуарная плитка лучше;136;какая тротуарная плитка лучше
тротуарная плитка;выбор;плитка вибролитая или вибропрессованная;14;плитка вибролитая или вибропрессованная
тротуарная плитка;выбор;вибропрессованная плитка какой;8;вибропрессованная плитка какой
тротуарная плитка;выбор;какая плитка лучше бетонная или полимерпесчаная;4;какая плитка лучше бетонная или полимерпесчаная
тротуарная плитка;выбор;полимерпесчаная плитка или бетонная;4;полимерпесчаная плитка или бетонная
тротуарная плитка;выбор;какая плитка лучше полимерпесчаная или бетонная тротуарная;3;какая плитка лучше полимерпесчаная или бетонная тротуарная
тротуарная плитка;выбор;какая плитка лучше вибролитая или вибропрессованная;2;какая плитка лучше вибролитая или вибропрессованная
тротуарная плитка;выбор;вибролитая или вибропрессованная плитка что выбрать;2;вибролитая или вибропрессованная плитка что выбрать
тротуарная плитка;выбор;вибропрессованная тротуарная плитка или вибролитая какая;2;вибропрессованная тротуарная плитка или вибролитая какая
тротуарная плитка;выбор;вибропрессованная тротуарная плитка лучше;2;вибропрессованная тротуарная плитка лучше
тротуарная плитка;выбор;какая плитка лучше литая или вибропрессованная;1;какая плитка лучше литая или вибропрессованная
тротуарная плитка;выбор;вибропрессованная или литая тротуарная плитка;1;вибропрессованная или литая тротуарная плитка
тротуарная плитка;выбор;что лучше вибропрессованная или вибролитая тротуарная плитка;1;что лучше вибропрессованная или вибролитая тротуарная плитка
тротуарная плитка;выбор;какая плитка лучше полимерпесчаная или вибропрессованная;1;какая плитка лучше полимерпесчаная или вибропрессованная
тротуарная плитка;выбор;какая тротуарная плитка лучше вибролитая или вибропрессованная;1;какая тротуарная плитка лучше вибролитая или вибропрессованная
тротуарная плитка;выбор;вибролитая и вибропрессованная тротуарная плитка отличие;1;вибролитая и вибропрессованная тротуарная плитка отличие
тротуарная плитка;выбор;полимерпесчаная плитка плюсы и минусы;1;полимерпесчаная плитка плюсы и минусы
тротуарная плитка;гео;тротуарная плитка екатеринбург;4154;тротуарная плитка екатеринбург
тротуарная плитка;гео;тротуарная плитка нижний тагил;620;тротуарная плитка нижний тагил
тротуарная плитка;гео;екатеринбург недорогая тротуарная плитка;501;екатеринбург недорогая тротуарная плитка
тротуарная плитка;гео;тротуарная плитка свердловская область;390;тротуарная плитка свердловская область
тротуарная плитка;гео;тротуарная плитка каменск;304;тротуарная плитка каменск
тротуарная плитка;гео;тротуарная плитка каменск уральский;295;тротуарная плитка каменск уральский
тротуарная плитка;гео;тротуарная плитка арамиль;294;тротуарная плитка арамиль
тротуарная плитка;гео;производители тротуарной плитки в екатеринбурге;276;производители тротуарной плитки в екатеринбурге
тротуарная плитка;гео;бехатон тротуарная плитка екатеринбург;148;бехатон тротуарная плитка екатеринбург
тротуарная плитка;гео;храбрая тротуарная плитка екатеринбург;141;храбрая тротуарная плитка екатеринбург
тротуарная плитка;гео;плитка тротуарная первоуральск;136;плитка тротуарная первоуральск
тротуарная плитка;гео;тротуарная плитка березовский;128;тротуарная плитка березовский
тротуарная плитка;гео;тротуарная плитка екатеринбург белая;127;тротуарная плитка екатеринбург белая
тротуарная плитка;гео;белая река екатеринбург тротуарная плитка;124;белая река екатеринбург тротуарная плитка
тротуарная плитка;гео;тротуарная плитка екатеринбург официальный сайт;122;тротуарная плитка екатеринбург официальный сайт
тротуарная плитка;гео;поревит тротуарная плитка екатеринбург;116;поревит тротуарная плитка екатеринбург
тротуарная плитка;гео;тротуарная плитка верхняя пышма;107;тротуарная плитка верхняя пышма
тротуарная плитка;гео;полимерпесчаная плитка екатеринбург;98;полимерпесчаная плитка екатеринбург
тротуарная плитка;гео;тактильная плитка екатеринбург;76;тактильная плитка екатеринбург
тротуарная плитка;гео;гранитная брусчатка екатеринбург;58;гранитная брусчатка екатеринбург
тротуарная плитка;гео;тротуарная плитка вибропрессованная екатеринбург;16;тротуарная плитка вибропрессованная екатеринбург
тротуарная плитка;гео;тактильная бетонная плитка екатеринбург;9;тактильная бетонная плитка екатеринбург
тротуарная плитка;гео;ольховка тротуарная плитка сысертский район бордюры;7;ольховка тротуарная плитка сысертский район бордюры
тротуарная плитка;гео;гранитная галтованная брусчатка екатеринбург;4;гранитная галтованная брусчатка екатеринбург
тротуарная плитка;гео|как сделать;укладка тротуарной плитки в екатеринбурге;117;укладка тротуарной плитки в екатеринбурге
тротуарная плитка;гео|как сделать;укладка бехатона в екатеринбурге;24;укладка бехатона в екатеринбурге
тротуарная плитка;как сделать;укладка тротуарной плитки;2238;укладка тротуарной плитки
тротуарная плитка;как сделать;тротуарная плитка своими руками;1236;тротуарная плитка своими руками
тротуарная плитка;как сделать;как укладывать тротуарную плитку;525;как укладывать тротуарную плитку
тротуарная плитка;как сделать;тротуарная плитка как правильно;491;тротуарная плитка как правильно
тротуарная плитка;как сделать;как сделать тротуарную плитку;325;как сделать тротуарную плитку
тротуарная плитка;как сделать;укладка тротуарной плитки своими руками;324;укладка тротуарной плитки своими руками
тротуарная плитка;как сделать;как класть тротуарную плитку;232;как класть тротуарную плитку
тротуарная плитка;как сделать;как правильно укладывать тротуарную плитку;196;как правильно укладывать тротуарную плитку
тротуарная плитка;как сделать;пошаговая тротуарная плитка своими руками;194;пошаговая тротуарная плитка своими руками
тротуарная плитка;как сделать;тротуарной плитки инструкция;189;тротуарной плитки инструкция
тротуарная плитка;как сделать;тротуарная плитка пошаговая инструкция;188;тротуарная плитка пошаговая инструкция
тротуарная плитка;как сделать;как уложить тротуарную плитку своими руками;186;как уложить тротуарную плитку своими руками
тротуарная плитка;как сделать;как положить тротуарную плитку;176;как положить тротуарную плитку
тротуарная плитка;как сделать;укладка бехатона;175;укладка бехатона
тротуарная плитка;как сделать;тротуарная плитка своими руками пошаговая инструкция;172;тротуарная плитка своими руками пошаговая инструкция
тротуарная плитка;как сделать;пропорции для тротуарной плитки;167;пропорции для тротуарной плитки
тротуарная плитка;как сделать;пошаговая укладка тротуарной плитки;141;пошаговая укладка тротуарной плитки
тротуарная плитка;как сделать;укладка тротуарной плитки своими руками пошаговая;134;укладка тротуарной плитки своими руками пошаговая
тротуарная плитка;как сделать;тротуарную плитку на песок своими руками;132;тротуарную плитку на песок своими руками
тротуарная плитка;как сделать;пошаговая инструкция укладки тротуарной плитки;130;пошаговая инструкция укладки тротуарной плитки
тротуарная плитка;как сделать;тротуарная плитка технология;125;тротуарная плитка технология
тротуарная плитка;как сделать;тротуарная плитка укладка своими руками инструкция;123;тротуарная плитка укладка своими руками инструкция
тротуарная плитка;как сделать;укладка плитки тротуарной своими руками пошаговая инструкция;123;укладка плитки тротуарной своими руками пошаговая инструкция
тротуарная плитка;как сделать;как правильно тротуарную плитку своими руками;113;как правильно тротуарную плитку своими руками
тротуарная плитка;как сделать;укладка тротуарной плитки на песок;112;укладка тротуарной плитки на песок
тротуарная плитка;как сделать;укладка тротуарной плитки за м2;109;укладка тротуарной плитки за м2
тротуарная плитка;как сделать;укладка тротуарной плитки квадратный;108;укладка тротуарной плитки квадратный
тротуарная плитка;как сделать;установка тротуарной плитки;107;установка тротуарной плитки
тротуарная плитка;как сделать;установка бордюров для тротуарной плитки;70;установка бордюров для тротуарной плитки
тротуарная плитка;как сделать;бордюр для тротуарной плитки своими руками;65;бордюр для тротуарной плитки своими руками
тротуарная плитка;как сделать;как установить бордюр для тротуарной плитки;41;как установить бордюр для тротуарной плитки
тротуарная плитка;как сделать;укладка полимерпесчаной плитки;34;укладка полимерпесчаной плитки
тротуарная плитка;как сделать;установка бордюров для тротуарной плитки своими руками;29;установка бордюров для тротуарной плитки своими руками
тротуарная плитка;как сделать;укладка бордюра для тротуарной плитки;20;укладка бордюра для тротуарной плитки
тротуарная плитка;как сделать;установить бордюры для тротуарной плитки своими руками;20;установить бордюры для тротуарной плитки своими руками
тротуарная плитка;как сделать;укладка гранитной брусчатки;17;укладка гранитной брусчатки
тротуарная плитка;как сделать;укладка бехатона своими руками;14;укладка бехатона своими руками
тротуарная плитка;как сделать;полимерпесчаная плитка своими руками;13;полимерпесчаная плитка своими руками
тротуарная плитка;как сделать;укладка бехатона технология;13;укладка бехатона технология
тротуарная плитка;как сделать;укладка брусчатки на бетонное;13;укладка брусчатки на бетонное
тротуарная плитка;как сделать;полимерпесчаная плитка как укладывать;10;полимерпесчаная плитка как укладывать
тротуарная плитка;как сделать;укладка бордюра для тротуарной плитки своими руками;10;укладка бордюра для тротуарной плитки своими руками
тротуарная плитка;как сделать;укладка полимерпесчаной плитки своими руками;9;укладка полимерпесчаной плитки своими руками
тротуарная плитка;как сделать;укладка тротуарной плитки без бордюра;8;укладка тротуарной плитки без бордюра
тротуарная плитка;как сделать;укладка полимерпесчаной плитки на бетонное основание;7;укладка полимерпесчаной плитки на бетонное основание
тротуарная плитка;как сделать;укладка плитки бехатон;7;укладка плитки бехатон
тротуарная плитка;как сделать;укладка брусчатки на бетонное основание;7;укладка брусчатки на бетонное основание
тротуарная плитка;как сделать;геотекстиль при укладке бехатона;6;геотекстиль при укладке бехатона
тротуарная плитка;как сделать;как правильно установить бордюр для тротуарной плитки;6;как правильно установить бордюр для тротуарной плитки
тротуарная плитка;как сделать;речной песок для укладки тротуарной плитки;5;речной песок для укладки тротуарной плитки
тротуарная плитка;как сделать;как укладывать тактильную плитку;5;как укладывать тактильную плитку
тротуарная плитка;как сделать;тактильная плитка как правильно уложить;5;тактильная плитка как правильно уложить
тротуарная плитка;как сделать;установка тактильной плитки;5;установка тактильной плитки
тротуарная плитка;как сделать;установка бордюров для брусчатки;5;установка бордюров для брусчатки
тротуарная плитка;как сделать;укладка полимерпесчаной плитки на бетон;4;укладка полимерпесчаной плитки на бетон
тротуарная плитка;как сделать;как укладывать брусчатку на бетонное;4;как укладывать брусчатку на бетонное
тротуарная плитка;как сделать;укладка брусчатки на клей на бетонное основание;4;укладка брусчатки на клей на бетонное основание
тротуарная плитка;как сделать;укладка вибропрессованной плитки;3;укладка вибропрессованной плитки
тротуарная плитка;как сделать;устройство тактильной плитки;3;устройство тактильной плитки
тротуарная плитка;как сделать;как сделать полимерпесчаную плитку;3;как сделать полимерпесчаную плитку
тротуарная плитка;как сделать;как положить брусчатку на бетонное;3;как положить брусчатку на бетонное
тротуарная плитка;как сделать;как положить брусчатку на бетонное основание;3;как положить брусчатку на бетонное основание
тротуарная плитка;как сделать;установка бордюров под брусчатку;3;установка бордюров под брусчатку
тротуарная плитка;как сделать;вибропрессованная плитка своими руками;2;вибропрессованная плитка своими руками
тротуарная плитка;как сделать;укладка тактильной плитки;2;укладка тактильной плитки
тротуарная плитка;как сделать;как делают полимерпесчаную плитку;2;как делают полимерпесчаную плитку
тротуарная плитка;как сделать;как правильно укладывать полимерпесчаную плитку;2;как правильно укладывать полимерпесчаную плитку
тротуарная плитка;как сделать;монтаж полимерпесчаной плитки;2;монтаж полимерпесчаной плитки
тротуарная плитка;как сделать;укладка полимерпесчаной плитки на раствор;2;укладка полимерпесчаной плитки на раствор
тротуарная плитка;как сделать;полимерпесчаная тротуарная плитка как кладут;2;полимерпесчаная тротуарная плитка как кладут
тротуарная плитка;как сделать;укладка полимерпесчаной плитки своими руками пошаговая;2;укладка полимерпесчаной плитки своими руками пошаговая
тротуарная плитка;как сделать;полимерпесчаная плитка как укладывать на бетон;2;полимерпесчаная плитка как укладывать на бетон
тротуарная плитка;как сделать;технология укладки полимерпесчаной плитки;2;технология укладки полимерпесчаной плитки
тротуарная плитка;как сделать;как укладывать полимерпесчаную плитку на землю;2;как укладывать полимерпесчаную плитку на землю
тротуарная плитка;как сделать;как укладывать брусчатку на бетонное основание;2;как укладывать брусчатку на бетонное основание
тротуарная плитка;как сделать;монтаж брусчатки на бетонное основание;2;монтаж брусчатки на бетонное основание
тротуарная плитка;как сделать;как уложить брусчатку на бетонную отмостку;2;как уложить брусчатку на бетонную отмостку
тротуарная плитка;как сделать;бетонная брусчатка своими руками;2;бетонная брусчатка своими руками
тротуарная плитка;как сделать;брусчатка на бетонное основание своими руками;2;брусчатка на бетонное основание своими руками
тротуарная плитка;как сделать;как укладывать гранитную брусчатку;2;как укладывать гранитную брусчатку
тротуарная плитка;как сделать;как делают гранитную брусчатку;2;как делают гранитную брусчатку
тротуарная плитка;как сделать;как укладывается тактильная плитка для инвалидов;1;как укладывается тактильная плитка для инвалидов
тротуарная плитка;как сделать;как положить полимерпесчаную плитку;1;как положить полимерпесчаную плитку
тротуарная плитка;как сделать;как укладывать полимерпесчаную плитку на бетонное основание;1;как укладывать полимерпесчаную плитку на бетонное основание
тротуарная плитка;как сделать;как уложить полимерпесчаную плитку своими руками;1;как уложить полимерпесчаную плитку своими руками
тротуарная плитка;как сделать;укладка брусчатки на бетонную стяжку;1;укладка брусчатки на бетонную стяжку
тротуарная плитка;как сделать;укладка брусчатки на бетонную плиту;1;укладка брусчатки на бетонную плиту
тротуарная плитка;как сделать;укладка гранитной брусчатки на бетонное основание;1;укладка гранитной брусчатки на бетонное основание
тротуарная плитка;как сделать;укладка брусчатки на бетонную отмостку;1;укладка брусчатки на бетонную отмостку
тротуарная плитка;как сделать;устройство покрытий из бетонной брусчатки;1;устройство покрытий из бетонной брусчатки
тротуарная плитка;как сделать;укладка гранитной колотой брусчатки;1;укладка гранитной колотой брусчатки
тротуарная плитка;как сделать;монтаж гранитной брусчатки;1;монтаж гранитной брусчатки
тротуарная плитка;как сделать;укладка гранитной брусчатки технология;1;укладка гранитной брусчатки технология
тротуарная плитка;как сделать;укладка тротуарной плитки и бордюров установка;1;укладка тротуарной плитки и бордюров установка
тротуарная плитка;как сделать;установка бордюров под тротуарную плитку;1;установка бордюров под тротуарную плитку
тротуарная плитка;как сделать;установка бордюров для тротуарной плитки технология;1;установка бордюров для тротуарной плитки технология
тротуарная плитка;коммерческий;тротуарная плитка купить;6195;тротуарная плитка купить
тротуарная плитка;коммерческий;тротуарная плитка цена;1260;тротуарная плитка цена
тротуарная плитка;коммерческий;тротуарная плитка недорого;652;тротуарная плитка недорого
тротуарная плитка;коммерческий;тротуарная плитка купить недорого;638;тротуарная плитка купить недорого
тротуарная плитка;коммерческий;бехатон купить;415;бехатон купить
тротуарная плитка;коммерческий;тротуарная плитка тагил купить;339;тротуарная плитка тагил купить
тротуарная плитка;коммерческий;купить тротуарную плитку от производителя;333;купить тротуарную плитку от производителя
тротуарная плитка;коммерческий;тротуарная плитка купить недорого от производителя;275;тротуарная плитка купить недорого от производителя
тротуарная плитка;коммерческий;тротуарная плитка недорого от производителя;275;тротуарная плитка недорого от производителя
тротуарная плитка;коммерческий;форма для тротуарной плитки купить;247;форма для тротуарной плитки купить
тротуарная плитка;коммерческий;стоимость тротуарной плитки;237;стоимость тротуарной плитки
тротуарная плитка;коммерческий;плитка тротуарная купить в нижнем;227;плитка тротуарная купить в нижнем
тротуарная плитка;коммерческий;плитка бехатон купить;214;плитка бехатон купить
тротуарная плитка;коммерческий;плитка тротуарная цена за штуку;197;плитка тротуарная цена за штуку
тротуарная плитка;коммерческий;тротуарная плитка купить цена;193;тротуарная плитка купить цена
тротуарная плитка;коммерческий;полимерпесчаная плитка купить;193;полимерпесчаная плитка купить
тротуарная плитка;коммерческий;тротуарная плитка бу купить;173;тротуарная плитка бу купить
тротуарная плитка;коммерческий;тротуарная плитка 300х300х30 купить;167;тротуарная плитка 300х300х30 купить
тротуарная плитка;коммерческий;плитка тротуарная цена за м2;167;плитка тротуарная цена за м2
тротуарная плитка;коммерческий;купить тротуарный бехатон;157;купить тротуарный бехатон
тротуарная плитка;коммерческий;купить бехатон плитку тротуарную;155;купить бехатон плитку тротуарную
тротуарная плитка;коммерческий;где купить тротуарную плитку;154;где купить тротуарную плитку
тротуарная плитка;коммерческий;плитка тротуарная 500х500х50 купить;145;плитка тротуарная 500х500х50 купить
тротуарная плитка;коммерческий;тротуарная плитка цена за метр;123;тротуарная плитка цена за метр
тротуарная плитка;коммерческий;купить плитка город тротуарная;123;купить плитка город тротуарная
тротуарная плитка;коммерческий;плитка тротуарная полимерная купить;118;плитка тротуарная полимерная купить
тротуарная плитка;коммерческий;купить песок для тротуарной плитки;116;купить песок для тротуарной плитки
тротуарная плитка;коммерческий;цена тротуарной плитки за квадратный;115;цена тротуарной плитки за квадратный
тротуарная плитка;коммерческий;цена тротуарной плитки за квадратный метр;110;цена тротуарной плитки за квадратный метр
тротуарная плитка;коммерческий;тактильная плитка купить;90;тактильная плитка купить
тротуарная плитка;коммерческий;гранитная брусчатка купить;83;гранитная брусчатка купить
тротуарная плитка;коммерческий;полимерпесчаная тротуарная плитка купить;73;полимерпесчаная тротуарная плитка купить
тротуарная плитка;коммерческий;купить бордюры для тротуарной плитки;46;купить бордюры для тротуарной плитки
тротуарная плитка;коммерческий;вибропрессованная плитка купить;36;вибропрессованная плитка купить
тротуарная плитка;коммерческий;бордюры для тротуарной плитки цена;36;бордюры для тротуарной плитки цена
тротуарная плитка;коммерческий;купить вибропрессованную тротуарную плитку;27;купить вибропрессованную тротуарную плитку
тротуарная плитка;коммерческий;тактильная плитка цена;27;тактильная плитка цена
тротуарная плитка;коммерческий;купить полимерпесчаную плитку на валдбирисе;26;купить полимерпесчаную плитку на валдбирисе
тротуарная плитка;коммерческий;пластиковый бордюр для тротуарной плитки купить;15;пластиковый бордюр для тротуарной плитки купить
тротуарная плитка;коммерческий;тактильная плитка бетонная купить;12;тактильная плитка бетонная купить
тротуарная плитка;коммерческий;купить тактильную плитку желтую;11;купить тактильную плитку желтую
тротуарная плитка;коммерческий;купить плитку тактильную пвх;10;купить плитку тактильную пвх
тротуарная плитка;коммерческий;авито верхний тагил купить полимерпесчаную плитку;10;авито верхний тагил купить полимерпесчаную плитку
тротуарная плитка;коммерческий;плитка полимерпесчаная 330х330х20 мм купить;9;плитка полимерпесчаная 330х330х20 мм купить
тротуарная плитка;коммерческий;гранитная брусчатка цена;9;гранитная брусчатка цена
тротуарная плитка;коммерческий;бетонная брусчатка купить;8;бетонная брусчатка купить
тротуарная плитка;коммерческий;гранитная тактильная плитка 500х500 цена;7;гранитная тактильная плитка 500х500 цена
тротуарная плитка;коммерческий;тактильная плитка бетонная цена;7;тактильная плитка бетонная цена
тротуарная плитка;коммерческий;авито екатерю купить полимерпесчаную плитку;7;авито екатерю купить полимерпесчаную плитку
тротуарная плитка;коммерческий;гранитная брусчатка закупки;7;гранитная брусчатка закупки
тротуарная плитка;коммерческий;полимерпесчаная плитка цена;6;полимерпесчаная плитка цена
тротуарная плитка;коммерческий;купить песок для бехатона;6;купить песок для бехатона
тротуарная плитка;коммерческий;гранитная брусчатка купить в новосибирске;6;гранитная брусчатка купить в новосибирске
тротуарная плитка;коммерческий;гранитная брусчатка цена за м2;6;гранитная брусчатка цена за м2
тротуарная плитка;коммерческий;металлический бордюр для тротуарной плитки купить;6;металлический бордюр для тротуарной плитки купить
тротуарная плитка;коммерческий;гранитная тактильная плитка 500х500х80 цена;5;гранитная тактильная плитка 500х500х80 цена
тротуарная плитка;коммерческий;купить полимерпесчаная плитка в омске;5;купить полимерпесчаная плитка в омске
тротуарная плитка;коммерческий;плитка тротуарная полимерпесчаная купить в омске;5;плитка тротуарная полимерпесчаная купить в омске
тротуарная плитка;коммерческий;купить тротуарную плитку бехатон на маркетплейсах;5;купить тротуарную плитку бехатон на маркетплейсах
тротуарная плитка;коммерческий;бетонная брусчатка цена;5;бетонная брусчатка цена
тротуарная плитка;коммерческий;бетонная брусчатка цена за м2;5;бетонная брусчатка цена за м2
тротуарная плитка;коммерческий;брусчатка гранитная челябинская область купить;5;брусчатка гранитная челябинская область купить
тротуарная плитка;коммерческий;вибролитая тротуарная плитка купить;4;вибролитая тротуарная плитка купить
тротуарная плитка;коммерческий;купить плитку вибролитую;4;купить плитку вибролитую
тротуарная плитка;коммерческий;плитка полимерпесчаная 250х250х20 купить;4;плитка полимерпесчаная 250х250х20 купить
тротуарная плитка;коммерческий;гранитная брусчатка дымовская купить;4;гранитная брусчатка дымовская купить
тротуарная плитка;коммерческий;стоимость плитки вибропрессованной;3;стоимость плитки вибропрессованной
тротуарная плитка;коммерческий;купить тактильную плитку 300х300;3;купить тактильную плитку 300х300
тротуарная плитка;коммерческий;тактильная плитка купить в москве;3;тактильная плитка купить в москве
тротуарная плитка;коммерческий;купить плитку тактильную 300 300;3;купить плитку тактильную 300 300
тротуарная плитка;коммерческий;плитка полимерпесчаная купить нижний;3;плитка полимерпесчаная купить нижний
тротуарная плитка;коммерческий;плитка садовая полимерпесчаная купить;3;плитка садовая полимерпесчаная купить
тротуарная плитка;коммерческий;полимерпесчаная плитка для садовых дорожек купить;3;полимерпесчаная плитка для садовых дорожек купить
тротуарная плитка;коммерческий;плитка полимерпесчаная производителя купить;3;плитка полимерпесчаная производителя купить
тротуарная плитка;коммерческий;вибропрессованная тротуарная плитка цена;2;вибропрессованная тротуарная плитка цена
тротуарная плитка;коммерческий;плитки вибропрессованные цена;2;плитки вибропрессованные цена
тротуарная плитка;коммерческий;стоимость тактильной плитки;2;стоимость тактильной плитки
тротуарная плитка;коммерческий;купить клей для тактильной плитки;2;купить клей для тактильной плитки
тротуарная плитка;коммерческий;плитка тактильная 300х300 желтая купить;2;плитка тактильная 300х300 желтая купить
тротуарная плитка;коммерческий;тактильная плитка для инвалидов желтая купить;2;тактильная плитка для инвалидов желтая купить
тротуарная плитка;коммерческий;тактильные плитки для инвалидов купить;2;тактильные плитки для инвалидов купить
тротуарная плитка;коммерческий;купить тактильную плитку 500х500х50;2;купить тактильную плитку 500х500х50
тротуарная плитка;коммерческий;плитка тротуарная полимерпесчаная отзывы покупателей;2;плитка тротуарная полимерпесчаная отзывы покупателей
тротуарная плитка;коммерческий;полимерпесчаная плитка купить в орске;2;полимерпесчаная плитка купить в орске
тротуарная плитка;коммерческий;брусчатка гранитная купить в москве цена;2;брусчатка гранитная купить в москве цена
тротуарная плитка;коммерческий;брусчатка гранитная купить в спб;2;брусчатка гранитная купить в спб
тротуарная плитка;коммерческий;гранитная брусчатка в москве цена;2;гранитная брусчатка в москве цена
тротуарная плитка;коммерческий;гранитная брусчатка купить в москве;2;гранитная брусчатка купить в москве
тротуарная плитка;коммерческий;гранитная брусчатка цена купить;2;гранитная брусчатка цена купить
тротуарная плитка;коммерческий;брусчатка гранитная колотая купить;2;брусчатка гранитная колотая купить
тротуарная плитка;коммерческий;гранитная брусчатка термообработанная купить;2;гранитная брусчатка термообработанная купить
тротуарная плитка;коммерческий;брусчатка гранитная тротуарная цена;2;брусчатка гранитная тротуарная цена
тротуарная плитка;коммерческий;гранитная брусчатка цена за м2 тротуарная;2;гранитная брусчатка цена за м2 тротуарная
тротуарная плитка;коммерческий;стоимость гранитной брусчатки;2;стоимость гранитной брусчатки
тротуарная плитка;коммерческий;купить плитку вибропрессованную 300х300х60;1;купить плитку вибропрессованную 300х300х60
тротуарная плитка;коммерческий;брусчатка на бетонное основание цена;1;брусчатка на бетонное основание цена
тротуарная плитка;коммерческий;брусчатка тротуарная гранитная купить;1;брусчатка тротуарная гранитная купить
тротуарная плитка;коммерческий;гранитная брусчатка серая купить;1;гранитная брусчатка серая купить
тротуарная плитка;коммерческий|гео;тротуарная плитка купить в екатеринбурге;2018;тротуарная плитка купить в екатеринбурге
тротуарная плитка;коммерческий|гео;плитка тротуарная купить в екатеринбурге недорого;498;плитка тротуарная купить в екатеринбурге недорого
тротуарная плитка;коммерческий|гео;екатеринбург купить тротуарную плитку от производителя;303;екатеринбург купить тротуарную плитку от производителя
тротуарная плитка;коммерческий|гео;тротуарная плитка екатеринбурге цена;211;тротуарная плитка екатеринбурге цена
тротуарная плитка;коммерческий|гео;тротуарная плитка купить свердловская область;209;тротуарная плитка купить свердловская область
тротуарная плитка;коммерческий|гео;купить тротуарную плитку в нижнем тагиле;205;купить тротуарную плитку в нижнем тагиле
тротуарная плитка;коммерческий|гео;бехатон купить в екатеринбурге;165;бехатон купить в екатеринбурге
тротуарная плитка;коммерческий|гео;бехатон тротуарная плитка екатеринбург купить;141;бехатон тротуарная плитка екатеринбург купить
тротуарная плитка;коммерческий|гео;купить тротуарную плитку в каменске;108;купить тротуарную плитку в каменске
тротуарная плитка;коммерческий|гео;купить тротуарную плитку в каменске уральском;108;купить тротуарную плитку в каменске уральском
тротуарная плитка;коммерческий|гео;купить тротуарную плитку в каменском;108;купить тротуарную плитку в каменском
тротуарная плитка;коммерческий|гео;полимерпесчаная плитка купить в екатеринбурге;78;полимерпесчаная плитка купить в екатеринбурге
тротуарная плитка;коммерческий|гео;тротуарная полимерпесчаная плитка екатеринбург купить;48;тротуарная полимерпесчаная плитка екатеринбург купить
тротуарная плитка;коммерческий|гео;плитка бехатон купить в екатеринбурге;38;плитка бехатон купить в екатеринбурге
тротуарная плитка;коммерческий|гео;тактильная плитка купить в екатеринбурге;23;тактильная плитка купить в екатеринбурге
тротуарная плитка;коммерческий|гео;брусчатка гранитная купить в екатеринбурге;12;брусчатка гранитная купить в екатеринбурге
тротуарная плитка;коммерческий|гео;купить тротуарный бордюр для плитки в екатеринбурге;11;купить тротуарный бордюр для плитки в екатеринбурге
тротуарная плитка;коммерческий|гео;бехатон бордюры купить в екатеринбурге;9;бехатон бордюры купить в екатеринбурге
тротуарная плитка;коммерческий|гео;тротуарная плитка вибропрессованная купить в екатеринбурге;7;тротуарная плитка вибропрессованная купить в екатеринбурге
тротуарная плитка;коммерческий|гео;полимерпесчаная плитка купить в каменске уральском;7;полимерпесчаная плитка купить в каменске уральском
тротуарная плитка;коммерческий|гео;плитка тротуарная армированная вибропрессованная купить в екатеринбурге;6;плитка тротуарная армированная вибропрессованная купить в екатеринбурге
тротуарная плитка;коммерческий|гео;полимерпесчаная плитка гладкая купить екатеринбург;5;полимерпесчаная плитка гладкая купить екатеринбург
тротуарная плитка;коммерческий|гео|как сделать;укладка бехатона цена за м2 в екатеринбурге;15;укладка бехатона цена за м2 в екатеринбурге
тротуарная плитка;коммерческий|как сделать;укладка тротуарной плитки цена;217;укладка тротуарной плитки цена
тротуарная плитка;коммерческий|как сделать;стоимость укладки тротуарной плитки;109;стоимость укладки тротуарной плитки
тротуарная плитка;коммерческий|как сделать;установка бордюров для тротуарной плитки цена;10;установка бордюров для тротуарной плитки цена
тротуарная плитка;коммерческий|как сделать;бетонная брусчатка цена укладки;1;бетонная брусчатка цена укладки
тротуарная плитка;коммерческий|как сделать;укладка брусчатки на бетонное основание цена;1;укладка брусчатки на бетонное основание цена
тротуарная плитка;применение;тактильная плитка для чего нужна;11;тактильная плитка для чего нужна
тротуарная плитка;применение;тактильная плитка для чего она предназначена;2;тактильная плитка для чего она предназначена
тротуарная плитка;расчёт;сколько тротуарной плитки;794;сколько тротуарной плитки
тротуарная плитка;расчёт;вес тротуарной плитки;313;вес тротуарной плитки
тротуарная плитка;расчёт;сколько стоит тротуарная плитка;302;сколько стоит тротуарная плитка
тротуарная плитка;расчёт;сколько весит тротуарная плитка;120;сколько весит тротуарная плитка
тротуарная плитка;расчёт;сколько гранитной брусчатки;10;сколько гранитной брусчатки
тротуарная плитка;расчёт;сколько стоит гранитная брусчатка;6;сколько стоит гранитная брусчатка
тротуарная плитка;расчёт;вес гранитной брусчатки;5;вес гранитной брусчатки
тротуарная плитка;расчёт;вес тактильной плитки;4;вес тактильной плитки
тротуарная плитка;расчёт;вес полимерпесчаной плитки;4;вес полимерпесчаной плитки
тротуарная плитка;расчёт;сколько стоит тактильная плитка;2;сколько стоит тактильная плитка
тротуарная плитка;расчёт;вес бетонной брусчатки;1;вес бетонной брусчатки
тротуарная плитка;характеристики;размер тротуарной плитки;274;размер тротуарной плитки
тротуарная плитка;характеристики;размеры вибропрессованной плитки;29;размеры вибропрессованной плитки
тротуарная плитка;характеристики;тактильная плитка гост;20;тактильная плитка гост
тротуарная плитка;характеристики;вибропрессованная тротуарная плитка размеры;19;вибропрессованная тротуарная плитка размеры
тротуарная плитка;характеристики;размер бордюра для тротуарной плитки;14;размер бордюра для тротуарной плитки
тротуарная плитка;характеристики;тактильная плитка размеры;11;тактильная плитка размеры
тротуарная плитка;характеристики;гост тактильной плитки 2018;10;гост тактильной плитки 2018
тротуарная плитка;характеристики;гост вибропрессованная плитка;7;гост вибропрессованная плитка
тротуарная плитка;характеристики;гост р тактильная плитка;7;гост р тактильная плитка
тротуарная плитка;характеристики;тактильная плитка гост 52875;7;тактильная плитка гост 52875
тротуарная плитка;характеристики;тактильная плитка гост 52875 2018;7;тактильная плитка гост 52875 2018
тротуарная плитка;характеристики;гранитная брусчатка гост;7;гранитная брусчатка гост
тротуарная плитка;характеристики;тактильная плитка гост р 52875 2018;5;тактильная плитка гост р 52875 2018
тротуарная плитка;характеристики;виды тактильной плитки;4;виды тактильной плитки
тротуарная плитка;характеристики;плитка пвх тактильная размером 300х300;3;плитка пвх тактильная размером 300х300
тротуарная плитка;характеристики;размеры тактильной плитки пвх;3;размеры тактильной плитки пвх
тротуарная плитка;характеристики;полимерпесчаная плитка размеры;2;полимерпесчаная плитка размеры
тротуарная плитка;характеристики;гранитная брусчатка размеры;2;гранитная брусчатка размеры
тротуарная плитка;характеристики;полимерпесчаная плитка характеристики;1;полимерпесчаная плитка характеристики
тротуарная плитка;характеристики;брусчатка бетонная гост;1;брусчатка бетонная гост
тротуарная плитка;характеристики;виды бетонной брусчатки;1;виды бетонной брусчатки
тротуарная плитка;характеристики;гост брусчатка бетонная 17608 2017;1;гост брусчатка бетонная 17608 2017
уголь и прочее;;шпалы пропитанные;291;шпалы пропитанные
уголь и прочее;;шпалы деревянные пропитанные;160;шпалы деревянные пропитанные
уголь и прочее;;чем пропитывают шпалы;84;чем пропитывают шпалы
уголь и прочее;;уголь каменный в мешках;66;уголь каменный в мешках / каменный уголь в мешках
уголь и прочее;;шпала деревянная пропитанная тип;24;шпала деревянная пропитанная тип
уголь и прочее;;шпала пропитанная тип 2;21;шпала пропитанная тип 2
уголь и прочее;;чем пропитывают железнодорожные шпалы;20;чем пропитывают железнодорожные шпалы
уголь и прочее;;чем пропитывают шпалы деревянные железнодорожные;17;чем пропитывают шпалы деревянные железнодорожные
уголь и прочее;;шпалы деревянные пропитанные 2 типа;14;шпалы деревянные пропитанные 2 типа
уголь и прочее;;шпалы пропитанные креозотом;11;шпалы пропитанные креозотом
уголь и прочее;;шпала пропитанная 1 типа;8;шпала пропитанная 1 типа
уголь и прочее;;чем пропитаны шпалы на железной дороге;7;чем пропитаны шпалы на железной дороге
уголь и прочее;;чем пропитывают шпалы на железной;7;чем пропитывают шпалы на железной
уголь и прочее;;шпала деревянная пропитанная тип 1;6;шпала деревянная пропитанная тип 1
уголь и прочее;;уголь каменный для печи в мешках;5;уголь каменный для печи в мешках
уголь и прочее;;шпалы деревянные пропитанные креозотом;3;шпалы деревянные пропитанные креозотом
уголь и прочее;;шпала деревянная пропитанная ii тип;3;шпала деревянная пропитанная ii тип
уголь и прочее;;шпала тип ii пропитанная;3;шпала тип ii пропитанная
уголь и прочее;;шпалы деревянные пропитанные новые;2;шпалы деревянные пропитанные новые
уголь и прочее;;шпалы железнодорожные деревянные пропитанные антисептическими средствами;2;шпалы железнодорожные деревянные пропитанные антисептическими средствами
уголь и прочее;;шпалы железнодорожные деревянные пропитанные антисептическими средствами отработанные;2;шпалы железнодорожные деревянные пропитанные антисептическими средствами отработанные
уголь и прочее;;шпалы пропитанные новые;2;шпалы пропитанные новые
уголь и прочее;;шпалы пропитанные б у;2;шпалы пропитанные б у
уголь и прочее;;уголь каменный в мешках для отопления;1;уголь каменный в мешках для отопления
уголь и прочее;;чем пропитывают шпалы на железной дороге деревянные;1;чем пропитывают шпалы на железной дороге деревянные
уголь и прочее;;шпалы деревянные пропитанные бу;1;шпалы деревянные пропитанные бу
уголь и прочее;;шпалы деревянные пропитанные вредны ли;1;шпалы деревянные пропитанные вредны ли
уголь и прочее;;шпалы деревянные пропитанные вредны ли для здоровья;1;шпалы деревянные пропитанные вредны ли для здоровья
уголь и прочее;;чем пропитывали шпалы в ссср;1;чем пропитывали шпалы в ссср
уголь и прочее;;чем пропитывали шпалы в ссср деревянные;1;чем пропитывали шпалы в ссср деревянные
уголь и прочее;;чем пропитывают шпалы деревянные железнодорожные в ссср;1;чем пропитывают шпалы деревянные железнодорожные в ссср
уголь и прочее;коммерческий;шпала пропитанная купить;84;шпала пропитанная купить
уголь и прочее;коммерческий;шпалы деревянные пропитанные купить;73;шпалы деревянные пропитанные купить
уголь и прочее;коммерческий;уголь каменный в мешках купить;61;уголь каменный в мешках купить
уголь и прочее;коммерческий;купить шпалы деревянные пропитанные екб;24;купить шпалы деревянные пропитанные екб
уголь и прочее;коммерческий;шпалы пропитанные цена;13;шпалы пропитанные цена
уголь и прочее;коммерческий;закупки шпалы пропитанной;12;закупки шпалы пропитанной
уголь и прочее;коммерческий;цена пропитанных шпал в екб;8;цена пропитанных шпал в екб
уголь и прочее;коммерческий;купить шпалу деревянную пропитанную 2 типа;7;купить шпалу деревянную пропитанную 2 типа
уголь и прочее;коммерческий;купить шпалу пропитанную тип 2;7;купить шпалу пропитанную тип 2
уголь и прочее;коммерческий;каменный уголь для печи в мешках купить;5;каменный уголь для печи в мешках купить
уголь и прочее;коммерческий;каменный уголь купить в мешках озон;5;каменный уголь купить в мешках озон
уголь и прочее;коммерческий;шпалы деревянные пропитанные цена;4;шпалы деревянные пропитанные цена
уголь и прочее;коммерческий;купить шпалы деревянные пропитанные новые;2;купить шпалы деревянные пропитанные новые
уголь и прочее;коммерческий;уголь каменный для отопления в мешках купить;1;уголь каменный для отопления в мешках купить
уголь и прочее;коммерческий;купить шпалы деревянные пропитанные бу;1;купить шпалы деревянные пропитанные бу
уголь и прочее;коммерческий;куплю шпалу пропитанную бу;1;куплю шпалу пропитанную бу
уголь и прочее;коммерческий|гео;каменный уголь купить в екатеринбурге в мешках;28;каменный уголь купить в екатеринбурге в мешках
уголь и прочее;коммерческий|гео;шпала деревянная пропитанная купить в екатеринбурге;16;шпала деревянная пропитанная купить в екатеринбурге
уголь и прочее;расчёт;сколько весит шпала пропитанная;8;сколько весит шпала пропитанная
уголь и прочее;расчёт;сколько весит шпала деревянная пропитанная;6;сколько весит шпала деревянная пропитанная
уголь и прочее;расчёт;шпала пропитанная вес;3;шпала пропитанная вес
уголь и прочее;расчёт;вес шпал деревянных пропитанных;2;вес шпал деревянных пропитанных
уголь и прочее;расчёт;вес шпалы деревянной железнодорожной пропитанной;1;вес шпалы деревянной железнодорожной пропитанной
уголь и прочее;расчёт;сколько весит шпала железнодорожная деревянная пропитанная;1;сколько весит шпала железнодорожная деревянная пропитанная
уголь и прочее;расчёт;вес 1 шпалы деревянной пропитанной;1;вес 1 шпалы деревянной пропитанной
уголь и прочее;расчёт;сколько весит шпала деревянная пропитанная 2.70;1;сколько весит шпала деревянная пропитанная 2.70
уголь и прочее;характеристики;шпала пропитанная гост;13;шпала пропитанная гост
уголь и прочее;характеристики;гост шпалы деревянные пропитанные;10;гост шпалы деревянные пропитанные
фбс и фундаментные;;фундаментные блоки фбс;244;фундаментные блоки фбс
фбс и фундаментные;;блок фундаментный фбс;244;блок фундаментный фбс
фбс и фундаментные;;фундаментные блоки фбс 6;63;фундаментные блоки фбс 6
фбс и фундаментные;;бетонный фундаментный блок фбс;31;бетонный фундаментный блок фбс
фбс и фундаментные;;блоки фундаментные фбс 3;22;блоки фундаментные фбс 3
фбс и фундаментные;;блок фундаментный фбс 24;15;блок фундаментный фбс 24
фбс и фундаментные;;фундаментный блок фбс 4;15;фундаментный блок фбс 4
фбс и фундаментные;;фундаментный блок фбс 390х190х188;13;фундаментный блок фбс 390х190х188
фбс и фундаментные;;фундаментный блок фбс 390х190х188 мм;13;фундаментный блок фбс 390х190х188 мм
фбс и фундаментные;;фундаментные блоки фбс 200 200 400;12;фундаментные блоки фбс 200 200 400
фбс и фундаментные;;блок фундаментный сплошной фбс;11;блок фундаментный сплошной фбс
фбс и фундаментные;;блок фундаментный фбс 24.6 6;11;блок фундаментный фбс 24.6 6
фбс и фундаментные;;блок фундаментный фбс 24 4 6;9;блок фундаментный фбс 24 4 6
фбс и фундаментные;;блок фундаментный фбс 24 6 6;9;блок фундаментный фбс 24 6 6
фбс и фундаментные;;блок фундаментный фбс 24.6 6 т;9;блок фундаментный фбс 24.6 6 т
фбс и фундаментные;;фундаментные блоки фбс 4 4 6;9;фундаментные блоки фбс 4 4 6
фбс и фундаментные;;высота фундаментного блока фбс;8;высота фундаментного блока фбс
фбс и фундаментные;;блок фундаментный фбс 24.4 6;8;блок фундаментный фбс 24.4 6
фбс и фундаментные;;блок фундаментный фбс 9 3 3;8;блок фундаментный фбс 9 3 3
фбс и фундаментные;;фундаментный блок фбс 9;8;фундаментный блок фбс 9
фбс и фундаментные;;фундаментные блоки фбс 12.4 6;7;фундаментные блоки фбс 12.4 6
фбс и фундаментные;;фундаментный блок стеновой фбс;7;фундаментный блок стеновой фбс
фбс и фундаментные;;фундаментные блоки фбс 12 6 6;7;фундаментные блоки фбс 12 6 6
фбс и фундаментные;;фундаментный блок фбс 12;7;фундаментный блок фбс 12
фбс и фундаментные;;блок фундаментный бетонный фбс 390x190x188;6;блок фундаментный бетонный фбс 390x190x188
фбс и фундаментные;;блок фундаментный бетонный фбс 390x190x188 мм;6;блок фундаментный бетонный фбс 390x190x188 мм
фбс и фундаментные;;блок фундаментный фбс 390x190x188 мм;6;блок фундаментный фбс 390x190x188 мм
фбс и фундаментные;;фундаментные блоки фбс 1;5;фундаментные блоки фбс 1
фбс и фундаментные;;фундаментный блок фбс 6 3 6;5;фундаментный блок фбс 6 3 6
фбс и фундаментные;;фундаментный блок фбс 12.4 6 т;4;фундаментный блок фбс 12.4 6 т
фбс и фундаментные;;фбс блоки фундаментные расценка в смете;4;фбс блоки фундаментные расценка в смете
фбс и фундаментные;;блок фундаментный фбс 12.6 6;4;блок фундаментный фбс 12.6 6
фбс и фундаментные;;фундаментный блок фбс 12.6 6 т;4;фундаментный блок фбс 12.6 6 т
фбс и фундаментные;;фундаментный блок фбс 12.4 3;4;фундаментный блок фбс 12.4 3
фбс и фундаментные;;фундаментные блоки фбс 24.3 6;4;фундаментные блоки фбс 24.3 6
фбс и фундаментные;;блок бетонный фундаментный полнотелый фбс;3;блок бетонный фундаментный полнотелый фбс
фбс и фундаментные;;бетонный фундаментный блок фбс 2 2 4;3;бетонный фундаментный блок фбс 2 2 4
фбс и фундаментные;;блок фундаментный фбс 12 6 3;3;блок фундаментный фбс 12 6 3
фбс и фундаментные;;фбс 2 2 4 фундаментный блок;3;фбс 2 2 4 фундаментный блок
фбс и фундаментные;;фундаментный блок фбс 12 3 3;3;фундаментный блок фбс 12 3 3
фбс и фундаментные;;фундаментный блок фбс 2;3;фундаментный блок фбс 2
фбс и фундаментные;;блок фундаментный сплошной фбс 4 2 2;2;блок фундаментный сплошной фбс 4 2 2
фбс и фундаментные;;блок фундаментный сплошной фбс 400х200х200мм;2;блок фундаментный сплошной фбс 400х200х200мм
фбс и фундаментные;;блок фундаментный сплошной фбс 400х200х200мм бетонный;2;блок фундаментный сплошной фбс 400х200х200мм бетонный
фбс и фундаментные;;фундаментные блоки фбс 12.3 6;2;фундаментные блоки фбс 12.3 6
фбс и фундаментные;;фундаментные блоки фбс 12.3 6 т;2;фундаментные блоки фбс 12.3 6 т
фбс и фундаментные;;блоки фундаментные фбс 24 4 6т;2;блоки фундаментные фбс 24 4 6т
фбс и фундаментные;;блок фундаментный фбс 9.4 6;2;блок фундаментный фбс 9.4 6
фбс и фундаментные;;блок фундаментный фбс 9 3 6;2;блок фундаментный фбс 9 3 6
фбс и фундаментные;;фундаментные блоки фбс 9 6 6;2;фундаментные блоки фбс 9 6 6
фбс и фундаментные;;фундаментный блок фбс 40;2;фундаментный блок фбс 40
фбс и фундаментные;;пескоблок фундаментный;2;пескоблок фундаментный
фбс и фундаментные;;блоки фундаментные фбс 5;1;блоки фундаментные фбс 5
фбс и фундаментные;;фундаментная плита под блоки фбс;1;фундаментная плита под блоки фбс
фбс и фундаментные;;блок фундаментный бетонный фбс 390х190x188мм;1;блок фундаментный бетонный фбс 390х190x188мм
фбс и фундаментные;;фундаментный блок фбс 12.4 3 т;1;фундаментный блок фбс 12.4 3 т
фбс и фундаментные;;фундаментный блок фбс 24.3 6 т;1;фундаментный блок фбс 24.3 6 т
фбс и фундаментные;;фундаментный блок фбс 24.4 6 усеченный;1;фундаментный блок фбс 24.4 6 усеченный
фбс и фундаментные;;фундаментный блок фбс 24.4 6т;1;фундаментный блок фбс 24.4 6т
фбс и фундаментные;;фундаментный блок фбс 24.6 6т;1;фундаментный блок фбс 24.6 6т
фбс и фундаментные;как сделать;укладка фундаментных блоков фбс;10;укладка фундаментных блоков фбс
фбс и фундаментные;как сделать;монтаж фундаментных блоков фбс;1;монтаж фундаментных блоков фбс
фбс и фундаментные;коммерческий;куплю фундаментные блоки фбс;20;куплю фундаментные блоки фбс
фбс и фундаментные;коммерческий;стоимость фундаментных блоков фбс;5;стоимость фундаментных блоков фбс
фбс и фундаментные;коммерческий;купить блоки фундаментные фбс 3;4;купить блоки фундаментные фбс 3
фбс и фундаментные;коммерческий;купить блок фундаментный бетонный фбс;2;купить блок фундаментный бетонный фбс
фбс и фундаментные;коммерческий;фундаментный блок фбс цена;2;фундаментный блок фбс цена
фбс и фундаментные;коммерческий;фбс блоки фундаментные купить б у;2;фбс блоки фундаментные купить б у
фбс и фундаментные;коммерческий;фундаментные блоки фбс 6 цена;1;фундаментные блоки фбс 6 цена
фбс и фундаментные;коммерческий;фундаментные блоки фбс 4 цена;1;фундаментные блоки фбс 4 цена
фбс и фундаментные;применение;фундаментный блок фбс применение;5;фундаментный блок фбс применение
фбс и фундаментные;расчёт;вес фундаментного блока фбс;18;вес фундаментного блока фбс
фбс и фундаментные;расчёт;вес фундаментного блока фбс 6;7;вес фундаментного блока фбс 6
фбс и фундаментные;расчёт;фбс 4 вес фундаментные блоки;7;фбс 4 вес фундаментные блоки
фбс и фундаментные;расчёт;фундаментный блок фбс 24 4 6 вес;7;фундаментный блок фбс 24 4 6 вес
фбс и фундаментные;расчёт;вес фундаментных блоков фбс таблица;4;вес фундаментных блоков фбс таблица
фбс и фундаментные;расчёт;объем фундаментных блоков фбс;1;объем фундаментных блоков фбс
фбс и фундаментные;расчёт|характеристики;размеры фбс блоков таблица фундаментные;4;размеры фбс блоков таблица фундаментные
фбс и фундаментные;расчёт|характеристики;фбс блоки фундаментные размеры и вес;4;фбс блоки фундаментные размеры и вес
фбс и фундаментные;расчёт|характеристики;фундаментные блоки фбс размеры и вес таблица;4;фундаментные блоки фбс размеры и вес таблица
фбс и фундаментные;характеристики;фбс блоки фундаментные гост;27;фбс блоки фундаментные гост
фбс и фундаментные;характеристики;размер фундаментного блока фбс;10;размер фундаментного блока фбс
фбс и фундаментные;характеристики;гост 13579 2018 блоки бетонные фундаментные фбс;7;гост 13579 2018 блоки бетонные фундаментные фбс
фбс и фундаментные;характеристики;блок фундаментный фбс 24.6 6 гост;5;блок фундаментный фбс 24.6 6 гост
фбс и фундаментные;характеристики;размеры фундаментных блоков фбс 6;5;размеры фундаментных блоков фбс 6
фбс и фундаментные;характеристики;фундаментные блоки фбс гост 13579 78;4;фундаментные блоки фбс гост 13579 78
фбс и фундаментные;характеристики;гост 13579 78 блоки бетонные фундаментные фбс;3;гост 13579 78 блоки бетонные фундаментные фбс
фбс и фундаментные;характеристики;блок фундаментный фбс 24.4 6 размеры;1;блок фундаментный фбс 24.4 6 размеры
щебень;;щебень 20-40;3231;щебень 20-40
щебень;;щебень 20 40;3231;щебень 20 40
щебень;;щебень 5-20;2360;щебень 5-20
щебень;;щебень 5 20;2360;щебень 5 20
щебень;;щебень 40-70;896;щебень 40-70
щебень;;щебень 40 70;896;щебень 40 70
щебень;;щебень гранитный;870;щебень гранитный
щебень;;куб щебня 20 40;499;куб щебня 20 40
щебень;;щебень шлаковый;444;щебень шлаковый / шлаковый щебень
щебень;;тонна щебня 20 40;418;тонна щебня 20 40
щебень;;куб щебня 5 20;354;куб щебня 5 20
щебень;;тонна щебня 5 20;310;тонна щебня 5 20
щебень;;песчано щебеночная смесь;223;песчано щебеночная смесь
щебень;;щебеночно песчаная смесь;223;щебеночно песчаная смесь
щебень;;щебень 5 20 фото;209;щебень 5 20 фото
щебень;;гранитный щебень 20;196;гранитный щебень 20
щебень;;щебень 20 40 мм;192;щебень 20 40 мм
щебень;;щебень 20 40 фото;175;щебень 20 40 фото
щебень;;щебень 20 40 1 тонна;170;щебень 20 40 1 тонна
щебень;;щебень гранитный 5;133;щебень гранитный 5
щебень;;1 тонна щебня 5 20;103;1 тонна щебня 5 20
щебень;;щебень 5 20 в мешках;100;щебень 5 20 в мешках
щебень;;куб щебня 40 70;97;куб щебня 40 70
щебень;;щебень известняковый;89;щебень известняковый
щебень;;щебень гранитный 5 20;88;щебень гранитный 5 20
щебень;;щебень гранитный 20 40;85;щебень гранитный 20 40
щебень;;1 куб щебня 20 40;85;1 куб щебня 20 40
щебень;;щебень фр 20 40;82;щебень фр 20 40
щебень;;коэффициент щебня 20 40;75;коэффициент щебня 20 40
щебень;;щебень 5 20 мм;73;щебень 5 20 мм
щебень;;уплотнение щебня 20 40;70;уплотнение щебня 20 40
щебень;;коэффициент уплотнения щебня 20 40;63;коэффициент уплотнения щебня 20 40
щебень;;гранитный щебень 70;55;гранитный щебень 70
щебень;;куб щебня 1 20 5;54;куб щебня 1 20 5
щебень;;щебень 40 70 мм;50;щебень 40 70 мм
щебень;;щебень 20 40 в мешках;47;щебень 20 40 в мешках
щебень;;3 куба щебня 20 40;42;3 куба щебня 20 40
щебень;;куб гранитного щебня;41;куб гранитного щебня
щебень;;щебень 40 70 в кубы;41;щебень 40 70 в кубы
щебень;;щебень гранитный 40 70;40;щебень гранитный 40 70
щебень;;щебень белый 20 40;38;щебень белый 20 40
щебень;;щебеночно гравийно песчаная смесь;38;щебеночно гравийно песчаная смесь
щебень;;щебень фр 40 70;36;щебень фр 40 70
щебень;;щебень вторичный;35;щебень вторичный / вторичный щебень
щебень;;щебень 20 40 камаз;34;щебень 20 40 камаз
щебень;;щебень строительный 20 40;33;щебень строительный 20 40
щебень;;авито щебень 20 40;32;авито щебень 20 40
щебень;;щебень 40 70 фото;32;щебень 40 70 фото
щебень;;щебень 5 20 20 40 40 70;31;щебень 5 20 20 40 40 70
щебень;;тонна гранитного щебня;29;тонна гранитного щебня
щебень;;мраморный щебень 20 40;29;мраморный щебень 20 40
щебень;;щебень стоит 40 70;29;щебень стоит 40 70
щебень;;пгс щебень;29;пгс щебень
щебень;;щебень фр 5 20;28;щебень фр 5 20
щебень;;мраморный щебень 20 40 мм;28;мраморный щебень 20 40 мм
щебень;;щебень гранитный фото;27;щебень гранитный фото
щебень;;авито щебень 5 20;27;авито щебень 5 20
щебень;;щебень 20 40 м800;27;щебень 20 40 м800
щебень;;карьер щебня 20 40;26;карьер щебня 20 40
щебень;;щебень 20 40 карьеры;26;щебень 20 40 карьеры
щебень;;гранитный щебень 5 10;25;гранитный щебень 5 10
щебень;;гранитный щебень области;24;гранитный щебень области
щебень;;щебень гранитный в мешках;24;щебень гранитный в мешках
щебень;;щебень 20 40 м 800;23;щебень 20 40 м 800
щебень;;щебень 20 40 машина;23;щебень 20 40 машина
щебень;;щебень 40 70 в мешках;23;щебень 40 70 в мешках
щебень;;гранитный щебень карьер;22;гранитный щебень карьер
щебень;;щебень 5 20 белый;22;щебень 5 20 белый
щебень;;мраморный щебень 5 20;22;мраморный щебень 5 20
щебень;;щебень гравийный 20 40;22;щебень гравийный 20 40
щебень;;щебень 20 40 группа 2;21;щебень 20 40 группа 2
щебень;;коэффициент щебень 40 70;21;коэффициент щебень 40 70
щебень;;производство шлакового щебня;20;производство шлакового щебня
щебень;;щебень природный 20 40;20;щебень природный 20 40
щебень;;трамбовка щебня 20 40;20;трамбовка щебня 20 40
щебень;;уплотнение щебня 40 70;20;уплотнение щебня 40 70
щебень;;щебень 5 20 10 тонн;19;щебень 5 20 10 тонн
щебень;;щебень фр 20 40 мм;19;щебень фр 20 40 мм
щебень;;щебень известняк 20 40;19;щебень известняк 20 40
щебень;;щебеночно песчаная смесь для дорог;19;щебеночно песчаная смесь для дорог
щебень;;3 куба щебня 5 20;18;3 куба щебня 5 20
щебень;;щебень 5 20 50 кг;18;щебень 5 20 50 кг
щебень;;щебень 0 20 0 40;18;щебень 0 20 0 40
щебень;;щебень 20 40 и 40 70;18;щебень 20 40 и 40 70
щебень;;песок строительный щебень;18;песок строительный щебень
щебень;;расклинцовка щебня 20 40;17;расклинцовка щебня 20 40
щебень;;готовая песчано щебеночная смесь;17;готовая песчано щебеночная смесь
щебень;;коэффициент уплотнения щебня 40 70;16;коэффициент уплотнения щебня 40 70
щебень;;щебень в кубе тонн 40 70;16;щебень в кубе тонн 40 70
щебень;;щебеночно песчаная смесь строительстве;16;щебеночно песчаная смесь строительстве
щебень;;щебень гранитный известняковый;15;щебень гранитный известняковый
щебень;;гранитный щебень 5 20 мм;15;гранитный щебень 5 20 мм
щебень;;щебень гранитный 50 кг;15;щебень гранитный 50 кг
щебень;;щебень гранитный цвет;15;щебень гранитный цвет
щебень;;отсев гранитного щебня;15;отсев гранитного щебня
щебень;;коэффициент трамбовки щебня 20 40;15;коэффициент трамбовки щебня 20 40
щебень;;щебень горных пород 20 40;15;щебень горных пород 20 40
щебень;;отсев щебня 0 5;15;отсев щебня 0 5
щебень;;щебеночно гравийно песчаная смесь дорога;15;щебеночно гравийно песчаная смесь дорога
щебень;;щебень гранитный фр;14;щебень гранитный фр
щебень;;белый гранитный щебень;14;белый гранитный щебень
щебень;;щебень гранитный москва;14;щебень гранитный москва
щебень;;10 тонн щебня 20 40;14;10 тонн щебня 20 40
щебень;;удельный щебня 40 70;14;удельный щебня 40 70
щебень;;уплотнение щебеночно песчаных смесей;14;уплотнение щебеночно песчаных смесей
щебень;;щебень гранитный 5 20 куб;13;щебень гранитный 5 20 куб
щебень;;щебень гранитный цветной;13;щебень гранитный цветной
щебень;;щебень гранитный серый;13;щебень гранитный серый
щебень;;щебень в мешках 5 20 мм;13;щебень в мешках 5 20 мм
щебень;;щебень отсев 5 20;13;щебень отсев 5 20
щебень;;крупный щебень 40 70;13;крупный щебень 40 70
щебень;;щебень речной песок;13;щебень речной песок
щебень;;щебеночно песчаная смесь 0 40;13;щебеночно песчаная смесь 0 40
щебень;;смесь щебеночно песчаная с4;13;смесь щебеночно песчаная с4
щебень;;отличия гранитного щебня;12;отличия гранитного щебня
щебень;;щебень гранитный 20 40 мм;12;щебень гранитный 20 40 мм
щебень;;гранитный щебень 70 120;12;гранитный щебень 70 120
щебень;;щебень строительный 5 20;12;щебень строительный 5 20
щебень;;щебень гранитный тонна куб;11;щебень гранитный тонна куб
щебень;;щебень известняковый 20;11;щебень известняковый 20
щебень;;шлаковый щебень отзывы;11;шлаковый щебень отзывы
щебень;;щебень 20 40 билимбай;11;щебень 20 40 билимбай
щебень;;щебень гранит 20 40;11;щебень гранит 20 40
щебень;;белый щебень 40 70;11;белый щебень 40 70
щебень;;гранитный щебень 2 5;10;гранитный щебень 2 5
щебень;;расклинцовка щебня 5 20;10;расклинцовка щебня 5 20
щебень;;щебень 5 20 машина;10;щебень 5 20 машина
щебень;;щебень известковый 20 40;10;щебень известковый 20 40
щебень;;сертификат на щебень 20 40;10;сертификат на щебень 20 40
щебень;;щебень 20 40 большой мешок;10;щебень 20 40 большой мешок
щебень;;щебень галтованный 20 40;10;щебень галтованный 20 40
щебень;;щебень гранитный фр 40 70;9;щебень гранитный фр 40 70
щебень;;щебень гранитный 5 20 5 кг;9;щебень гранитный 5 20 5 кг
щебень;;гранитный щебень 40 70 в мешках;9;гранитный щебень 40 70 в мешках
щебень;;шлаковый щебень 40 70;9;шлаковый щебень 40 70
щебень;;щебень 5 10 и 5 20;9;щебень 5 10 и 5 20
щебень;;щебень гравийный 5 20;9;щебень гравийный 5 20
щебень;;куб щебня в кг 5 20;9;куб щебня в кг 5 20
щебень;;щебень 20 40 пермь;9;щебень 20 40 пермь
щебень;;коэффициент уплотнения щебня 20 40 при трамбовке;9;коэффициент уплотнения щебня 20 40 при трамбовке
щебень;;щебень 600 20 40;9;щебень 600 20 40
щебень;;щебень м800 40 70;9;щебень м800 40 70
щебень;;чем грузить щебень 40 70 в тачку;9;чем грузить щебень 40 70 в тачку
щебень;;щебеночно песчаная смесь 0 20;9;щебеночно песчаная смесь 0 20
щебень;;щебеночно песчаная смесь с5;9;щебеночно песчаная смесь с5
щебень;;щебень гранитный м800;8;щебень гранитный м800
щебень;;щебень гранитный 10 20;8;щебень гранитный 10 20
щебень;;щебень гранитный 20 40мм;8;щебень гранитный 20 40мм
щебень;;щебень известняковый 20 40;8;щебень известняковый 20 40
щебень;;щебень известняковый 40;8;щебень известняковый 40
щебень;;щебень 5 20 строительный двор;8;щебень 5 20 строительный двор
щебень;;щебень 20 40 2 тонны;8;щебень 20 40 2 тонны
щебень;;масса щебня 20 40;8;масса щебня 20 40
щебень;;щебень 20 40 перевести в кубы;8;щебень 20 40 перевести в кубы
щебень;;щебень дорожный 20 40;8;щебень дорожный 20 40
щебень;;щебень 20 40 м600;8;щебень 20 40 м600
щебень;;щебень фр 40 70 мм;8;щебень фр 40 70 мм
щебень;;расклинцовка щебня 40 70;8;расклинцовка щебня 40 70
щебень;;заклинка щебня 40 70;8;заклинка щебня 40 70
щебень;;крупный гранитный щебень;7;крупный гранитный щебень
щебень;;гранитный щебень 10 15;7;гранитный щебень 10 15
щебень;;гранитный щебень синий;7;гранитный щебень синий
щебень;;щебень гранитный синий цвет;7;щебень гранитный синий цвет
щебень;;щебень гранитный 5 20мм;7;щебень гранитный 5 20мм
щебень;;суксун щебень гранитный фр 40 70;7;суксун щебень гранитный фр 40 70
щебень;;гранитный щебень порода;7;гранитный щебень порода
щебень;;где щебень гранитный;7;где щебень гранитный
щебень;;шлаковый щебень челябинск;7;шлаковый щебень челябинск
щебень;;15 куб щебня 5 20;7;15 куб щебня 5 20
щебень;;коэффициент щебня 5 20;7;коэффициент щебня 5 20
щебень;;щебень гранитный и известняковый отличия;6;щебень гранитный и известняковый отличия
щебень;;щебень гранитный 1 5;6;щебень гранитный 1 5
щебень;;гранитный щебень от щебенки различия;6;гранитный щебень от щебенки различия
щебень;;щебень и песок шлаковые;6;щебень и песок шлаковые
щебень;;щебень 5 20 что это значит;6;щебень 5 20 что это значит
щебень;;щебень 5 20 отсыпка;6;щебень 5 20 отсыпка
щебень;;щебень 5 20 и 20 40 отличия;6;щебень 5 20 и 20 40 отличия
щебень;;один кг щебня 5 20;6;один кг щебня 5 20
щебень;;щебеночно песчаная смесь 0 20 мм;6;щебеночно песчаная смесь 0 20 мм
щебень;;щебень гранитный габбро;5;щебень гранитный габбро
щебень;;известняковый щебень фото;5;известняковый щебень фото
щебень;;шлаковый щебень дальний восток;5;шлаковый щебень дальний восток
щебень;;шлаковый щебень для дороги;5;шлаковый щебень для дороги
щебень;;щебень фр 5 20 мм;5;щебень фр 5 20 мм
щебень;;щебень 5 20 под дренажную трубу;5;щебень 5 20 под дренажную трубу
щебень;;щебень 5 20 8 куб с исети;5;щебень 5 20 8 куб с исети
щебень;;щебень 5 20 8куб;5;щебень 5 20 8куб
щебень;;щебень 5 20 верхотурье авито;5;щебень 5 20 верхотурье авито
щебень;;щебень 5 20 на руке;5;щебень 5 20 на руке
щебень;;щебень гравийный 40 70;5;щебень гравийный 40 70
щебень;;отсев щебня 0 5 мм;5;отсев щебня 0 5 мм
щебень;;щебеночно песчаная смесь с 4;5;щебеночно песчаная смесь с 4
щебень;;коэффициент уплотнения щебеночно песчаной смеси;5;коэффициент уплотнения щебеночно песчаной смеси
щебень;;песчано щебеночная смесь сертификат;5;песчано щебеночная смесь сертификат
щебень;;песчано щебеночная смесь для строительства дорог;5;песчано щебеночная смесь для строительства дорог
щебень;;щебень гранитный мытый;4;щебень гранитный мытый
щебень;;гранитный щебень для дорожек;4;гранитный щебень для дорожек
щебень;;щебень гранитный 20 40 мм 50 кг;4;щебень гранитный 20 40 мм 50 кг
щебень;;гранитный щебень для декора;4;гранитный щебень для декора
щебень;;щебень гранитный авито;4;щебень гранитный авито
щебень;;гранитный щебень 5 20 фото;4;гранитный щебень 5 20 фото
щебень;;гранитный щебень 1200;4;гранитный щебень 1200
щебень;;щебень гранитный киров;4;щебень гранитный киров
щебень;;добыча щебень гранитный;4;добыча щебень гранитный
щебень;;известняковый щебень 20 40 мм;4;известняковый щебень 20 40 мм
щебень;;щебень шлаковый для дорожного;4;щебень шлаковый для дорожного
щебень;;щебень шлаковый для дорожного строительства;4;щебень шлаковый для дорожного строительства
щебень;;коэффициент уплотнения щебня 5 20;4;коэффициент уплотнения щебня 5 20
щебень;;уплотнение щебня 5 20;4;уплотнение щебня 5 20
щебень;;щебень 5 20 самовывоз;4;щебень 5 20 самовывоз
щебень;;щебень 5 20 и песок;4;щебень 5 20 и песок
щебень;;щебень 5 20 для дорожек;4;щебень 5 20 для дорожек
щебень;;щебень 5 20 в бигбегах;4;щебень 5 20 в бигбегах
щебень;;щебень 5 20 камаз;4;щебень 5 20 камаз
щебень;;фото 5 тонн щебня 5 20;4;фото 5 тонн щебня 5 20
щебень;;щебень м1000 40 70;4;щебень м1000 40 70
щебень;;песок щебень строительные материалы;4;песок щебень строительные материалы
щебень;;смеси готовые щебеночно песчаные с4;4;смеси готовые щебеночно песчаные с4
щебень;;щебень гранитный м1000;3;щебень гранитный м1000
щебень;;масса гранитный щебень;3;масса гранитный щебень
щебень;;щебень гранитный 5 10 мм;3;щебень гранитный 5 10 мм
щебень;;щебень гранитный мелкий;3;щебень гранитный мелкий
щебень;;гранитный щебень ленинградская область;3;гранитный щебень ленинградская область
щебень;;гранитный щебень в тюмени;3;гранитный щебень в тюмени
щебень;;гранитный щебень для габионов;3;гранитный щебень для габионов
щебень;;щебень гранитный 1000;3;щебень гранитный 1000
щебень;;нужен щебень гранитный;3;нужен щебень гранитный
щебень;;щебень декоративный гранитный;3;щебень декоративный гранитный
щебень;;щебень гранитный производитель;3;щебень гранитный производитель
щебень;;щебень известняковый области;3;щебень известняковый области
щебень;;известняковый щебень для фундамента;3;известняковый щебень для фундамента
щебень;;трамбовка щебня 5 20;3;трамбовка щебня 5 20
щебень;;щебень 5 20 серый;3;щебень 5 20 серый
щебень;;масса щебня 5 20;3;масса щебня 5 20
щебень;;щебень речной 5 20;3;щебень речной 5 20
щебень;;щебень 5 20 уфа;3;щебень 5 20 уфа
щебень;;мелкий щебень 5 20 мм;3;мелкий щебень 5 20 мм
щебень;;щебень 5 20 в биг бэгах;3;щебень 5 20 в биг бэгах
щебень;;щебень м600 5 20;3;щебень м600 5 20
щебень;;щебень 800 5 20;3;щебень 800 5 20
щебень;;щебень гранит 5 20;3;щебень гранит 5 20
щебень;;чем расклинить щебень 40 70;3;чем расклинить щебень 40 70
щебень;;масса щебня 40 70;3;масса щебня 40 70
щебень;;щебень м800 фр 40 70;3;щебень м800 фр 40 70
щебень;;щебень известковый 40 70;3;щебень известковый 40 70
щебень;;щебень 40 70 м 800;3;щебень 40 70 м 800
щебень;;скальный щебенистый грунт;3;скальный щебенистый грунт
щебень;;щебеночно песчаная смесь с 5;3;щебеночно песчаная смесь с 5
щебень;;щебеночно песчаная смесь 0 31 5;3;щебеночно песчаная смесь 0 31 5
щебень;;щебеночно песчаная смесь с11;3;щебеночно песчаная смесь с11
щебень;;песчано щебеночная смесь 0 80;3;песчано щебеночная смесь 0 80
щебень;;щебеночно песчаная смесь с6;3;щебеночно песчаная смесь с6
щебень;;гранитный щебень в мешках рязань;2;гранитный щебень в мешках рязань
щебень;;щебень гранитный 1 тонна;2;щебень гранитный 1 тонна
щебень;;щебень гранитный рязань;2;щебень гранитный рязань
щебень;;гранитный щебень пермь;2;гранитный щебень пермь
щебень;;гранитный щебень 10 20 мм;2;гранитный щебень 10 20 мм
щебень;;какого цвета гранитный щебень;2;какого цвета гранитный щебень
щебень;;масса гранитного щебня 20 40;2;масса гранитного щебня 20 40
щебень;;щебень гранитный 5 20 в мешках;2;щебень гранитный 5 20 в мешках
щебень;;гравийный и гранитный щебень разница;2;гравийный и гранитный щебень разница
щебень;;где добывают гранитный щебень;2;где добывают гранитный щебень
щебень;;гравий гранитный и щебень гранитный разница;2;гравий гранитный и щебень гранитный разница
щебень;;гравий и щебень гранитный;2;гравий и щебень гранитный
щебень;;гранитный щебень леруа;2;гранитный щебень леруа
щебень;;ооо гранитный щебень;2;ооо гранитный щебень
щебень;;поставка гранитного щебня;2;поставка гранитного щебня
щебень;;щебень гранитный 20 40 в мешках;2;щебень гранитный 20 40 в мешках
щебень;;щебень гранитный м1200;2;щебень гранитный м1200
щебень;;щебень гранитный самаре;2;щебень гранитный самаре
щебень;;щебень гранитный уфа;2;щебень гранитный уфа
щебень;;щебень гранитный фр 5;2;щебень гранитный фр 5
щебень;;гранитный щебень 800;2;гранитный щебень 800
щебень;;щебень вторичный переработка;2;щебень вторичный переработка
щебень;;шлаковый щебень фото;2;шлаковый щебень фото
щебень;;шлаковый щебень 20 40;2;шлаковый щебень 20 40
щебень;;шлаковый щебень 5 20;2;шлаковый щебень 5 20
щебень;;щебень 40 70 бердюжье;2;щебень 40 70 бердюжье
щебень;;коэф уплотнения щебня 40 70;2;коэф уплотнения щебня 40 70
щебень;;коэф щебня 40 70;2;коэф щебня 40 70
щебень;;паспорт на щебень 40 70;2;паспорт на щебень 40 70
щебень;;карьер щебень 40 70;2;карьер щебень 40 70
щебень;;щебеночно песчаная смесь 0 63;2;щебеночно песчаная смесь 0 63
щебень;;песчано щебеночная смесь паспорт;2;песчано щебеночная смесь паспорт
щебень;;основания из щебеночно песчаной смеси;2;основания из щебеночно песчаной смеси
щебень;;смеси щебеночно гравийно песчаные для покрытий;2;смеси щебеночно гравийно песчаные для покрытий
щебень;;смеси щебеночно гравийно песчаные обработанные вяжущим;2;смеси щебеночно гравийно песчаные обработанные вяжущим
щебень;;щебеночно песчаная смесь с 2;2;щебеночно песчаная смесь с 2
щебень;;щебеночно песчаная смесь с1;2;щебеночно песчаная смесь с1
щебень;;щебеночно песчаная смесь с2;2;щебеночно песчаная смесь с2
щебень;;щебеночно песчаная смесь с8;2;щебеночно песчаная смесь с8
щебень;;щпс щебеночно песчаная смесь;2;щпс щебеночно песчаная смесь
щебень;;смесь щебеночно песчаная с6 0 20;2;смесь щебеночно песчаная с6 0 20
щебень;;щебеночно гравийно песчаная смесь 4;2;щебеночно гравийно песчаная смесь 4
щебень;;смесь щебеночно песчаная с7;2;смесь щебеночно песчаная с7
щебень;;известняковый щебень под домом;1;известняковый щебень под домом
щебень;;щебень известняковый 600;1;щебень известняковый 600
щебень;;щебень известняковый м400;1;щебень известняковый м400
щебень;;щебень известняковый м400 600;1;щебень известняковый м400 600
щебень;;кирпичный известняковый щебень;1;кирпичный известняковый щебень
щебень;;известняковый доломитовый щебень;1;известняковый доломитовый щебень
щебень;;карьер известнякового щебня;1;карьер известнякового щебня
щебень;;карьеры известнякового щебня;1;карьеры известнякового щебня
щебень;;щебень известняковый 5 20;1;щебень известняковый 5 20
щебень;;щебень известняковый мелкий;1;щебень известняковый мелкий
щебень;;щебень известняковый челябинск;1;щебень известняковый челябинск
щебень;;известняковый щебень тонна куб;1;известняковый щебень тонна куб
щебень;;щебень известняковый тонну;1;щебень известняковый тонну
щебень;;вторичный щебень что это такое простыми;1;вторичный щебень что это такое простыми
щебень;;что такое вторичный щебень это простыми словами;1;что такое вторичный щебень это простыми словами
щебень;;щебень вторичный 5 20;1;щебень вторичный 5 20
щебень;;сертификат щебень 40 70;1;сертификат щебень 40 70
щебень;;щебень 40 70 м800 паспорт;1;щебень 40 70 м800 паспорт
щебень;;щебень фр 40 70 паспорт;1;щебень фр 40 70 паспорт
щебень;;щебень гравий 40 70;1;щебень гравий 40 70
щебень;;коэффициент уплотнения гранитного щебня 40 70;1;коэффициент уплотнения гранитного щебня 40 70
щебень;;щебень гранитный 40 70 мм;1;щебень гранитный 40 70 мм
щебень;;щебень из природного камня 40 70;1;щебень из природного камня 40 70
щебень;;щебень природный 40 70;1;щебень природный 40 70
щебень;;щебень опгс;1;щебень опгс
щебень;;скальный грунт это щебень;1;скальный грунт это щебень
щебень;;смесь щебеночно песчаная к90 м1;1;смесь щебеночно песчаная к90 м1
щебень;;щебеночно песчаная смесь к90;1;щебеночно песчаная смесь к90
щебень;;шлаковая щебеночно песчаная смесь;1;шлаковая щебеночно песчаная смесь
щебень;;щебеночно песчаная смесь непрерывной гранулометрии;1;щебеночно песчаная смесь непрерывной гранулометрии
щебень;;щебеночно песчаная смесь с 11;1;щебеночно песчаная смесь с 11
щебень;;щебеночно песчаная смесь с 6;1;щебеночно песчаная смесь с 6
щебень;;щебеночно песчаная смесь щпс с4;1;щебеночно песчаная смесь щпс с4
щебень;;смесь щебеночно песчаная готовая с5;1;смесь щебеночно песчаная готовая с5
щебень;;щебеночно гравийно песчаная смесь с5;1;щебеночно гравийно песчаная смесь с5
щебень;выбор;щебень 5 20 это какой;48;щебень 5 20 это какой
щебень;выбор;щебень 5 20 или 20 40;31;щебень 5 20 или 20 40
щебень;выбор;щебень 20 40 это какой;14;щебень 20 40 это какой
щебень;выбор;гранитный или гравийный щебень;11;гранитный или гравийный щебень
щебень;выбор;чем отличается гравийный щебень от гранитного щебня;7;чем отличается гравийный щебень от гранитного щебня
щебень;выбор;чем отличается щебень и гранитный щебень;6;чем отличается щебень и гранитный щебень
щебень;выбор;какой бывает щебень гранитный;5;какой бывает щебень гранитный
щебень;выбор;щебень известняковый или гранитный в чем разница;5;щебень известняковый или гранитный в чем разница
щебень;выбор;гранитный или известковый щебень;5;гранитный или известковый щебень
щебень;выбор;щебень гранитный или известняковый какой;3;щебень гранитный или известняковый какой
щебень;выбор;шлаковый щебень вреден или нет;3;шлаковый щебень вреден или нет
щебень;выбор;щебень гранитный или известняковый какой лучше;1;щебень гранитный или известняковый какой лучше
щебень;выбор;щебень доломитовый или известняковый разница;1;щебень доломитовый или известняковый разница
щебень;выбор;какой коэффициент уплотнения щебня 40 70;1;какой коэффициент уплотнения щебня 40 70
щебень;выбор|характеристики;щебень фракция 5 20 это какой;40;щебень фракция 5 20 это какой
щебень;выбор|характеристики;щебень 5 20 это какой размер;39;щебень 5 20 это какой размер
щебень;выбор|характеристики;щебень фракция 5 20 это какой размер;35;щебень фракция 5 20 это какой размер
щебень;выбор|характеристики;щебень 20 40 это какой размер;10;щебень 20 40 это какой размер
щебень;выбор|характеристики;щебень фракция 20 40 это какой;10;щебень фракция 20 40 это какой
щебень;гео;щебень 20 40 екатеринбург;345;щебень 20 40 екатеринбург
щебень;гео;щебень 5 20 екатеринбург;214;щебень 5 20 екатеринбург
щебень;гео;щебень гранитный екатеринбург;56;щебень гранитный екатеринбург
щебень;гео;щебень 40 70 екатеринбург;46;щебень 40 70 екатеринбург
щебень;гео;щебень 20 40 ревда;26;щебень 20 40 ревда
щебень;гео;шлаковый щебень ревда;20;шлаковый щебень ревда
щебень;гео;мраморный щебень 40 70 екатеринбург;9;мраморный щебень 40 70 екатеринбург
щебень;гео;щебень шлаковый екатеринбург;8;щебень шлаковый екатеринбург
щебень;гео|характеристики;щебень гранитный фракция 5 10 екатеринбург;6;щебень гранитный фракция 5 10 екатеринбург
щебень;гео|характеристики;щебень гранитный фракция 5 10 красноуфимск;5;щебень гранитный фракция 5 10 красноуфимск
щебень;как сделать;как выглядит щебень 5 20;78;как выглядит щебень 5 20
щебень;как сделать;щебень 5 20 фото как выглядит;28;щебень 5 20 фото как выглядит
щебень;как сделать;щебень 20 40 фото как выглядит;23;щебень 20 40 фото как выглядит
щебень;как сделать;как выглядит тонна щебня 5 20;18;как выглядит тонна щебня 5 20
щебень;как сделать;щебень 20 на 40 как выглядит;16;щебень 20 на 40 как выглядит
щебень;как сделать;как выглядит щебень 40 70;15;как выглядит щебень 40 70
щебень;как сделать;устройство основания из щебня 40 70;12;устройство основания из щебня 40 70
щебень;как сделать;устройство оснований из щебня 20 40;10;устройство оснований из щебня 20 40
щебень;как сделать;щебень 40 70 фото как выглядит;6;щебень 40 70 фото как выглядит
щебень;как сделать;как выглядит гранитный щебень;5;как выглядит гранитный щебень
щебень;как сделать;щебень гранитный фото как выглядит;2;щебень гранитный фото как выглядит
щебень;как сделать;гранитный щебень для заливки;2;гранитный щебень для заливки
щебень;как сделать;устройство основания из щебеночно песчаной смеси;2;устройство основания из щебеночно песчаной смеси
щебень;как сделать;как выглядит шлаковый щебень;1;как выглядит шлаковый щебень
щебень;как сделать|характеристики;фракция 5 20 щебень как выглядит;25;фракция 5 20 щебень как выглядит
щебень;как сделать|характеристики;фракция 20 40 щебень как выглядит;13;фракция 20 40 щебень как выглядит
щебень;коммерческий;купить щебень 20 40;536;купить щебень 20 40
щебень;коммерческий;купить щебень 5 20;489;купить щебень 5 20
щебень;коммерческий;щебень 20 40 цена;462;щебень 20 40 цена
щебень;коммерческий;щебень 20 40 с доставкой;401;щебень 20 40 с доставкой
щебень;коммерческий;щебень 20 40 м3;367;щебень 20 40 м3
щебень;коммерческий;щебень 20 40 1 м3;285;щебень 20 40 1 м3
щебень;коммерческий;щебень 20 40 цена с доставкой;197;щебень 20 40 цена с доставкой
щебень;коммерческий;щебень 5 20 цена;186;щебень 5 20 цена
щебень;коммерческий;щебень гранитный купить;169;щебень гранитный купить
щебень;коммерческий;купить щебень 20 40 с доставкой;168;купить щебень 20 40 с доставкой
щебень;коммерческий;щебень 20 40 цена за 1;132;щебень 20 40 цена за 1
щебень;коммерческий;щебень 20 40 цена за м3;128;щебень 20 40 цена за м3
щебень;коммерческий;щебень 20 40 цена за 1 м3;121;щебень 20 40 цена за 1 м3
щебень;коммерческий;щебень 20 40 доставкой м3;112;щебень 20 40 доставкой м3
щебень;коммерческий;купить щебень 40 70;112;купить щебень 40 70
щебень;коммерческий;1 м3 щебня 20 40 в тоннах;101;1 м3 щебня 20 40 в тоннах
щебень;коммерческий;щебень 5 20 с доставкой;94;щебень 5 20 с доставкой
щебень;коммерческий;цена куба щебня 20 40;93;цена куба щебня 20 40
щебень;коммерческий;щебень 40 70 цена;90;щебень 40 70 цена
щебень;коммерческий;тонна щебня в м3 5 20;84;тонна щебня в м3 5 20
щебень;коммерческий;щебень 5 20 в мешках купить;68;щебень 5 20 в мешках купить
щебень;коммерческий;купить щебень 20 40 цена;60;купить щебень 20 40 цена
щебень;коммерческий;шлаковый щебень купить;59;шлаковый щебень купить
щебень;коммерческий;цена куба щебня 5 20;57;цена куба щебня 5 20
щебень;коммерческий;тонна щебня в м3 40 70;54;тонна щебня в м3 40 70
щебень;коммерческий;щебень 20 40 цена за куб;51;щебень 20 40 цена за куб
щебень;коммерческий;щебень гранитный цена;50;щебень гранитный цена
щебень;коммерческий;купить щебень 5 20 с доставкой;50;купить щебень 5 20 с доставкой
щебень;коммерческий;щебень 5 20 цена за куб;46;щебень 5 20 цена за куб
щебень;коммерческий;куплю щебень гранитный 20;45;куплю щебень гранитный 20
щебень;коммерческий;стоимость щебня 20 40;45;стоимость щебня 20 40
щебень;коммерческий;щебень 5 20 доставка цены;41;щебень 5 20 доставка цены
щебень;коммерческий;щебень 20 40 цена за тонну;41;щебень 20 40 цена за тонну
щебень;коммерческий;доставка щебня 40 70;41;доставка щебня 40 70
щебень;коммерческий;щебень 20 40 купить куб;36;щебень 20 40 купить куб
щебень;коммерческий;щебень 5 20 цена за тонну;34;щебень 5 20 цена за тонну
щебень;коммерческий;стоимость щебня 5 20;33;стоимость щебня 5 20
щебень;коммерческий;купить щебень 5 20 цены;33;купить щебень 5 20 цены
щебень;коммерческий;щебень 20 40 в мешках купить;33;щебень 20 40 в мешках купить
щебень;коммерческий;щебень 20 40 мм цена;29;щебень 20 40 мм цена
щебень;коммерческий;куб щебня 5 20 купить;28;куб щебня 5 20 купить
щебень;коммерческий;щебень 40 70 цена за тонну;28;щебень 40 70 цена за тонну
щебень;коммерческий;щебеночно песчаная смесь купить;24;щебеночно песчаная смесь купить
щебень;коммерческий;щебень известняковый купить;23;щебень известняковый купить
щебень;коммерческий;купить щебень 20 40 мм;22;купить щебень 20 40 мм
щебень;коммерческий;щебень 40 70 доставка цена;22;щебень 40 70 доставка цена
щебень;коммерческий;купить щебень гранитный 5 20;21;купить щебень гранитный 5 20
щебень;коммерческий;купить щебень 5 20 мм;21;купить щебень 5 20 мм
щебень;коммерческий;цена мраморного щебня 20 40 мм;20;цена мраморного щебня 20 40 мм
щебень;коммерческий;щебень гранитный с доставкой;19;щебень гранитный с доставкой
щебень;коммерческий;купить щебень гранитный 20 40;16;купить щебень гранитный 20 40
щебень;коммерческий;щебень шлаковый в тагиле купить;16;щебень шлаковый в тагиле купить
щебень;коммерческий;щебень гранитный 5 20 цена;14;щебень гранитный 5 20 цена
щебень;коммерческий;купить щебень 40 70 с доставкой;14;купить щебень 40 70 с доставкой
щебень;коммерческий;купить щебень гранитный цена;13;купить щебень гранитный цена
щебень;коммерческий;купить щебень 20 40 в горном щите;13;купить щебень 20 40 в горном щите
щебень;коммерческий;цена куба щебня 40 70;13;цена куба щебня 40 70
щебень;коммерческий;стоимость куба щебня 5 20;12;стоимость куба щебня 5 20
щебень;коммерческий;стоимость щебня 5 20 за куб;12;стоимость щебня 5 20 за куб
щебень;коммерческий;щебень 20 40 м3 купить;12;щебень 20 40 м3 купить
щебень;коммерческий;щебень 40 70 цена за м3;12;щебень 40 70 цена за м3
щебень;коммерческий;перевести тонны в м3 щебень 20 40;11;перевести тонны в м3 щебень 20 40
щебень;коммерческий;щебень гранитный м3;10;щебень гранитный м3
щебень;коммерческий;купить гранитный щебень в мешках;10;купить гранитный щебень в мешках
щебень;коммерческий;стоимость куба щебня 20 40;10;стоимость куба щебня 20 40
щебень;коммерческий;щебень 40 70 цена за 1;10;щебень 40 70 цена за 1
щебень;коммерческий;щебень 40 70 цена за куб;10;щебень 40 70 цена за куб
щебень;коммерческий;щебень гранитный 5 10 купить;9;щебень гранитный 5 10 купить
щебень;коммерческий;щебень 40 70 цена за 1 м3;9;щебень 40 70 цена за 1 м3
щебень;коммерческий;стоимость щебня 40 70;9;стоимость щебня 40 70
щебень;коммерческий;гранитный щебень 20 40 цена;8;гранитный щебень 20 40 цена
щебень;коммерческий;щебень гранитный цена за тонну;8;щебень гранитный цена за тонну
щебень;коммерческий;купить доставка гранитного щебня;8;купить доставка гранитного щебня
щебень;коммерческий;доставка гранитного щебня 20 40;8;доставка гранитного щебня 20 40
щебень;коммерческий;вторичный щебень купить;8;вторичный щебень купить
щебень;коммерческий;купить щебень гравийный 20 40;8;купить щебень гравийный 20 40
щебень;коммерческий;купить щебень 40 70 мм;8;купить щебень 40 70 мм
щебень;коммерческий;щебень гранитный 5 10 купить 5 кг;7;щебень гранитный 5 10 купить 5 кг
щебень;коммерческий;где купить щебень 5 20;7;где купить щебень 5 20
щебень;коммерческий;купить щебень мраморный 5 20;7;купить щебень мраморный 5 20
щебень;коммерческий;щебень гранитный доставка цена;6;щебень гранитный доставка цена
щебень;коммерческий;щебень в мешках купить 5 20 мм;6;щебень в мешках купить 5 20 мм
щебень;коммерческий;щебень 5 20 челябинск цена;6;щебень 5 20 челябинск цена
щебень;коммерческий;щебень гранитный 5 20 цена за тонну;5;щебень гранитный 5 20 цена за тонну
щебень;коммерческий;щебень фр 5 20 цена;5;щебень фр 5 20 цена
щебень;коммерческий;щебень 5 20 белый цена;5;щебень 5 20 белый цена
щебень;коммерческий;цена 1 тонны щебня 5 20;5;цена 1 тонны щебня 5 20
щебень;коммерческий;гравийный щебень 40 70 купить;5;гравийный щебень 40 70 купить
щебень;коммерческий;щебень 40 70 цена за тонну челябинск;5;щебень 40 70 цена за тонну челябинск
щебень;коммерческий;купить гранитный щебень в нижнем;4;купить гранитный щебень в нижнем
щебень;коммерческий;где купить щебень гранитный;4;где купить щебень гранитный
щебень;коммерческий;щебень гранитный купить киров;4;щебень гранитный купить киров
щебень;коммерческий;щебень крупный гранитный купить;4;щебень крупный гранитный купить
щебень;коммерческий;купить щебень известняковый 20;4;купить щебень известняковый 20
щебень;коммерческий;купить щебень известняковый 20 40;4;купить щебень известняковый 20 40
щебень;коммерческий;купить щебень известняковый 40;4;купить щебень известняковый 40
щебень;коммерческий;щебень 5 20 мм цена;4;щебень 5 20 мм цена
щебень;коммерческий;щебень 5 20 цена в мешках;4;щебень 5 20 цена в мешках
щебень;коммерческий;щебень 40 70 купить в мешках;4;щебень 40 70 купить в мешках
щебень;коммерческий;купить щебень гранитный 20 40 с доставкой;3;купить щебень гранитный 20 40 с доставкой
щебень;коммерческий;щебень гранитный цена за куб;3;щебень гранитный цена за куб
щебень;коммерческий;щебень гранитный 5 10 цена;3;щебень гранитный 5 10 цена
щебень;коммерческий;щебень гранитный 70 120 купить;3;щебень гранитный 70 120 купить
щебень;коммерческий;купить щебень гранитный москва;3;купить щебень гранитный москва
щебень;коммерческий;цветной гранитный щебень купить;3;цветной гранитный щебень купить
щебень;коммерческий;щебень известняковый цена;3;щебень известняковый цена
щебень;коммерческий;щебень шлаковый цена;3;щебень шлаковый цена
щебень;коммерческий;щебень 5 20 челябинск цена с доставкой;3;щебень 5 20 челябинск цена с доставкой
щебень;коммерческий;стоимость щебня 5 20 за 1 м3;3;стоимость щебня 5 20 за 1 м3
щебень;коммерческий;стоимость щебня за м3 5 20;3;стоимость щебня за м3 5 20
щебень;коммерческий;заказать щебень 5 20;3;заказать щебень 5 20
щебень;коммерческий;масса щебня 40 70 в 1 м3;3;масса щебня 40 70 в 1 м3
щебень;коммерческий;щебень фр 40 70 цена;3;щебень фр 40 70 цена
щебень;коммерческий;щебеночно песчаная смесь цена;3;щебеночно песчаная смесь цена
щебень;коммерческий;щебень гранитный купить в перми;2;щебень гранитный купить в перми
щебень;коммерческий;щебень гранитный 20 40 мм цена;2;щебень гранитный 20 40 мм цена
щебень;коммерческий;купить гранитный щебень в мешках 5 20;2;купить гранитный щебень в мешках 5 20
щебень;коммерческий;купить щебень гранитный 40 70;2;купить щебень гранитный 40 70
щебень;коммерческий;купить щебень гранитный уфа;2;купить щебень гранитный уфа
щебень;коммерческий;щебень гранитный 20 40 в мешках купить;2;щебень гранитный 20 40 в мешках купить
щебень;коммерческий;известняковый щебень с доставкой;2;известняковый щебень с доставкой
щебень;коммерческий;купить щебень известняковый с доставкой;2;купить щебень известняковый с доставкой
щебень;коммерческий;щебень известняковый м3;2;щебень известняковый м3
щебень;коммерческий;вторичный щебень с доставкой;2;вторичный щебень с доставкой
щебень;коммерческий;купить вторичный щебень с доставкой;2;купить вторичный щебень с доставкой
щебень;коммерческий;купить вторичный щебень с доставкой дешево;2;купить вторичный щебень с доставкой дешево
щебень;коммерческий;купить крупный щебень 40 70;2;купить крупный щебень 40 70
щебень;коммерческий;купить щебень фр 40 70;2;купить щебень фр 40 70
щебень;коммерческий;стоимость щебня 40 70 за м3;2;стоимость щебня 40 70 за м3
щебень;коммерческий;щебень 40 70 купить в тюмени;2;щебень 40 70 купить в тюмени
щебень;коммерческий;купить щебеночно гравийно песчаную смесь;2;купить щебеночно гравийно песчаную смесь
щебень;коммерческий;щебеночно песчаная смесь стоимость;2;щебеночно песчаная смесь стоимость
щебень;коммерческий;щебень известняковый 20 40 цена;1;щебень известняковый 20 40 цена
щебень;коммерческий;1 м3 щебня 40 70 стоимость;1;1 м3 щебня 40 70 стоимость
щебень;коммерческий;стоимость тонны щебня 40 70;1;стоимость тонны щебня 40 70
щебень;коммерческий;цена щебня 40 70 мм;1;цена щебня 40 70 мм
щебень;коммерческий|гео;доставка щебня 20 40 екатеринбург;236;доставка щебня 20 40 екатеринбург
щебень;коммерческий|гео;щебень 20 40 купить в екатеринбурге;164;щебень 20 40 купить в екатеринбурге
щебень;коммерческий|гео;цена за щебень 20 40 екатеринбург;124;цена за щебень 20 40 екатеринбург
щебень;коммерческий|гео;щебень 5 20 купить в екатеринбурге;123;щебень 5 20 купить в екатеринбурге
щебень;коммерческий|гео;щебень 20 40 невьянск с доставкой;35;щебень 20 40 невьянск с доставкой
щебень;коммерческий|гео;гранитный щебень купить екатеринбург;32;гранитный щебень купить екатеринбург
щебень;коммерческий|гео;щебень 5 20 цена екатеринбург;26;щебень 5 20 цена екатеринбург
щебень;коммерческий|гео;щебень 40 70 купить екатеринбург;22;щебень 40 70 купить екатеринбург
щебень;коммерческий|гео;щебень купить сысерть 20 40;18;щебень купить сысерть 20 40
щебень;коммерческий|гео;щебень 5 20 красноуфимск купить;17;щебень 5 20 красноуфимск купить
щебень;коммерческий|гео;щебень 20 40 купить березовский;17;щебень 20 40 купить березовский
щебень;коммерческий|гео;купить гранитный щебень в полевском;15;купить гранитный щебень в полевском
щебень;коммерческий|гео;щебень 20 40 купить асбест;15;щебень 20 40 купить асбест
щебень;коммерческий|гео;щебень 40 70 цена екатеринбург;13;щебень 40 70 цена екатеринбург
щебень;коммерческий|гео;щебень 20 40 купить арамиль;10;щебень 20 40 купить арамиль
щебень;коммерческий|гео;щебень 20 40 купить в верхней пышме;8;щебень 20 40 купить в верхней пышме
щебень;коммерческий|гео;купить щебень франция 5 20 екатеринбург;6;купить щебень франция 5 20 екатеринбург
щебень;коммерческий|гео;щебень гранитный купить ревде свердловской;5;щебень гранитный купить ревде свердловской
щебень;коммерческий|гео;купить щебень гранитный в мешках г полевской;5;купить щебень гранитный в мешках г полевской
щебень;коммерческий|гео;купить щебень 5 20 в талице;5;купить щебень 5 20 в талице
щебень;коммерческий|гео;щебень 5 20 стоимость первоуральск;5;щебень 5 20 стоимость первоуральск
щебень;коммерческий|гео;купить щебень 40 70 верхняя салда;5;купить щебень 40 70 верхняя салда
щебень;коммерческий|гео|характеристики;екатеринбург купить щебень фракция 20 40;16;екатеринбург купить щебень фракция 20 40
щебень;коммерческий|гео|характеристики;стройград сысерть щебень фракция 20 40 цена;8;стройград сысерть щебень фракция 20 40 цена
щебень;коммерческий|расчёт;щебень 20 40 м3 в тонны;132;щебень 20 40 м3 в тонны
щебень;коммерческий|расчёт;сколько щебня 20 40 в м3;96;сколько щебня 20 40 в м3
щебень;коммерческий|расчёт;сколько м3 в тонне щебня 20 40;93;сколько м3 в тонне щебня 20 40
щебень;коммерческий|расчёт;щебень 5 20 сколько тонн в м3;68;щебень 5 20 сколько тонн в м3
щебень;коммерческий|расчёт;сколько щебня 5 20 в 1 м3;67;сколько щебня 5 20 в 1 м3
щебень;коммерческий|расчёт;вес м3 щебня 20 40;63;вес м3 щебня 20 40
щебень;коммерческий|расчёт;вес щебня 20 40 в 1 м3;54;вес щебня 20 40 в 1 м3
щебень;коммерческий|расчёт;вес м3 щебня 40 70;40;вес м3 щебня 40 70
щебень;коммерческий|расчёт;щебень 40 70 вес 1 м3;33;щебень 40 70 вес 1 м3
щебень;коммерческий|расчёт;щебень 5 20 вес м3;28;щебень 5 20 вес м3
щебень;коммерческий|расчёт;щебень 5 20 вес 1 м3;27;щебень 5 20 вес 1 м3
щебень;коммерческий|расчёт;сколько м3 в тонне щебня 40 70;27;сколько м3 в тонне щебня 40 70
щебень;коммерческий|расчёт;вес 1м3 щебня 40 70;15;вес 1м3 щебня 40 70
щебень;коммерческий|расчёт;щебень 20 40 вес 1м3;13;щебень 20 40 вес 1м3
щебень;коммерческий|расчёт;плотность щебня 20 40 кг м3;12;плотность щебня 20 40 кг м3
щебень;коммерческий|расчёт;перевод м3 в тонны щебень 20 40;9;перевод м3 в тонны щебень 20 40
щебень;коммерческий|расчёт;вес щебня 5 20 в 1м3;6;вес щебня 5 20 в 1м3
щебень;коммерческий|расчёт;сколько тонн щебня 5 20 в 1м3;4;сколько тонн щебня 5 20 в 1м3
щебень;коммерческий|расчёт;сколько щебня 5 20 в 1м3;4;сколько щебня 5 20 в 1м3
щебень;коммерческий|расчёт;щебень гранитный вес 1м3;3;щебень гранитный вес 1м3
щебень;коммерческий|расчёт;вес 1 м3 гранитного щебня;3;вес 1 м3 гранитного щебня
щебень;коммерческий|расчёт;гранитный щебень вес м3;3;гранитный щебень вес м3
щебень;коммерческий|расчёт;плотность щебня 40 70 кг м3;3;плотность щебня 40 70 кг м3
щебень;коммерческий|расчёт;щебень гранитный 20 40 вес 1м3;2;щебень гранитный 20 40 вес 1м3
щебень;коммерческий|расчёт;щебень гранитный 5 20 вес 1 м3;2;щебень гранитный 5 20 вес 1 м3
щебень;коммерческий|расчёт;плотность щебня 40 70 т м3;2;плотность щебня 40 70 т м3
щебень;коммерческий|расчёт|характеристики;щебень вес 1 м3 фракция 20 40;18;щебень вес 1 м3 фракция 20 40
щебень;коммерческий|расчёт|характеристики;вес м3 щебня фракции 5 20;3;вес м3 щебня фракции 5 20
щебень;коммерческий|расчёт|характеристики;щебень фракции 40 70 вес 1 м3;3;щебень фракции 40 70 вес 1 м3
щебень;коммерческий|расчёт|характеристики;вес щебня фракции 40 70 в 1м3;1;вес щебня фракции 40 70 в 1м3
щебень;коммерческий|характеристики;щебень фракции 20 40 купить;82;щебень фракции 20 40 купить
щебень;коммерческий|характеристики;купить щебень фракция 5 20;74;купить щебень фракция 5 20
щебень;коммерческий|характеристики;щебень фракцией 20 40 м3;61;щебень фракцией 20 40 м3
щебень;коммерческий|характеристики;щебень фракция 20 40 цена;53;щебень фракция 20 40 цена
щебень;коммерческий|характеристики;щебень фракции 5 20 цена;33;щебень фракции 5 20 цена
щебень;коммерческий|характеристики;купить щебень фракции 40 70;31;купить щебень фракции 40 70
щебень;коммерческий|характеристики;щебень фракция 20 40 доставка;28;щебень фракция 20 40 доставка
щебень;коммерческий|характеристики;щебень фракция 40 70 цена;28;щебень фракция 40 70 цена
щебень;коммерческий|характеристики;тонна щебня в м3 20 40 фракция;27;тонна щебня в м3 20 40 фракция
щебень;коммерческий|характеристики;купить щебень гранитный фракция;26;купить щебень гранитный фракция
щебень;коммерческий|характеристики;доставка щебня фракции 5 20;24;доставка щебня фракции 5 20
щебень;коммерческий|характеристики;щебень фракция 20 40 мм купить;19;щебень фракция 20 40 мм купить
щебень;коммерческий|характеристики;цена щебня за куб фракции 20 40;17;цена щебня за куб фракции 20 40
щебень;коммерческий|характеристики;купить щебень фракции 20 40 цена;13;купить щебень фракции 20 40 цена
щебень;коммерческий|характеристики;щебень фракция 5 20 цена за тонну;12;щебень фракция 5 20 цена за тонну
щебень;коммерческий|характеристики;купить щебень фракция 5 20 цена;12;купить щебень фракция 5 20 цена
щебень;коммерческий|характеристики;щебень фракции 20 40 цена доставкой;12;щебень фракции 20 40 цена доставкой
щебень;коммерческий|характеристики;стоимость щебня фракции 20 40;9;стоимость щебня фракции 20 40
щебень;коммерческий|характеристики;стоимость щебня фракции 5 20;8;стоимость щебня фракции 5 20
щебень;коммерческий|характеристики;щебень фракции 40 70 мм купить;8;щебень фракции 40 70 мм купить
щебень;коммерческий|характеристики;стоимость щебня фракции 40 70;5;стоимость щебня фракции 40 70
щебень;коммерческий|характеристики;щебень цена за куб фракция 5 20;3;щебень цена за куб фракция 5 20
щебень;коммерческий|характеристики;щебень гранитный фракция 5 20 купить;2;щебень гранитный фракция 5 20 купить
щебень;коммерческий|характеристики;гранитный щебень фракция 20 40 цена;2;гранитный щебень фракция 20 40 цена
щебень;коммерческий|характеристики;щебень гранитный фракция 20 40 мм цена;2;щебень гранитный фракция 20 40 мм цена
щебень;коммерческий|характеристики;щебень фракции 40 70 цена за м3;2;щебень фракции 40 70 цена за м3
щебень;применение;шлаковый щебень для чего используется;9;шлаковый щебень для чего используется
щебень;применение;известняковый щебень для дренажа;3;известняковый щебень для дренажа
щебень;применение;щебень 5 20 применение;3;щебень 5 20 применение
щебень;применение;гранитный щебень для дренажа;2;гранитный щебень для дренажа
щебень;применение;известняковый щебень для чего используется;2;известняковый щебень для чего используется
щебень;применение;вторичный щебень для чего используется;2;вторичный щебень для чего используется
щебень;применение;известняковый щебень подойдет для дренажа;1;известняковый щебень подойдет для дренажа
щебень;применение;щебень известняковый под фундамент;1;щебень известняковый под фундамент
щебень;расчёт;щебень 20 40 сколько;517;щебень 20 40 сколько
щебень;расчёт;щебень 5 20 сколько;417;щебень 5 20 сколько
щебень;расчёт;щебень 20 40 сколько тонн;274;щебень 20 40 сколько тонн
щебень;расчёт;щебень 5 20 сколько тонн;208;щебень 5 20 сколько тонн
щебень;расчёт;куб щебня 5 20 сколько;202;куб щебня 5 20 сколько
щебень;расчёт;вес щебня 20 40;164;вес щебня 20 40
щебень;расчёт;сколько стоит щебень 20 40;149;сколько стоит щебень 20 40
щебень;расчёт;сколько щебня в кубе 20 40;144;сколько щебня в кубе 20 40
щебень;расчёт;щебень 40 70 сколько;132;щебень 40 70 сколько
щебень;расчёт;щебень 20 40 сколько тонн в 1;119;щебень 20 40 сколько тонн в 1
щебень;расчёт;щебень 20 40 кубы в тонны;112;щебень 20 40 кубы в тонны
щебень;расчёт;сколько в кубе щебня тонн 20 40;98;сколько в кубе щебня тонн 20 40
щебень;расчёт;вес щебня 5 20;95;вес щебня 5 20
щебень;расчёт;сколько весит щебень 5 20;86;сколько весит щебень 5 20
щебень;расчёт;сколько стоит куб щебня 20 40;84;сколько стоит куб щебня 20 40
щебень;расчёт;вес щебня 40 70;80;вес щебня 40 70
щебень;расчёт;сколько стоит щебень 5 20;76;сколько стоит щебень 5 20
щебень;расчёт;плотность щебня 20 40;74;плотность щебня 20 40
щебень;расчёт;щебень 5 20 куб в тонны;63;щебень 5 20 куб в тонны
щебень;расчёт;щебень 5 20 кубы в тонны;63;щебень 5 20 кубы в тонны
щебень;расчёт;сколько весит куб щебня 5 20;62;сколько весит куб щебня 5 20
щебень;расчёт;сколько весит щебень 20 40;56;сколько весит щебень 20 40
щебень;расчёт;1 куб щебня 20 40 сколько;54;1 куб щебня 20 40 сколько
щебень;расчёт;щебень 5 20 сколько тонн в кубе;53;щебень 5 20 сколько тонн в кубе
щебень;расчёт;вес куба щебня 20 40;49;вес куба щебня 20 40
щебень;расчёт;куб щебня 20 40 вес;49;куб щебня 20 40 вес
щебень;расчёт;1 куб щебня 5 20 сколько;47;1 куб щебня 5 20 сколько
щебень;расчёт;сколько весит куб щебня 20 40;47;сколько весит куб щебня 20 40
щебень;расчёт;сколько стоит тонна щебня 20 40;42;сколько стоит тонна щебня 20 40
щебень;расчёт;сколько стоит тонна щебня 5 20;37;сколько стоит тонна щебня 5 20
щебень;расчёт;насыпная плотность щебня 20 40;29;насыпная плотность щебня 20 40
щебень;расчёт;сколько стоит щебень 40 70;28;сколько стоит щебень 40 70
щебень;расчёт;плотность щебня 5 20;27;плотность щебня 5 20
щебень;расчёт;сколько гранитного щебня;26;сколько гранитного щебня
щебень;расчёт;вес 1 куб щебень 20 40;25;вес 1 куб щебень 20 40
щебень;расчёт;вес 1 куба щебня 20 40;25;вес 1 куба щебня 20 40
щебень;расчёт;сколько в кубе щебня 40 70;25;сколько в кубе щебня 40 70
щебень;расчёт;вес тонны щебня 40 70;24;вес тонны щебня 40 70
щебень;расчёт;вес куба щебня 5 20;23;вес куба щебня 5 20
щебень;расчёт;куб щебня 5 20 вес;23;куб щебня 5 20 вес
щебень;расчёт;щебень 20 40 объем;22;щебень 20 40 объем
щебень;расчёт;плотность щебня 40 70;22;плотность щебня 40 70
щебень;расчёт;сколько весит щебень 5 20 1;21;сколько весит щебень 5 20 1
щебень;расчёт;сколько стоит куб щебня 5 20;20;сколько стоит куб щебня 5 20
щебень;расчёт;1 куб щебня 5 20 сколько тонн;18;1 куб щебня 5 20 сколько тонн
щебень;расчёт;щебень 20 40 сколько мм;18;щебень 20 40 сколько мм
щебень;расчёт;вес гранитного щебня;17;вес гранитного щебня
щебень;расчёт;сколько весит 1 куб щебня 5 20;17;сколько весит 1 куб щебня 5 20
щебень;расчёт;вес 1 тонны щебня 40 70;17;вес 1 тонны щебня 40 70
щебень;расчёт;расход щебня 20 40;16;расход щебня 20 40
щебень;расчёт;щебень 40 70 куб в тонны;16;щебень 40 70 куб в тонны
щебень;расчёт;удельный вес щебня 20 40;15;удельный вес щебня 20 40
щебень;расчёт;вес 1 тонны щебня 20 40;14;вес 1 тонны щебня 20 40
щебень;расчёт;вес тонны щебня 20 40;14;вес тонны щебня 20 40
щебень;расчёт;удельный вес щебня 40 70;14;удельный вес щебня 40 70
щебень;расчёт;насыпная плотность щебня 5 20;13;насыпная плотность щебня 5 20
щебень;расчёт;сколько весит щебень 40 70;13;сколько весит щебень 40 70
щебень;расчёт;сколько стоит куб щебня 40 70;13;сколько стоит куб щебня 40 70
щебень;расчёт;плотность гранитного щебня;12;плотность гранитного щебня
щебень;расчёт;щебень 5 20 объем;12;щебень 5 20 объем
щебень;расчёт;перевод щебня 20 40 в тонны;12;перевод щебня 20 40 в тонны
щебень;расчёт;сколько щебня 20 40 в камазе;12;сколько щебня 20 40 в камазе
щебень;расчёт;гранитный щебень тонн в кубе;11;гранитный щебень тонн в кубе
щебень;расчёт;сколько весит куб щебня 40 70;11;сколько весит куб щебня 40 70
щебень;расчёт;вес куба щебня 40 70;11;вес куба щебня 40 70
щебень;расчёт;куб щебня вес 40 70;11;куб щебня вес 40 70
щебень;расчёт;вес тонны щебня 5 20;10;вес тонны щебня 5 20
щебень;расчёт;щебень 20 40 сколько по цене куба;10;щебень 20 40 сколько по цене куба
щебень;расчёт;сколько стоит тонна щебня 40 70;10;сколько стоит тонна щебня 40 70
щебень;расчёт;сколько стоит гранитный щебень;9;сколько стоит гранитный щебень
щебень;расчёт;сколько кг в кубе щебня 5 20;9;сколько кг в кубе щебня 5 20
щебень;расчёт;1 куб щебня 20 40 сколько весит;9;1 куб щебня 20 40 сколько весит
щебень;расчёт;сколько тонн в кубе щебня 40 70;9;сколько тонн в кубе щебня 40 70
щебень;расчёт;вес гранитного щебня 20 40;8;вес гранитного щебня 20 40
щебень;расчёт;сколько весит гранитный щебень;8;сколько весит гранитный щебень
щебень;расчёт;объемный вес щебня 5 20;8;объемный вес щебня 5 20
щебень;расчёт;расчет щебня 20 40;8;расчет щебня 20 40
щебень;расчёт;перевести тонны в кубы щебень 20 40;8;перевести тонны в кубы щебень 20 40
щебень;расчёт;объем тонны щебня 20 40;8;объем тонны щебня 20 40
щебень;расчёт;сколько весит куб гранитного щебня;7;сколько весит куб гранитного щебня
щебень;расчёт;сколько щебня 5 20 в одном кубе;7;сколько щебня 5 20 в одном кубе
щебень;расчёт;насыпная плотность щебня 40 70;7;насыпная плотность щебня 40 70
щебень;расчёт;плотность гранитного щебня 20 40;6;плотность гранитного щебня 20 40
щебень;расчёт;насыпная плотность гранитного щебня;6;насыпная плотность гранитного щебня
щебень;расчёт;сколько весит 1 куб гранитного щебня;6;сколько весит 1 куб гранитного щебня
щебень;расчёт;сколько килограмм в кубе щебня 5 20;6;сколько килограмм в кубе щебня 5 20
щебень;расчёт;сколько весит ведро щебня 5 20;6;сколько весит ведро щебня 5 20
щебень;расчёт;вес ведра щебня 5 20;6;вес ведра щебня 5 20
щебень;расчёт;расчет щебня 5 20;6;расчет щебня 5 20
щебень;расчёт;объем тонны щебня 5 20;6;объем тонны щебня 5 20
щебень;расчёт;щебень 5 20 один куб сколько кг;6;щебень 5 20 один куб сколько кг
щебень;расчёт;куб гранитного щебня 5 20 сколько;5;куб гранитного щебня 5 20 сколько
щебень;расчёт;сколько весит гранитный щебень 5 20;5;сколько весит гранитный щебень 5 20
щебень;расчёт;сколько весит куб гранитного щебня 5 20;5;сколько весит куб гранитного щебня 5 20
щебень;расчёт;вес куба гранитного щебня;5;вес куба гранитного щебня
щебень;расчёт;вес куба гранитного щебня 20 40;5;вес куба гранитного щебня 20 40
щебень;расчёт;куб гранитного щебня вес;5;куб гранитного щебня вес
щебень;расчёт;куб щебня гранитного 20 40 вес;5;куб щебня гранитного 20 40 вес
щебень;расчёт;насыпная плотность гранитного щебня 20 40;5;насыпная плотность гранитного щебня 20 40
щебень;расчёт;расход щебня 5 20;5;расход щебня 5 20
щебень;расчёт;вес щебня 5 20 в ведре 10;5;вес щебня 5 20 в ведре 10
щебень;расчёт;удельный вес щебня 5 20;5;удельный вес щебня 5 20
щебень;расчёт;щебень фр 40 70 вес;5;щебень фр 40 70 вес
щебень;расчёт;объемный вес щебня 40 70;5;объемный вес щебня 40 70
щебень;расчёт;вес гранитного щебня 5 20;4;вес гранитного щебня 5 20
щебень;расчёт;расклинцовка щебня 5 20 расход;4;расклинцовка щебня 5 20 расход
щебень;расчёт;калькулятор щебня 40 70;4;калькулятор щебня 40 70
щебень;расчёт;щебень 40 70 в тонны калькулятор;4;щебень 40 70 в тонны калькулятор
щебень;расчёт;расход щебня 40 70;4;расход щебня 40 70
щебень;расчёт;вес песчано щебеночной смеси;4;вес песчано щебеночной смеси
щебень;расчёт;сколько щебня гранитного в кубе;3;сколько щебня гранитного в кубе
щебень;расчёт;вес шлакового щебня;3;вес шлакового щебня
щебень;расчёт;вес 1 куб щебня 5 20;3;вес 1 куб щебня 5 20
щебень;расчёт;вес 1 куба щебня 5 20;3;вес 1 куба щебня 5 20
щебень;расчёт;удельный вес щебня фр 40 70;3;удельный вес щебня фр 40 70
щебень;расчёт;плотность щебеночно песчаной смеси;3;плотность щебеночно песчаной смеси
щебень;расчёт;удельный вес гранитного щебня;2;удельный вес гранитного щебня
щебень;расчёт;сколько стоит вторичный щебень;2;сколько стоит вторичный щебень
щебень;расчёт;плотность шлакового щебня;2;плотность шлакового щебня
щебень;расчёт;щебень 40 70 1 куб сколько тонн;2;щебень 40 70 1 куб сколько тонн
щебень;расчёт;плотность щебня фр 40 70;2;плотность щебня фр 40 70
щебень;расчёт;щебень известняковый тонн в кубе;1;щебень известняковый тонн в кубе
щебень;расчёт;насыпная плотность щебня 40 70 м800;1;насыпная плотность щебня 40 70 м800
щебень;расчёт;плотность щебня 40 70 м800;1;плотность щебня 40 70 м800
щебень;расчёт;сколько весит 1 куб щебня 40 70;1;сколько весит 1 куб щебня 40 70
щебень;расчёт;коэффициент плотности щебня 40 70;1;коэффициент плотности щебня 40 70
щебень;расчёт;объем щебня в 1 тонне 40 70;1;объем щебня в 1 тонне 40 70
щебень;расчёт;перевод щебня 40 70 в тонны;1;перевод щебня 40 70 в тонны
щебень;расчёт;насыпная плотность гранитного щебня 40 70;1;насыпная плотность гранитного щебня 40 70
щебень;расчёт;плотность гранитного щебня 40 70;1;плотность гранитного щебня 40 70
щебень;расчёт;удельный вес щебеночно песчаной смеси;1;удельный вес щебеночно песчаной смеси
щебень;расчёт;щебеночно песчаная смесь с5 вес;1;щебеночно песчаная смесь с5 вес
щебень;расчёт|характеристики;щебень фракция 20 40 сколько;130;щебень фракция 20 40 сколько
щебень;расчёт|характеристики;щебень фракция 5 20 сколько;102;щебень фракция 5 20 сколько
щебень;расчёт|характеристики;вес щебня фракции 20 40;44;вес щебня фракции 20 40
щебень;расчёт|характеристики;сколько стоит щебень фракции 20 40;43;сколько стоит щебень фракции 20 40
щебень;расчёт|характеристики;сколько стоит куб щебня фракция 20 40;34;сколько стоит куб щебня фракция 20 40
щебень;расчёт|характеристики;сколько стоит щебень фракции 5 20;26;сколько стоит щебень фракции 5 20
щебень;расчёт|характеристики;щебень фракция 40 70 сколько;22;щебень фракция 40 70 сколько
щебень;расчёт|характеристики;щебень фракции 5 20 вес;15;щебень фракции 5 20 вес
щебень;расчёт|характеристики;сколько весит щебень фракции 5 20;14;сколько весит щебень фракции 5 20
щебень;расчёт|характеристики;вес щебня фракции 40 70;13;вес щебня фракции 40 70
щебень;расчёт|характеристики;сколько весит куб щебня фракции 5 20;8;сколько весит куб щебня фракции 5 20
щебень;расчёт|характеристики;плотность щебня фракции 5 20;5;плотность щебня фракции 5 20
щебень;расчёт|характеристики;расход щебня фракции 40 70;4;расход щебня фракции 40 70
щебень;расчёт|характеристики;сколько весит ведро щебня фракции 5 20;3;сколько весит ведро щебня фракции 5 20
щебень;расчёт|характеристики;плотность щебня фракции 40 70;3;плотность щебня фракции 40 70
щебень;характеристики;щебень фракция 20 40;704;щебень фракция 20 40
щебень;характеристики;щебень фракция 5 20;533;щебень фракция 5 20
щебень;характеристики;щебень фракции 40 70;211;щебень фракции 40 70
щебень;характеристики;фракции гранитного щебня;114;фракции гранитного щебня
щебень;характеристики;щебень 5 20 размер;109;щебень 5 20 размер
щебень;характеристики;щебень фракции 20 40 мм;108;щебень фракции 20 40 мм
щебень;характеристики;щебень фракция 20 40 куб;107;щебень фракция 20 40 куб
щебень;характеристики;фракция 5 20 щебень размер;96;фракция 5 20 щебень размер
щебень;характеристики;куб щебня фракции 5 20;85;куб щебня фракции 5 20
щебень;характеристики;щебень 20 40 размеры;74;щебень 20 40 размеры
щебень;характеристики;щебень фракция 5 20 фото;73;щебень фракция 5 20 фото
щебень;характеристики;5 тонн щебня фракции 5 20;72;5 тонн щебня фракции 5 20
щебень;характеристики;фракция 20 40 щебень размер;58;фракция 20 40 щебень размер
щебень;характеристики;щебень фракция 20 40 фото;57;щебень фракция 20 40 фото
щебень;характеристики;размер щебня 5 20 фото;54;размер щебня 5 20 фото
щебень;характеристики;фракция щебня 5 20 размер фото;54;фракция щебня 5 20 размер фото
щебень;характеристики;щебеночно песчаная смесь гост;53;щебеночно песчаная смесь гост
щебень;характеристики;щебень 20 40 марка;48;щебень 20 40 марка
щебень;характеристики;фракция 20 40 щебень размер фото;43;фракция 20 40 щебень размер фото
щебень;характеристики;гранитный щебень фракция 20;38;гранитный щебень фракция 20
щебень;характеристики;щебень фракции 40 70 мм;38;щебень фракции 40 70 мм
щебень;характеристики;щебень 800 фракции 20 40;37;щебень 800 фракции 20 40
щебень;характеристики;щебень 800 фракция 20 40 мм;35;щебень 800 фракция 20 40 мм
щебень;характеристики;1 куб щебня фракции 20 40;35;1 куб щебня фракции 20 40
щебень;характеристики;щебень куб тонна 5 20 фракция;32;щебень куб тонна 5 20 фракция
щебень;характеристики;щебень фракция 5 20 мм;28;щебень фракция 5 20 мм
щебень;характеристики;щебень 20 40 гост;27;щебень 20 40 гост
щебень;характеристики;щебень фракции 20 40 марка;26;щебень фракции 20 40 марка
щебень;характеристики;щебень строительный фракции 20 40;26;щебень строительный фракции 20 40
щебень;характеристики;щебень строительный фракция 20 40 мм;26;щебень строительный фракция 20 40 мм
щебень;характеристики;гост смеси щебеночно гравийно песчаные;26;гост смеси щебеночно гравийно песчаные
щебень;характеристики;щебеночно песчаная смесь гост 25607 2009;23;щебеночно песчаная смесь гост 25607 2009
щебень;характеристики;щебень м 800 фракция 20 40;21;щебень м 800 фракция 20 40
щебень;характеристики;щебень м 800 фракция 20 40 мм;21;щебень м 800 фракция 20 40 мм
щебень;характеристики;марка щебня фракции 20 40 мм;21;марка щебня фракции 20 40 мм
щебень;характеристики;щебень м800 фракция 20 40;20;щебень м800 фракция 20 40
щебень;характеристики;класс гранитного щебня;19;класс гранитного щебня
щебень;характеристики;коэффициент щебень фракция 20 40;18;коэффициент щебень фракция 20 40
щебень;характеристики;1 куб щебня фракции 5 20;17;1 куб щебня фракции 5 20
щебень;характеристики;фракция 40 70 щебня фото;17;фракция 40 70 щебня фото
щебень;характеристики;щебень шлаковый гост;16;щебень шлаковый гост
щебень;характеристики;щебень гранитный фракция 5 20;15;щебень гранитный фракция 5 20
щебень;характеристики;щебень фракции 20 40 машиной зил косулино;15;щебень фракции 20 40 машиной зил косулино
щебень;характеристики;щебень природный фракции 20 40;15;щебень природный фракции 20 40
щебень;характеристики;щебень 40 70 гост;15;щебень 40 70 гост
щебень;характеристики;щебень 20 40 марка 800;14;щебень 20 40 марка 800
щебень;характеристики;щебень марка 800 фракция 20 40;14;щебень марка 800 фракция 20 40
щебень;характеристики;щебень гранитный фракции 5 10;13;щебень гранитный фракции 5 10
щебень;характеристики;щебень гранитный фракция 20 40;13;щебень гранитный фракция 20 40
щебень;характеристики;щебеночно песчаная смесь марки;12;щебеночно песчаная смесь марки
щебень;характеристики;коэффициент уплотнения щебня фракции 20 40;11;коэффициент уплотнения щебня фракции 20 40
щебень;характеристики;щебень фракции 20 40 уплотнение;11;щебень фракции 20 40 уплотнение
щебень;характеристики;марка щебня 40 70;11;марка щебня 40 70
щебень;характеристики;щебень гранитный фракции москва;10;щебень гранитный фракции москва
щебень;характеристики;щебень гранитный фракция 2 5;10;щебень гранитный фракция 2 5
щебень;характеристики;щебень в мешках фракции 20 40;10;щебень в мешках фракции 20 40
щебень;характеристики;марка щебня фракции 40 70;10;марка щебня фракции 40 70
щебень;характеристики;фракция щебня 5 20 и 20 40;9;фракция щебня 5 20 и 20 40
щебень;характеристики;щебеночно гравийно песчаная смесь гост 25607 2009;9;щебеночно гравийно песчаная смесь гост 25607 2009
щебень;характеристики;щебень гранитный фракция 70 120;8;щебень гранитный фракция 70 120
щебень;характеристики;щебень шлаковый гост 3344 83;8;щебень шлаковый гост 3344 83
щебень;характеристики;щебень 5 20 гост;8;щебень 5 20 гост
щебень;характеристики;щебень 20 40 виды;8;щебень 20 40 виды
щебень;характеристики;щебень 20 40 гост 8267 93;8;щебень 20 40 гост 8267 93
щебень;характеристики;щебень м 1000 фракция 20 40;8;щебень м 1000 фракция 20 40
щебень;характеристики;щебень строительный фракция 40 70;8;щебень строительный фракция 40 70
щебень;характеристики;щебень строительный фракция 40 70 мм;8;щебень строительный фракция 40 70 мм
щебень;характеристики;гост щебень 40 70 мм;8;гост щебень 40 70 мм
щебень;характеристики;щебень 40 70 прочность;8;щебень 40 70 прочность
щебень;характеристики;щебень гранитный фракция 20 40 мм;7;щебень гранитный фракция 20 40 мм
щебень;характеристики;щебень гранитный фракция 10 20;7;щебень гранитный фракция 10 20
щебень;характеристики;щебень 40 70 размер;7;щебень 40 70 размер
щебень;характеристики;щебень марка 800 фракция 40 70;7;щебень марка 800 фракция 40 70
щебень;характеристики;фракция щебеночно песчаной смеси;7;фракция щебеночно песчаной смеси
щебень;характеристики;марки гранитного щебня;6;марки гранитного щебня
щебень;характеристики;гранитный щебень характеристики;6;гранитный щебень характеристики
щебень;характеристики;гост щебень и песок шлаковые;6;гост щебень и песок шлаковые
щебень;характеристики;щебень марки 5 20;6;щебень марки 5 20
щебень;характеристики;прочность гранитного щебня;5;прочность гранитного щебня
щебень;характеристики;фракции известнякового щебня;5;фракции известнякового щебня
щебень;характеристики;щебень фракции 5 20 в мешках;5;щебень фракции 5 20 в мешках
щебень;характеристики;щебня фракции 40 70 мм гост;5;щебня фракции 40 70 мм гост
щебень;характеристики;отсев щебень фракции 0 5;5;отсев щебень фракции 0 5
щебень;характеристики;отсев щебень фракции 0 5 мм;5;отсев щебень фракции 0 5 мм
щебень;характеристики;гост 70458 2022 смеси щебеночно гравийно песчаные;5;гост 70458 2022 смеси щебеночно гравийно песчаные
щебень;характеристики;щебень гранитный гост;4;щебень гранитный гост
щебень;характеристики;щебень известняковый гост;4;щебень известняковый гост
щебень;характеристики;щебень известняковый фракция 20 40;4;щебень известняковый фракция 20 40
щебень;характеристики;щебень известняковый фракция 20 40 мм;4;щебень известняковый фракция 20 40 мм
щебень;характеристики;гост щебень шлаковый для дорожного строительства;4;гост щебень шлаковый для дорожного строительства
щебень;характеристики;щебень шлаковый фракции;4;щебень шлаковый фракции
щебень;характеристики;щебень м800 фракция 40 70;4;щебень м800 фракция 40 70
щебень;характеристики;расклинцовка щебня 40 70 фракцией;4;расклинцовка щебня 40 70 фракцией
щебень;характеристики;щебень гранитный фракция 40 70;3;щебень гранитный фракция 40 70
щебень;характеристики;гранитный щебень фракции 5 10 мм;3;гранитный щебень фракции 5 10 мм
щебень;характеристики;щебень гранитный мелкая фракция;3;щебень гранитный мелкая фракция
щебень;характеристики;щебень гранитный разной фракции;3;щебень гранитный разной фракции
щебень;характеристики;щебень фракция 5 20 сертификат;3;щебень фракция 5 20 сертификат
щебень;характеристики;фракция щебня 5 20 что это значит;3;фракция щебня 5 20 что это значит
щебень;характеристики;марка щебня фракции 5 20;3;марка щебня фракции 5 20
щебень;характеристики;щебень крупная фракция 40 70;3;щебень крупная фракция 40 70
щебень;характеристики;щебень 600 фракция 40 70;3;щебень 600 фракция 40 70
щебень;характеристики;щебень фракции 40 70 мм м800;3;щебень фракции 40 70 мм м800
щебень;характеристики;характеристики щебня 40 70;3;характеристики щебня 40 70
щебень;характеристики;песчано щебеночная смесь фракция 0 20;3;песчано щебеночная смесь фракция 0 20
щебень;характеристики;песчано щебеночная смесь фракция 0 20 мм;3;песчано щебеночная смесь фракция 0 20 мм
щебень;характеристики;песчано щебеночная смесь фракция 20;3;песчано щебеночная смесь фракция 20
щебень;характеристики;гост щебеночно песчаные смеси автомобильные дороги;3;гост щебеночно песчаные смеси автомобильные дороги
щебень;характеристики;щебеночно песчаная смесь с5 гост;3;щебеночно песчаная смесь с5 гост
щебень;характеристики;виды гранитного щебня;2;виды гранитного щебня
щебень;характеристики;состав гранитного щебня;2;состав гранитного щебня
щебень;характеристики;щебень гранитный фракция 5 20 мм;2;щебень гранитный фракция 5 20 мм
щебень;характеристики;щебень гранитный гост 7392 2014;2;щебень гранитный гост 7392 2014
щебень;характеристики;щебень известняковый марка;2;щебень известняковый марка
щебень;характеристики;гост 32826 2014 щебень шлаковый;2;гост 32826 2014 щебень шлаковый
щебень;характеристики;щебень 40 70 гост 8267 93;2;щебень 40 70 гост 8267 93
щебень;характеристики;коэффициент уплотнения щебня фракции 40 70;2;коэффициент уплотнения щебня фракции 40 70
щебень;характеристики;смесь щебеночно песчаная с5 гост 25607 2009;2;смесь щебеночно песчаная с5 гост 25607 2009
щебень;характеристики;прочность известнякового щебня;1;прочность известнякового щебня
щебень;характеристики;вторичный щебень фракция;1;вторичный щебень фракция
щебень;характеристики;вторичный щебень фракция 5 20;1;вторичный щебень фракция 5 20
щебень;характеристики;шлаковый щебень вид;1;шлаковый щебень вид
щебень;характеристики;щебень шлаковый фракция 20 40;1;щебень шлаковый фракция 20 40
щебень;характеристики;крупный щебень фракция 40 70 мм;1;крупный щебень фракция 40 70 мм
щебень;характеристики;фракция щебня 40 70 размер;1;фракция щебня 40 70 размер
щебень;характеристики;гост на щебень фракции 40 70;1;гост на щебень фракции 40 70
щебень;характеристики;модуль упругости щебня фракции 40 70;1;модуль упругости щебня фракции 40 70
щебень;характеристики;щебень 40 70 марка 600;1;щебень 40 70 марка 600
щебень;характеристики;щебень м1000 фракция 40 70;1;щебень м1000 фракция 40 70
щебень;характеристики;щебень 1200 фракция 40 70 мм;1;щебень 1200 фракция 40 70 мм
щебень;характеристики;щебень фр 40 70 гост;1;щебень фр 40 70 гост
щебень;характеристики;25607 2009 гост с4 щебеночно песчаная смесь;1;25607 2009 гост с4 щебеночно песчаная смесь
щебень;характеристики;смесь с4 характеристики щебеночно песчаная;1;смесь с4 характеристики щебеночно песчаная
щебень;характеристики;состав щебеночно песчаной смеси;1;состав щебеночно песчаной смеси
щебень;характеристики;щебеночно песчаная смесь с4 гост;1;щебеночно песчаная смесь с4 гост
щебень;характеристики;щебеночно песчаная смесь характеристики;1;щебеночно песчаная смесь характеристики
щебень;характеристики|применение;применение щебня фракции 40 70;1;применение щебня фракции 40 70
