ключ;частотность;
"щебень гранитный";"870";
"гранитный щебень 20";"196";
"щебень гранитный купить";"169";
"щебень гранитный 5";"133";
"фракции гранитного щебня";"114";
"щебень гранитный 5 20";"88";
"щебень гранитный 20 40";"85";
"щебень гранитный екатеринбург";"56";
"гранитный щебень 70";"55";
"щебень гранитный цена";"50";
"куплю щебень гранитный 20";"45";
"куб гранитного щебня";"41";
"щебень гранитный 40 70";"40";
"гранитный щебень фракция 20";"38";
"гранитный щебень купить екатеринбург";"32";
"гранитно бетонный щебень";"31";
"тонна гранитного щебня";"29";
"щебень гранитный фото";"27";
"сколько гранитного щебня";"26";
"купить щебень гранитный фракция";"26";
"гранитный щебень 5 10";"25";
"гранитный щебень области";"24";
"щебень гранитный в мешках";"24";
"бетонная смесь на гранитном щебне";"24";
"гранитный щебень карьер";"22";
"купить щебень гранитный 5 20";"21";
"класс гранитного щебня";"19";
"щебень гранитный с доставкой";"19";
"бетон на гранитном щебне";"18";
"тяжелый бетон на гранитном щебне";"18";
"вес гранитного щебня";"17";
"купить щебень гранитный 20 40";"16";
"щебень гранитный известняковый";"15";
"гранитный щебень 5 20 мм";"15";
"щебень гранитный 50 кг";"15";
"щебень гранитный цвет";"15";
"щебень гранитный фракция 5 20";"15";
"отсев гранитного щебня";"15";
"купить гранитный щебень в полевском";"15";
"щебень гранитный фр";"14";
"белый гранитный щебень";"14";
"щебень гранитный 5 20 цена";"14";
"щебень гранитный москва";"14";
"купить щебень гранитный цена";"13";
"щебень гранитный фракции 5 10";"13";
"щебень гранитный 5 20 куб";"13";
"щебень гранитный фракция 20 40";"13";
"щебень гранитный цветной";"13";
"щебень гранитный серый";"13";
"отличия гранитного щебня";"12";
"плотность гранитного щебня";"12";
"щебень гранитный 20 40 мм";"12";
"гранитный щебень 70 120";"12";
"гранитный или гравийный щебень";"11";
"гранитный щебень тонн в кубе";"11";
"щебень гранитный тонна куб";"11";
"щебень гранитный м3";"10";
"гранитный щебень 2 5";"10";
"щебень гранитный фракции москва";"10";
"щебень гранитный фракция 2 5";"10";
"купить гранитный щебень в мешках";"10";
"щебень гранитный фр 40 70";"9";
"щебень гранитный 5 20 5 кг";"9";
"щебень гранитный 5 10 купить";"9";
"гранитный щебень 40 70 в мешках";"9";
"сколько стоит гранитный щебень";"9";
"вес гранитного щебня 20 40";"8";
"гранитный щебень 20 40 цена";"8";
"щебень гранитный цена за тонну";"8";
"купить доставка гранитного щебня";"8";
"доставка гранитного щебня 20 40";"8";
"сколько весит гранитный щебень";"8";
"щебень гранитный м800";"8";
"щебень гранитный фракция 70 120";"8";
"щебень гранитный 10 20";"8";
"щебень гранитный 20 40мм";"8";
"щебень гранитный 5 10 купить 5 кг";"7";
"чем отличается гравийный щебень от гранитного щебня";"7";
"крупный гранитный щебень";"7";
"гранитный щебень 10 15";"7";
"гранитный щебень синий";"7";
"щебень гранитный синий цвет";"7";
"щебень гранитный фракция 20 40 мм";"7";
"сколько весит куб гранитного щебня";"7";
"щебень гранитный фракция 10 20";"7";
"щебень гранитный 5 20мм";"7";
"суксун щебень гранитный фр 40 70";"7";
"гранитный щебень порода";"7";
"где щебень гранитный";"7";
"марки гранитного щебня";"6";
"щебень гранитный и известняковый отличия";"6";
"щебень гранитный 1 5";"6";
"плотность гранитного щебня 20 40";"6";
"гранитный щебень от щебенки различия";"6";
"насыпная плотность гранитного щебня";"6";
"щебень гранитный фракция 5 10 екатеринбург";"6";
"гранитный щебень характеристики";"6";
"сколько весит 1 куб гранитного щебня";"6";
"щебень гранитный доставка цена";"6";
"чем отличается щебень и гранитный щебень";"6";
"прочность гранитного щебня";"5";
"щебень гранитный габбро";"5";
"какой бывает щебень гранитный";"5";
"щебень известняковый или гранитный в чем разница";"5";
"щебень гранитный купить ревде свердловской";"5";
"куб гранитного щебня 5 20 сколько";"5";
"сколько весит гранитный щебень 5 20";"5";
"сколько весит куб гранитного щебня 5 20";"5";
"вес куба гранитного щебня";"5";
"вес куба гранитного щебня 20 40";"5";
"куб гранитного щебня вес";"5";
"куб щебня гранитного 20 40 вес";"5";
"насыпная плотность гранитного щебня 20 40";"5";
"купить щебень гранитный в мешках г полевской";"5";
"как выглядит гранитный щебень";"5";
"щебень гранитный 5 20 цена за тонну";"5";
"гранитный или известковый щебень";"5";
"щебень гранитный фракция 5 10 красноуфимск";"5";
"щебень гранитный мытый";"4";
"гранитный щебень для дорожек";"4";
"щебень гранитный гост";"4";
"купить гранитный щебень в нижнем";"4";
"щебень гранитный 20 40 мм 50 кг";"4";
"гранитный щебень для декора";"4";
"бетон на гранитном щебне в25";"4";
"щебень гранитный авито";"4";
"гранитный щебень 5 20 фото";"4";
"где купить щебень гранитный";"4";
"гранитный щебень 1200";"4";
"щебень гранитный киров";"4";
"щебень гранитный купить киров";"4";
"щебень крупный гранитный купить";"4";
"добыча щебень гранитный";"4";
"вес гранитного щебня 5 20";"4";
"купить щебень гранитный 20 40 с доставкой";"3";
"щебень гранитный цена за куб";"3";
"щебень гранитный 5 10 цена";"3";
"щебень гранитный 70 120 купить";"3";
"купить щебень гранитный москва";"3";
"щебень гранитный м1000";"3";
"масса гранитный щебень";"3";
"щебень гранитный фракция 40 70";"3";
"щебень гранитный вес 1м3";"3";
"цветной гранитный щебень купить";"3";
"сколько щебня гранитного в кубе";"3";
"гранитный щебень фракции 5 10 мм";"3";
"щебень гранитный 5 10 мм";"3";
"щебень гранитный мелкая фракция";"3";
"щебень гранитный мелкий";"3";
"щебень гранитный разной фракции";"3";
"вес 1 м3 гранитного щебня";"3";
"гранитный щебень вес м3";"3";
"гранитный щебень ленинградская область";"3";
"гранитный щебень в тюмени";"3";
"гранитный щебень для габионов";"3";
"щебень гранитный 1000";"3";
"щебень гранитный или известняковый какой";"3";
"нужен щебень гранитный";"3";
"щебень декоративный гранитный";"3";
"щебень гранитный производитель";"3";
"виды гранитного щебня";"2";
"гранитный щебень в мешках рязань";"2";
"щебень гранитный 1 тонна";"2";
"щебень гранитный рязань";"2";
"гранитный щебень пермь";"2";
"щебень гранитный купить в перми";"2";
"гранитный щебень 10 20 мм";"2";
"какого цвета гранитный щебень";"2";
"состав гранитного щебня";"2";
"щебень гранитный фото как выглядит";"2";
"щебень гранитный фракция 5 20 купить";"2";
"гранитный щебень для заливки";"2";
"масса гранитного щебня 20 40";"2";
"гранитный щебень для дренажа";"2";
"гранитный щебень фракция 20 40 цена";"2";
"щебень гранитный 20 40 мм цена";"2";
"щебень гранитный фракция 20 40 мм цена";"2";
"купить гранитный щебень в мешках 5 20";"2";
"щебень гранитный 5 20 в мешках";"2";
"щебень гранитный фракция 5 20 мм";"2";
"щебень гранитный 20 40 вес 1м3";"2";
"гравийный и гранитный щебень разница";"2";
"где добывают гранитный щебень";"2";
"щебень гранитный гост 7392 2014";"2";
"гравий гранитный и щебень гранитный разница";"2";
"гравий и щебень гранитный";"2";
"гранитный щебень леруа";"2";
"купить щебень гранитный 40 70";"2";
"купить щебень гранитный уфа";"2";
"ооо гранитный щебень";"2";
"поставка гранитного щебня";"2";
"щебень гранитный 20 40 в мешках";"2";
"щебень гранитный 20 40 в мешках купить";"2";
"щебень гранитный м1200";"2";
"щебень гранитный самаре";"2";
"щебень гранитный уфа";"2";
"щебень гранитный фр 5";"2";
"удельный вес гранитного щебня";"2";
"щебень гранитный 5 20 вес 1 м3";"2";
"гранитный щебень 800";"2";
"щебень известняковый";"89";
"щебень известняковый купить";"23";
"щебень известняковый 20";"11";
"щебень известняковый 20 40";"8";
"щебень известняковый 40";"8";
"фракции известнякового щебня";"5";
"известняковый щебень фото";"5";
"известняковый щебень 20 40 мм";"4";
"купить щебень известняковый 20";"4";
"купить щебень известняковый 20 40";"4";
"купить щебень известняковый 40";"4";
"щебень известняковый гост";"4";
"щебень известняковый фракция 20 40";"4";
"щебень известняковый фракция 20 40 мм";"4";
"известняковый щебень для дренажа";"3";
"щебень известняковый области";"3";
"щебень известняковый цена";"3";
"известняковый щебень для фундамента";"3";
"щебень известняковый марка";"2";
"известняковый щебень для чего используется";"2";
"известняковый щебень с доставкой";"2";
"купить щебень известняковый с доставкой";"2";
"щебень известняковый м3";"2";
"известняковый щебень под домом";"1";
"известняковый щебень подойдет для дренажа";"1";
"щебень гранитный или известняковый какой лучше";"1";
"щебень известняковый под фундамент";"1";
"известняковый щебень бетон";"1";
"известняковый щебень подходит для бетона";"1";
"щебень известняковый 600";"1";
"щебень известняковый м400";"1";
"щебень известняковый м400 600";"1";
"кирпичный известняковый щебень";"1";
"прочность известнякового щебня";"1";
"известняковый доломитовый щебень";"1";
"щебень доломитовый или известняковый разница";"1";
"карьер известнякового щебня";"1";
"карьеры известнякового щебня";"1";
"щебень известняковый 5 20";"1";
"щебень известняковый мелкий";"1";
"щебень известняковый челябинск";"1";
"щебень известняковый 20 40 цена";"1";
"известняковый щебень тонна куб";"1";
"щебень известняковый тонн в кубе";"1";
"щебень известняковый тонну";"1";
"щебень вторичный";"35";
"вторичный щебень";"35";
"вторичный щебень купить";"8";
"вторичный щебень для чего используется";"2";
"щебень вторичный переработка";"2";
"вторичный щебень с доставкой";"2";
"купить вторичный щебень с доставкой";"2";
"купить вторичный щебень с доставкой дешево";"2";
"сколько стоит вторичный щебень";"2";
"вторичный щебень что это такое простыми";"1";
"что такое вторичный щебень это простыми словами";"1";
"вторичный щебень фракция";"1";
"вторичный щебень фракция 5 20";"1";
"щебень вторичный 5 20";"1";
"щебень шлаковый";"444";
"шлаковый щебень";"444";
"шлаковый щебень купить";"59";
"шлаковый щебень ревда";"20";
"производство шлакового щебня";"20";
"щебень шлаковый в тагиле купить";"16";
"щебень шлаковый гост";"16";
"шлаковый щебень отзывы";"11";
"шлаковый щебень для чего используется";"9";
"шлаковый щебень 40 70";"9";
"щебень шлаковый гост 3344 83";"8";
"щебень шлаковый екатеринбург";"8";
"шлаковый щебень челябинск";"7";
"гост щебень и песок шлаковые";"6";
"щебень и песок шлаковые";"6";
"шлаковый щебень дальний восток";"5";
"шлаковый щебень для дороги";"5";
"гост щебень шлаковый для дорожного строительства";"4";
"щебень шлаковый для дорожного";"4";
"щебень шлаковый для дорожного строительства";"4";
"щебень шлаковый фракции";"4";
"шлаковый щебень вреден или нет";"3";
"щебень шлаковый цена";"3";
"вес шлакового щебня";"3";
"плотность шлакового щебня";"2";
"шлаковый щебень фото";"2";
"гост 32826 2014 щебень шлаковый";"2";
"шлаковый щебень 20 40";"2";
"шлаковый щебень 5 20";"2";
"шлаковый щебень бетон";"1";
"как выглядит шлаковый щебень";"1";
"шлаковый щебень вид";"1";
"щебень шлаковый фракция 20 40";"1";
"щебень 5-20";"2360";
"щебень 5 20";"2360";
"щебень фракция 5 20";"533";
"купить щебень 5 20";"489";
"щебень 5 20 сколько";"417";
"куб щебня 5 20";"354";
"тонна щебня 5 20";"310";
"щебень 5 20 екатеринбург";"214";
"щебень 5 20 фото";"209";
"щебень 5 20 сколько тонн";"208";
"куб щебня 5 20 сколько";"202";
"щебень 5 20 цена";"186";
"щебень 5 20 купить в екатеринбурге";"123";
"щебень 5 20 размер";"109";
"1 тонна щебня 5 20";"103";
"щебень фракция 5 20 сколько";"102";
"щебень 5 20 в мешках";"100";
"фракция 5 20 щебень размер";"96";
"вес щебня 5 20";"95";
"щебень 5 20 с доставкой";"94";
"сколько весит щебень 5 20";"86";
"куб щебня фракции 5 20";"85";
"тонна щебня в м3 5 20";"84";
"как выглядит щебень 5 20";"78";
"сколько стоит щебень 5 20";"76";
"купить щебень фракция 5 20";"74";
"щебень фракция 5 20 фото";"73";
"щебень 5 20 мм";"73";
"5 тонн щебня фракции 5 20";"72";
"щебень 5 20 в мешках купить";"68";
"щебень 5 20 сколько тонн в м3";"68";
"сколько щебня 5 20 в 1 м3";"67";
"щебень 5 20 куб в тонны";"63";
"щебень 5 20 кубы в тонны";"63";
"сколько весит куб щебня 5 20";"62";
"цена куба щебня 5 20";"57";
"размер щебня 5 20 фото";"54";
"фракция щебня 5 20 размер фото";"54";
"куб щебня 1 20 5";"54";
"сколько кубов в тонне щебня 5 20";"53";
"щебень 5 20 сколько тонн в кубе";"53";
"купить щебень 5 20 с доставкой";"50";
"щебень 5 20 это какой";"48";
"1 куб щебня 5 20 сколько";"47";
"щебень 5 20 цена за куб";"46";
"щебень 5 20 доставка цены";"41";
"щебень фракция 5 20 это какой";"40";
"щебень 5 20 это какой размер";"39";
"сколько стоит тонна щебня 5 20";"37";
"щебень фракция 5 20 это какой размер";"35";
"щебень 5 20 цена за тонну";"34";
"щебень фракции 5 20 цена";"33";
"стоимость щебня 5 20";"33";
"купить щебень 5 20 цены";"33";
"щебень куб тонна 5 20 фракция";"32";
"щебень 5 20 20 40 40 70";"31";
"щебень 5 20 или 20 40";"31";
"щебень фракция 5 20 мм";"28";
"щебень 5 20 вес м3";"28";
"куб щебня 5 20 купить";"28";
"щебень фр 5 20";"28";
"щебень 5 20 фото как выглядит";"28";
"щебень 5 20 вес 1 м3";"27";
"плотность щебня 5 20";"27";
"авито щебень 5 20";"27";
"щебень 5 20 цена екатеринбург";"26";
"сколько стоит щебень фракции 5 20";"26";
"фракция 5 20 щебень как выглядит";"25";
"доставка щебня фракции 5 20";"24";
"вес куба щебня 5 20";"23";
"куб щебня 5 20 вес";"23";
"щебень 5 20 белый";"22";
"мраморный щебень 5 20";"22";
"купить щебень 5 20 мм";"21";
"сколько весит щебень 5 20 1";"21";
"сколько стоит куб щебня 5 20";"20";
"щебень 5 20 10 тонн";"19";
"3 куба щебня 5 20";"18";
"как выглядит тонна щебня 5 20";"18";
"1 куб щебня 5 20 сколько тонн";"18";
"щебень 5 20 50 кг";"18";
"1 куб щебня фракции 5 20";"17";
"щебень 5 20 красноуфимск купить";"17";
"сколько весит 1 куб щебня 5 20";"17";
"щебень 5 20 10 кубов";"16";
"щебень фракции 5 20 вес";"15";
"сколько весит щебень фракции 5 20";"14";
"щебень в мешках 5 20 мм";"13";
"щебень отсев 5 20";"13";
"насыпная плотность щебня 5 20";"13";
"щебень фракция 5 20 цена за тонну";"12";
"купить щебень фракция 5 20 цена";"12";
"щебень 5 20 объем";"12";
"щебень строительный 5 20";"12";
"стоимость куба щебня 5 20";"12";
"стоимость щебня 5 20 за куб";"12";
"щебень 20 40 5 кубов";"11";
"вес тонны щебня 5 20";"10";
"расклинцовка щебня 5 20";"10";
"щебень 5 20 машина";"10";
"фракция щебня 5 20 и 20 40";"9";
"щебень 5 10 и 5 20";"9";
"щебень гравийный 5 20";"9";
"куб щебня в кг 5 20";"9";
"сколько кг в кубе щебня 5 20";"9";
"щебень 5 20 строительный двор";"8";
"сколько весит куб щебня фракции 5 20";"8";
"щебень 5 20 гост";"8";
"объемный вес щебня 5 20";"8";
"стоимость щебня фракции 5 20";"8";
"15 куб щебня 5 20";"7";
"сколько щебня 5 20 в одном кубе";"7";
"где купить щебень 5 20";"7";
"купить щебень мраморный 5 20";"7";
"коэффициент щебня 5 20";"7";
"сколько килограмм в кубе щебня 5 20";"6";
"щебень марки 5 20";"6";
"сколько весит кубометр щебня 5 20";"6";
"сколько весит ведро щебня 5 20";"6";
"купить щебень франция 5 20 екатеринбург";"6";
"щебень в мешках купить 5 20 мм";"6";
"вес ведра щебня 5 20";"6";
"расчет щебня 5 20";"6";
"щебень 5 20 что это значит";"6";
"щебень 5 20 челябинск цена";"6";
"щебень 5 20 отсыпка";"6";
"объем тонны щебня 5 20";"6";
"щебень 5 20 и 20 40 отличия";"6";
"вес щебня 5 20 в 1м3";"6";
"один кг щебня 5 20";"6";
"щебень 5 20 один куб сколько кг";"6";
"щебень фр 5 20 мм";"5";
"щебень фр 5 20 цена";"5";
"бетонный щебень 5 20";"5";
"щебень 5 20 5 кубов фото";"5";
"щебень фракции 5 20 в мешках";"5";
"расход щебня 5 20";"5";
"щебень 5 20 под дренажную трубу";"5";
"купить щебень 5 20 в талице";"5";
"щебень 5 20 белый цена";"5";
"щебень 5 20 8 куб с исети";"5";
"щебень 5 20 8куб";"5";
"щебень 5 20 стоимость первоуральск";"5";
"сколько весит 10 кубов щебня 5 20";"5";
"вес щебня 5 20 в ведре 10";"5";
"щебень 5 20 верхотурье авито";"5";
"щебень 5 20 на руке";"5";
"плотность щебня фракции 5 20";"5";
"цена 1 тонны щебня 5 20";"5";
"удельный вес щебня 5 20";"5";
"сколько тонн щебня 5 20 в 1м3";"4";
"сколько щебня 5 20 в 1м3";"4";
"коэффициент уплотнения щебня 5 20";"4";
"уплотнение щебня 5 20";"4";
"щебень 5 20 самовывоз";"4";
"щебень 5 20 и песок";"4";
"щебень 5 20 мм цена";"4";
"щебень 5 20 для дорожек";"4";
"расклинцовка щебня 5 20 расход";"4";
"щебень 5 20 в бигбегах";"4";
"щебень 5 20 цена в мешках";"4";
"6 кубов щебня 5 20";"4";
"щебень 5 20 для бетона";"4";
"щебень 5 20 камаз";"4";
"фото 5 тонн щебня 5 20";"4";
"щебень 5 20 челябинск цена с доставкой";"3";
"щебень фракция 5 20 сертификат";"3";
"фракция щебня 5 20 что это значит";"3";
"трамбовка щебня 5 20";"3";
"щебень 5 20 серый";"3";
"масса щебня 5 20";"3";
"щебень речной 5 20";"3";
"щебень 5 20 уфа";"3";
"мелкий щебень 5 20 мм";"3";
"стоимость щебня 5 20 за 1 м3";"3";
"стоимость щебня за м3 5 20";"3";
"щебень 5 20 в биг бэгах";"3";
"марка щебня фракции 5 20";"3";
"вес м3 щебня фракции 5 20";"3";
"щебень м600 5 20";"3";
"щебень 800 5 20";"3";
"щебень гранит 5 20";"3";
"заказать щебень 5 20";"3";
"вес 1 куб щебня 5 20";"3";
"вес 1 куба щебня 5 20";"3";
"щебень 5 20 применение";"3";
"щебень цена за куб фракция 5 20";"3";
"сколько весит ведро щебня фракции 5 20";"3";
"щебень 20-40";"3231";
"щебень 20 40";"3231";
"щебень фракция 20 40";"704";
"купить щебень 20 40";"536";
"щебень 20 40 сколько";"517";
"куб щебня 20 40";"499";
"щебень 20 40 цена";"462";
"тонна щебня 20 40";"418";
"щебень 20 40 с доставкой";"401";
"щебень 20 40 м3";"367";
"щебень 20 40 екатеринбург";"345";
"щебень 20 40 1 м3";"285";
"щебень 20 40 сколько тонн";"274";
"доставка щебня 20 40 екатеринбург";"236";
"щебень 20 40 цена с доставкой";"197";
"щебень 20 40 мм";"192";
"щебень 20 40 фото";"175";
"щебень 20 40 1 тонна";"170";
"купить щебень 20 40 с доставкой";"168";
"щебень 20 40 купить в екатеринбурге";"164";
"вес щебня 20 40";"164";
"сколько стоит щебень 20 40";"149";
"сколько кубов в щебне 20 40";"144";
"сколько щебня в кубе 20 40";"144";
"щебень 20 40 цена за 1";"132";
"щебень 20 40 м3 в тонны";"132";
"щебень фракция 20 40 сколько";"130";
"щебень 20 40 цена за м3";"128";
"цена за щебень 20 40 екатеринбург";"124";
"щебень 20 40 цена за 1 м3";"121";
"щебень 20 40 сколько тонн в 1";"119";
"щебень 20 40 доставкой м3";"112";
"кубов в тонне щебня 20 40";"112";
"щебень 20 40 кубы в тонны";"112";
"щебень фракции 20 40 мм";"108";
"щебень фракция 20 40 куб";"107";
"1 м3 щебня 20 40 в тоннах";"101";
"сколько в кубе щебня тонн 20 40";"98";
"щебень 20 40 сколько кубов в тонне";"98";
"сколько щебня 20 40 в м3";"96";
"сколько м3 в тонне щебня 20 40";"93";
"цена куба щебня 20 40";"93";
"1 куб щебня 20 40";"85";
"сколько стоит куб щебня 20 40";"84";
"щебень фракции 20 40 купить";"82";
"щебень фр 20 40";"82";
"коэффициент щебня 20 40";"75";
"щебень 20 40 размеры";"74";
"плотность щебня 20 40";"74";
"уплотнение щебня 20 40";"70";
"вес м3 щебня 20 40";"63";
"коэффициент уплотнения щебня 20 40";"63";
"щебень фракцией 20 40 м3";"61";
"купить щебень 20 40 цена";"60";
"фракция 20 40 щебень размер";"58";
"щебень фракция 20 40 фото";"57";
"сколько весит щебень 20 40";"56";
"вес щебня 20 40 в 1 м3";"54";
"1 куб щебня 20 40 сколько";"54";
"щебень фракция 20 40 цена";"53";
"щебень 20 40 цена за куб";"51";
"вес куба щебня 20 40";"49";
"куб щебня 20 40 вес";"49";
"щебень 20 40 марка";"48";
"сколько весит куб щебня 20 40";"47";
"щебень 20 40 в мешках";"47";
"стоимость щебня 20 40";"45";
"вес щебня фракции 20 40";"44";
"фракция 20 40 щебень размер фото";"43";
"сколько стоит щебень фракции 20 40";"43";
"3 куба щебня 20 40";"42";
"сколько стоит тонна щебня 20 40";"42";
"щебень 20 40 цена за тонну";"41";
"щебень белый 20 40";"38";
"щебень 800 фракции 20 40";"37";
"щебень 20 40 купить куб";"36";
"щебень 800 фракция 20 40 мм";"35";
"щебень 20 40 невьянск с доставкой";"35";
"1 куб щебня фракции 20 40";"35";
"щебень 20 40 камаз";"34";
"сколько стоит куб щебня фракция 20 40";"34";
"щебень строительный 20 40";"33";
"щебень 20 40 в мешках купить";"33";
"авито щебень 20 40";"32";
"щебень 20 40 мм цена";"29";
"мраморный щебень 20 40";"29";
"насыпная плотность щебня 20 40";"29";
"щебень фракция 20 40 доставка";"28";
"мраморный щебень 20 40 мм";"28";
"тонна щебня в м3 20 40 фракция";"27";
"щебень 20 40 м800";"27";
"щебень 20 40 гост";"27";
"щебень 20 40 ревда";"26";
"карьер щебня 20 40";"26";
"щебень 20 40 карьеры";"26";
"щебень фракции 20 40 марка";"26";
"щебень строительный фракции 20 40";"26";
"щебень строительный фракция 20 40 мм";"26";
"1 тонна щебня 20 40 сколько кубов";"25";
"вес 1 куб щебень 20 40";"25";
"вес 1 куба щебня 20 40";"25";
"щебень 20 40 м 800";"23";
"щебень 20 40 фото как выглядит";"23";
"щебень 20 40 машина";"23";
"купить щебень 20 40 мм";"22";
"щебень гравийный 20 40";"22";
"щебень 20 40 объем";"22";
"щебень 20 40 группа 2";"21";
"щебень м 800 фракция 20 40";"21";
"щебень м 800 фракция 20 40 мм";"21";
"марка щебня фракции 20 40 мм";"21";
"цена мраморного щебня 20 40 мм";"20";
"щебень природный 20 40";"20";
"щебень м800 фракция 20 40";"20";
"трамбовка щебня 20 40";"20";
"щебень фр 20 40 мм";"19";
"щебень известняк 20 40";"19";
"щебень фракция 20 40 мм купить";"19";
"коэффициент щебень фракция 20 40";"18";
"щебень 0 20 0 40";"18";
"щебень 20 40 сколько мм";"18";
"щебень 20 40 и 40 70";"18";
"щебень купить сысерть 20 40";"18";
"щебень вес 1 м3 фракция 20 40";"18";
"щебень 20 40 купить березовский";"17";
"цена щебня за куб фракции 20 40";"17";
"расклинцовка щебня 20 40";"17";
"щебень 20 на 40 как выглядит";"16";
"расход щебня 20 40";"16";
"екатеринбург купить щебень фракция 20 40";"16";
"удельный вес щебня 20 40";"15";
"щебень фракции 20 40 машиной зил косулино";"15";
"щебень природный фракции 20 40";"15";
"коэффициент трамбовки щебня 20 40";"15";
"щебень горных пород 20 40";"15";
"щебень 20 40 купить асбест";"15";
"вес 1 тонны щебня 20 40";"14";
"вес тонны щебня 20 40";"14";
"щебень 20 40 марка 800";"14";
"щебень марка 800 фракция 20 40";"14";
"щебень 20 40 это какой";"14";
"10 кубов щебня 20 40";"14";
"10 тонн щебня 20 40";"14";
"фракция 20 40 щебень как выглядит";"13";
"купить щебень фракции 20 40 цена";"13";
"купить щебень 20 40 в горном щите";"13";
"щебень 20 40 вес 1м3";"13";
"перевод щебня 20 40 в тонны";"12";
"щебень фракции 20 40 цена доставкой";"12";
"щебень 20 40 м3 купить";"12";
"плотность щебня 20 40 кг м3";"12";
"сколько щебня 20 40 в камазе";"12";
"перевести тонны в м3 щебень 20 40";"11";
"коэффициент уплотнения щебня фракции 20 40";"11";
"щебень фракции 20 40 уплотнение";"11";
"щебень 20 40 билимбай";"11";
"щебень гранит 20 40";"11";
"щебень 20 40 для бетона";"11";
"щебень в мешках фракции 20 40";"10";
"щебень 20 40 это какой размер";"10";
"устройство оснований из щебня 20 40";"10";
"щебень известковый 20 40";"10";
"щебень 20 40 сколько по цене куба";"10";
"щебень фракция 20 40 это какой";"10";
"сертификат на щебень 20 40";"10";
"стоимость куба щебня 20 40";"10";
"щебень 20 40 большой мешок";"10";
"щебень галтованный 20 40";"10";
"щебень 20 40 купить арамиль";"10";
"щебень 20 40 пермь";"9";
"1 куб щебня 20 40 сколько весит";"9";
"стоимость щебня фракции 20 40";"9";
"коэффициент уплотнения щебня 20 40 при трамбовке";"9";
"щебень 600 20 40";"9";
"перевод м3 в тонны щебень 20 40";"9";
"сколько в камазе кубов щебня 20 40";"9";
"щебень 20 40 2 тонны";"8";
"расчет щебня 20 40";"8";
"масса щебня 20 40";"8";
"купить щебень гравийный 20 40";"8";
"перевести тонны в кубы щебень 20 40";"8";
"щебень 20 40 перевести в кубы";"8";
"щебень 20 40 виды";"8";
"щебень 20 40 купить в верхней пышме";"8";
"объем тонны щебня 20 40";"8";
"щебень 20 40 гост 8267 93";"8";
"щебень м 1000 фракция 20 40";"8";
"щебень дорожный 20 40";"8";
"стройград сысерть щебень фракция 20 40 цена";"8";
"щебень 20 40 м600";"8";
"щебень 40-70";"896";
"щебень 40 70";"896";
"щебень фракции 40 70";"211";
"щебень 40 70 сколько";"132";
"купить щебень 40 70";"112";
"куб щебня 40 70";"97";
"щебень 40 70 цена";"90";
"вес щебня 40 70";"80";
"тонна щебня в м3 40 70";"54";
"щебень 40 70 мм";"50";
"щебень 40 70 екатеринбург";"46";
"щебень 40 70 в кубы";"41";
"доставка щебня 40 70";"41";
"вес м3 щебня 40 70";"40";
"щебень фракции 40 70 мм";"38";
"щебень фр 40 70";"36";
"щебень 40 70 вес 1 м3";"33";
"щебень 40 70 фото";"32";
"купить щебень фракции 40 70";"31";
"щебень стоит 40 70";"29";
"щебень 40 70 цена за тонну";"28";
"щебень фракция 40 70 цена";"28";
"сколько стоит щебень 40 70";"28";
"сколько м3 в тонне щебня 40 70";"27";
"сколько в кубе щебня 40 70";"25";
"сколько кубов в щебне 40 70";"25";
"вес тонны щебня 40 70";"24";
"щебень 40 70 в мешках";"23";
"плотность щебня 40 70";"22";
"щебень 40 70 доставка цена";"22";
"щебень фракция 40 70 сколько";"22";
"щебень 40 70 купить екатеринбург";"22";
"коэффициент щебень 40 70";"21";
"уплотнение щебня 40 70";"20";
"фракция 40 70 щебня фото";"17";
"вес 1 тонны щебня 40 70";"17";
"коэффициент уплотнения щебня 40 70";"16";
"щебень 40 70 куб в тонны";"16";
"щебень в кубе тонн 40 70";"16";
"вес 1м3 щебня 40 70";"15";
"как выглядит щебень 40 70";"15";
"щебень 40 70 гост";"15";
"купить щебень 40 70 с доставкой";"14";
"удельный вес щебня 40 70";"14";
"удельный щебня 40 70";"14";
"крупный щебень 40 70";"13";
"цена куба щебня 40 70";"13";
"вес щебня фракции 40 70";"13";
"сколько весит щебень 40 70";"13";
"щебень 40 70 цена екатеринбург";"13";
"сколько стоит куб щебня 40 70";"13";
"устройство основания из щебня 40 70";"12";
"щебень 40 70 цена за м3";"12";
"сколько весит куб щебня 40 70";"11";
"марка щебня 40 70";"11";
"вес куба щебня 40 70";"11";
"куб щебня вес 40 70";"11";
"белый щебень 40 70";"11";
"щебень 40 70 цена за 1";"10";
"марка щебня фракции 40 70";"10";
"щебень 40 70 цена за куб";"10";
"сколько стоит тонна щебня 40 70";"10";
"сколько кубов в тонне щебня 40 70";"9";
"сколько тонн в кубе щебня 40 70";"9";
"щебень 40 70 цена за 1 м3";"9";
"щебень м800 40 70";"9";
"стоимость щебня 40 70";"9";
"чем грузить щебень 40 70 в тачку";"9";
"мраморный щебень 40 70 екатеринбург";"9";
"купить щебень 40 70 мм";"8";
"щебень фракции 40 70 мм купить";"8";
"щебень фр 40 70 мм";"8";
"расклинцовка щебня 40 70";"8";
"заклинка щебня 40 70";"8";
"щебень строительный фракция 40 70";"8";
"щебень строительный фракция 40 70 мм";"8";
"гост щебень 40 70 мм";"8";
"щебень 40 70 прочность";"8";
"щебень 40 70 размер";"7";
"насыпная плотность щебня 40 70";"7";
"щебень марка 800 фракция 40 70";"7";
"щебень 40 70 фото как выглядит";"6";
"стоимость щебня фракции 40 70";"5";
"щебень фр 40 70 вес";"5";
"щебня фракции 40 70 мм гост";"5";
"объемный вес щебня 40 70";"5";
"купить щебень 40 70 верхняя салда";"5";
"гравийный щебень 40 70 купить";"5";
"щебень 40 70 цена за тонну челябинск";"5";
"щебень гравийный 40 70";"5";
"щебень бетонный 40 70";"5";
"щебень м800 фракция 40 70";"4";
"калькулятор щебня 40 70";"4";
"щебень 40 70 в тонны калькулятор";"4";
"щебень м1000 40 70";"4";
"расклинцовка щебня 40 70 фракцией";"4";
"расход щебня 40 70";"4";
"расход щебня фракции 40 70";"4";
"щебень 40 70 купить в мешках";"4";
"плотность щебня 40 70 кг м3";"3";
"щебень крупная фракция 40 70";"3";
"плотность щебня фракции 40 70";"3";
"чем расклинить щебень 40 70";"3";
"масса щебня 40 70";"3";
"масса щебня 40 70 в 1 м3";"3";
"щебень м800 фр 40 70";"3";
"удельный вес щебня фр 40 70";"3";
"щебень 600 фракция 40 70";"3";
"щебень фракции 40 70 мм м800";"3";
"щебень фр 40 70 цена";"3";
"щебень известковый 40 70";"3";
"щебень 40 70 м 800";"3";
"щебень фракции 40 70 вес 1 м3";"3";
"характеристики щебня 40 70";"3";
"щебень 40 70 бердюжье";"2";
"купить крупный щебень 40 70";"2";
"купить щебень фр 40 70";"2";
"щебень фракции 40 70 цена за м3";"2";
"щебень 40 70 1 куб сколько тонн";"2";
"коэф уплотнения щебня 40 70";"2";
"коэф щебня 40 70";"2";
"плотность щебня 40 70 т м3";"2";
"плотность щебня фр 40 70";"2";
"стоимость щебня 40 70 за м3";"2";
"паспорт на щебень 40 70";"2";
"щебень 40 70 гост 8267 93";"2";
"карьер щебень 40 70";"2";
"щебень 40 70 купить в тюмени";"2";
"коэффициент уплотнения щебня фракции 40 70";"2";
"крупный щебень фракция 40 70 мм";"1";
"сертификат щебень 40 70";"1";
"фракция щебня 40 70 размер";"1";
"вес щебня фракции 40 70 в 1м3";"1";
"щебень 40 70 м800 паспорт";"1";
"щебень фр 40 70 паспорт";"1";
"1 м3 щебня 40 70 стоимость";"1";
"бетон из щебня 40 70";"1";
"гост на щебень фракции 40 70";"1";
"модуль упругости щебня фракции 40 70";"1";
"насыпная плотность щебня 40 70 м800";"1";
"плотность щебня 40 70 м800";"1";
"применение щебня фракции 40 70";"1";
"сколько весит 1 куб щебня 40 70";"1";
"щебень 40 70 марка 600";"1";
"щебень гравий 40 70";"1";
"щебень м1000 фракция 40 70";"1";
"коэффициент плотности щебня 40 70";"1";
"коэффициент уплотнения гранитного щебня 40 70";"1";
"объем щебня в 1 тонне 40 70";"1";
"щебень гранитный 40 70 мм";"1";
"перевод щебня 40 70 в тонны";"1";
"стоимость тонны щебня 40 70";"1";
"насыпная плотность гранитного щебня 40 70";"1";
"плотность гранитного щебня 40 70";"1";
"цена щебня 40 70 мм";"1";
"щебень 1200 фракция 40 70 мм";"1";
"щебень из природного камня 40 70";"1";
"щебень природный 40 70";"1";
"щебень фр 40 70 гост";"1";
"какой коэффициент уплотнения щебня 40 70";"1";
"песок речной";"2483";
"речной песок купить";"1245";
"речной песок екатеринбург";"539";
"песок речной купить в екатеринбурге";"435";
"речной песок в мешках";"230";
"речной песок в мешках купить";"184";
"песок речной цена";"156";
"песок речной куб";"137";
"песок речной с доставкой";"135";
"речной песок купить с доставкой";"124";
"песок речной купить нижний";"104";
"песок речной в нижнем";"102";
"песок речной в мешках екатеринбург";"100";
"сколько речной песок";"97";
"купит песок речной цена";"97";
"песок речной купить в нижнем тагиле";"95";
"речной песок купить в екатеринбурге в мешках";"94";
"песок речной свердловская область";"94";
"песок речной мытый";"85";
"цена речного песка екатеринбург";"84";
"тонна речного песка";"79";
"доставка песка речного цены";"77";
"купить куб речного песка";"72";
"купить песок речной с доставкой цена";"71";
"песок речной купить в екатеринбурге с доставкой";"66";
"песок речной м3";"65";
"где купить речной песок";"59";
"цена куба речного песка";"56";
"речной песок строительные";"55";
"речной песок цена за куб";"53";
"какой речной песок";"53";
"куб речного песка купить цена";"49";
"фракция речного песка";"49";
"песок речной мытый купить";"41";
"сколько стоит речной песок";"37";
"песок речной сколько тонн";"35";
"отсев речного песка";"35";
"крупный речной песок";"35";
"речной песок плюс";"34";
"вес речного песка";"33";
"где купить речной песок екатеринбург";"32";
"речной песок полевской";"32";
"речной песок для огорода";"32";
"речной песок для бетона";"31";
"чем отличается речной песок";"31";
"песок речной кг";"30";
"песок речной 1 тонна";"26";
"какой песок лучше речной";"25";
"плотность речного песка";"25";
"купить речной песок верхняя салда";"24";
"песок речной средний";"23";
"песок речной мытый екатеринбург";"22";
"сколько песка речного в кубе";"22";
"речной песок смесь";"22";
"купить тонну речного песка";"22";
"авито песок речной";"21";
"1 куб речного песка";"20";
"песок для песочницы речной";"20";
"крупность речного песка";"19";
"вес м3 песка речного";"19";
"крупный речной песок купить";"19";
"речной песок для растений";"19";
"купить речной песок в полевском";"18";
"песок речной вес 1 м3";"18";
"куб речного песка в тоннах";"18";
"речной песок тонн в кубе";"18";
"нужен песок речной";"18";
"песок речной средний купить";"18";
"речной песок купить березовский";"18";
"речной песок купить сысерть";"17";
"песок речной купить м3";"17";
"речной песок для огорода польза и вред";"17";
"песок кварцевый речной";"17";
"авито купить речной песок";"16";
"сколько кубов в тонне песка речного";"16";
"сколько тонн в кубе песка речного";"16";
"где взять речной песок";"16";
"речной песок для сада";"15";
"песок речной мелкий";"15";
"где купить речной песок в мешках";"15";
"сколько весит речной песок";"15";
"песок речной купить 1 м3";"14";
"песок речной арамиль";"14";
"купить песок речной самовывоз";"14";
"речной песок самовывозом";"14";
"песок речной мелкозернистый";"13";
"щебень речной песок";"13";
"чем отличается строительный песок от речного";"13";
"песок речной м3 цена";"13";
"плотность песка речного в 1";"13";
"плотность песка речного в 1 м3";"13";
"песок речной для растений купить";"13";
"сколько весит куб песка речного";"12";
"мешок речного песка цена";"12";
"песок речной в березовском";"12";
"песок речной в первоуральске";"12";
"песок речной купить в первоуральске";"12";
"речной песок в биг бэгах";"12";
"кашин купить песок речной";"12";
"цена речного песка за тонну";"12";
"купить речной песок в н тагиле";"11";
"песок речной 2 мм";"11";
"купить речной песок для песочницы";"11";
"отличие речного песка";"11";
"стоимость речного песка";"11";
"речной песок для бетона подходит или нет";"11";
"можно ли использовать речной песок";"11";
"песок речной тонна в м3";"11";
"песок речной сухой";"10";
"продажа песка речного";"10";
"песок речной цена за 1";"10";
"речной песок в биг бегах";"10";
"песок речной средней крупности";"10";
"речной песок средней фракции";"10";
"купить мелкий речной песок";"10";
"песок речной казань";"10";
"ем речной песок";"10";
"песок речной мытый мешках";"10";
"сколько стоит речной песок тонна";"10";
"речной песок для штукатурки";"9";
"песок речной модуль крупности";"9";
"речной песок машина";"9";
"песок речной карьер";"9";
"речной песок карьеры";"9";
"речной песок для брусчатки";"9";
"песок речной 25";"9";
"песок речной 25 кг";"9";
"песок речной в мешках 25 кг";"9";
"песок речной подойдет для цемента";"9";
"смешай речной песок";"9";
"песок желтый речной";"8";
"песок речной сертификат";"8";
"речной песок для аквариума";"8";
"песок речной озон";"8";
"вес тонны песка речного";"8";
"песок речной вес 1 м3 в тонны";"8";
"как выглядит речной песок";"8";
"сколько речного песка в 1 кубе";"8";
"камаз речного песка";"8";
"где набрать речной песок";"8";
"где можно купить речной песок";"8";
"морской речной песок";"8";
"речной песок для огорода купить";"7";
"первомайский речной песок";"7";
"песок речной купить в нижнем тагиле самовывоз";"7";
"речной песок перегонный куб";"7";
"спирт речной песок";"7";
"речной песок 1 м3 купить в екатеринбурге";"7";
"песок речной мытый в мешках купить";"7";
"песок речной для стяжки";"7";
"речной песок для фундамента";"7";
"купить речной песок в биг бэгах";"7";
"песок природный речной";"7";
"песок речной купить цена за тонну";"7";
"песок речной просеянный";"7";
"песок речной промытый";"7";
"речной песок купить среднеуральск 2 куба";"7";
"песок речной цена за 1 м3";"7";
"какой песок речной или карьерный";"7";
"речной песок для грядок";"7";
"где в деревне реши взять речной песок";"7";
"graveyard keeper речной песок";"7";
"graveyard речной песок";"7";
"продажа речной песок советск кировская область";"6";
"мытый речной песок купить в каменск уральский";"6";
"вода речной песок";"6";
"добыча речного песка";"6";
"ветер и речной песок";"6";
"перегонный куб плюс речной песок";"6";
"смешай речной песок и ветер";"6";
"спирт плюс речной песок";"6";
"речной песок для кладки";"6";
"для дренажа участка речной песок или отсев";"6";
"речной песок для дренажа";"6";
"песок речной марка";"6";
"удельный вес песка речного";"6";
"речной песок в мешках купить невьянск";"6";
"песок речной чистый";"6";
"состав речного песка";"6";
"где в тагиле подешевле купить речной песок";"6";
"дерево речной песок";"6";
"песок речной мешки с доставкой";"6";
"песок речной гост";"6";
"где найти речной песок";"6";
"речной песок для аквариума плюсы и минусы";"6";
"песок речной паспорт";"6";
"песок речной пермь";"5";
"песок речной купить в мешках нижний";"5";
"песок речной купить в мешках цена";"5";
"речной песок для почвы";"5";
"речной песок невьянс";"5";
"заказать речной песок";"5";
"куб песка речного в кг";"5";
"песок речной 1 кг";"5";
"речной песок для тротуарной плитки";"5";
"речной песок для укладки тротуарной плитки";"5";
"песок речной сом";"5";
"песок речной купить лесной нижняя тура качканар";"5";
"курган песок речной в мешках";"5";
"речной песок курган";"5";
"песок мытый";"241";
"купить мытый песок";"84";
"песок мытый екатеринбург";"25";
"мыло с песком";"25";
"куб мытого песка";"23";
"фракции мытого песка";"21";
"песок мытый цена";"20";
"песок карьерный мытый";"18";
"песок мытый доставка";"17";
"мыло с песком купить";"15";
"купить мытый песок с доставкой";"14";
"песок мытый средний";"11";
"золото моем песок";"11";
"песок мытый цена за куб";"10";
"цена куба мытого песка";"10";
"песок мытый в мешках";"10";
"лучший мытый песок";"10";
"песок карьерный мытый купить";"9";
"мытый песок в кубы";"9";
"песок строительный мытый";"8";
"купить мытый песок в мешках";"7";
"мытый кварцевый песок";"7";
"как моют песок";"6";
"можно ли мыть песок";"6";
"мытый песок для стяжки";"6";
"моем золотой песок";"5";
"мыло золотые пески";"5";
"мыть золотой песок";"5";
"купить мытый песок с доставкой свердловская область";"5";
"песок мытый для полусухой стяжки";"5";
"песок чистый мытый";"4";
"песок мытый сколько стоит";"4";
"плотность мытого песка";"4";
"сколько весит мытый песок";"3";
"мытый песок 2 5";"3";
"песок мытый 1 класс";"3";
"песок мытый с доставкой цена";"3";
"песок мытый и карьерный без глины";"2";
"сколько кубов в тонне песка мытого";"2";
"сколько тонн в кубе песка мытого";"2";
"мытый песок для кладки";"2";
"песков рука руку моет";"2";
"песок крупный мытый";"2";
"песок мытый купить в челябинске";"2";
"песок мытый челябинск";"2";
"купить песок речной мытый с доставкой";"2";
"мытый песок цена за м3";"2";
"мытый песок цена за м3 с доставкой";"2";
"песок для детских песочниц речной чистый мытый";"2";
"песок для детской песочницы мытый";"2";
"песок мытый для песочницы";"2";
"песок мытый м3";"2";
"песок мытый цена за 1";"2";
"песок мытый цена за 1 м3";"2";
"песок природный мытый";"2";
"песок речной мытый для песочницы";"2";
"песок речной мытый цена";"2";
"мытый песок для бетона";"2";
"сколько стоит куб мытого песка";"2";
"песок крупнозернистый мытый";"2";
"карьер мытого песка";"2";
"мытый песок карьеры";"2";
"белый мытый песок";"1";
"отличие мытого песка";"1";
"песок мытый и песок сеяный";"1";
"песок сеяный и мытый отличия";"1";
"мытый речной песок крупный";"1";
"песок речной мытый крупной фракции";"1";
"песок мытый сухой";"1";
"как мыть шиншиллу в песке";"1";
"коэффициент мытого песка";"1";
"песок мытый гост";"1";
"песок мытый мелкий";"1";
"песок мытый применение";"1";
"вес куба мытого песка";"1";
"вес мытого песка";"1";
"мытый песок это какой";"1";
"насыпная плотность мытого песка";"1";
"песок мыло цемент";"1";
"песок мытый купить цена";"1";
"песок мытый фото";"1";
"песок карьерный";"336";
"купить песок карьерный";"105";
"песок карьерный цена";"36";
"сколько карьерный песок";"35";
"песок карьерный тонну";"31";
"сколько стоит карьерный песок";"26";
"песок карьерный с доставкой";"25";
"песок карьерный нижний";"18";
"карьерный песок купить в екатеринбурге";"17";
"песок карьерный цена за тонну";"17";
"карьерный песок в мешках";"16";
"куплю песок карьерный с доставкой";"16";
"песок карьерный 2";"13";
"карьерный песок цена доставка";"13";
"нижняя тура купить карьерный песок";"13";
"песок карьерный в мешках купить";"12";
"плотность карьерного песка";"12";
"песок карьерный м3";"12";
"песок карьерный цена за 1";"11";
"песок карьерный средний";"10";
"какой карьерный песок";"9";
"песок строительный карьерный";"9";
"песок карьерный фракции";"8";
"песок карьерный с доставкой 1 м3";"8";
"песок карьерный цена за 1 м3";"8";
"песок карьерный цена м3 доставкой";"8";
"цена м3 песка карьерного";"8";
"песок карьерный брозэкс";"8";
"где купить карьерный песок";"7";
"доставка карьерного песка екатеринбург";"7";
"песок карьерный средней крупности";"7";
"карьерный песок сколько в тонне";"6";
"песок карьерный тонны в кубы";"6";
"сколько кубов в тонне песка карьерного";"6";
"сколько тонн в кубе песка карьерного";"6";
"сколько стоит тонна песка карьерного";"6";
"песок карьерный купить екатеринбург белоярский район";"5";
"нужен песок карьерный";"5";
"карьерный песок он крупнозернистый или нет";"5";
"нижняя тура купить карьерный песок мешками";"5";
"сколько стоит камаз песка карьерный";"5";
"карьерный песок купить куб";"5";
"купить песок карьерный с доставкой цена";"5";
"песок карьерный куб доставка";"5";
"песок карьерный купить цена";"5";
"песок карьерный цена за куб";"5";
"песок карьерный цена за куб с доставкой";"5";
"карьерный песок для стяжки";"5";
"песок карьерный сеяный";"4";
"карьерный песок и речной чем отличается";"4";
"песок речной или карьерный какой лучше";"4";
"песок карьерный намывной";"4";
"песок карьерный гост";"4";
"вес карьерного песка";"4";
"вес куба песка карьерного";"4";
"куб карьерного песка вес";"4";
"карьерный горный песок";"3";
"речной и карьерный песок отличия";"3";
"песок карьерный карьер";"3";
"песок карьерный 1 тонна";"3";
"песок карьерный мелкий";"3";
"1 куб карьерного песка";"3";
"карьерный песок для чего используют";"2";
"карьерный песок для чего используют в строительстве";"2";
"песок карьерный строительство";"2";
"песок карьерный 1 2 2";"2";
"песок карьерный модуль крупности";"2";
"как отличить речной песок от карьерного";"2";
"песок карьерный сеяный купить";"2";
"плотность песка карьерного кг м3";"2";
"карьерный песок для бетона";"2";
"песок карьерный и речной в чем";"2";
"карьерный песок характеристики";"2";
"песок карьерный самовывоз";"2";
"самара песок карьерный";"2";
"сколько весит карьерный песок";"2";
"сколько весит куб песка карьерного";"2";
"какой песок лучше карьерный или намывной";"2";
"карьерный песок крупной фракции";"2";
"карьерный строительный песок цена за тонну";"2";
"кварцевый песок карьерный";"2";
"песок карьерный для строительных работ";"2";
"песок карьерный крупный";"2";
"песок намывной карьерный речной";"2";
"песок карьерный гост 8736 2014";"2";
"вес 1 куба песка карьерного";"2";
"как отличить речной песок от карьерного визуально";"1";
"карьерный песок фото";"1";
"песок карьерный сертификат";"1";
"какой песок дороже речной или карьерный";"1";
"можно ли использовать карьерный песок для бетона";"1";
"песок для бетона речной или карьерный";"1";
"песок для раствора карьерный или речной";"1";
"добыча карьерного песка";"1";
"насыпная плотность карьерного песка";"1";
"песок карьерный 1 класс";"1";
"песок карьерный 2 класс";"1";
"песок природный карьерный";"1";
"сколько весит 1 куб песка карьерного";"1";
"сколько весит куб песка карьерного в кг";"1";
"сколько кг в кубе песка карьерного";"1";
"песок карьерный москва";"1";
"песок строительный";"1266";
"купить строительный песок";"271";
"песок для строительных работ";"240";
"песок строительный гост";"138";
"песок строительный екатеринбург";"109";
"гост песок для строительных работ";"104";
"строительный двор песок";"87";
"песок строительный гост 8736";"84";
"купить песок строительный екатеринбург";"79";
"песок строительный цена";"78";
"песок строительный класс";"73";
"гост песок строительный 2014";"66";
"песок строительный природный";"66";
"классы песка для строительных работ";"63";
"8736 песок для строительных";"63";
"гост 8736 песок для строительных работ";"63";
"песок для строительных работ природный";"56";
"гост песок для строительных работ 2014";"55";
"песок строительный 8736 2014";"54";
"песок строительный м3";"51";
"песок строительный средний";"49";
"песок строительный в мешках";"46";
"8736 2014 песок для строительных работ";"44";
"гост 8736 2014 песок для строительных работ";"44";
"сито для песка строительное";"41";
"песок строительный 2";"40";
"песок для строительных работ средний";"39";
"песок строительный с доставкой";"37";
"средний класс песка строительного";"37";
"песок строительный технический";"36";
"гост песок для строительных работ технические";"35";
"гост песок для строительных работ технические условия";"35";
"гост песок строительный технические условия";"35";
"песок для строительных работ технические условия";"35";
"технические условия строительного песка";"35";
"строительный песок отсев";"31";
"карьер строительных песков";"31";
"песок строительный карьеры";"31";
"чем отличается строительный песок";"31";
"песок строительный фракция";"29";
"песок 0 5 строительный";"28";
"строительный песок из отсевов дробления";"28";
"сито строительное для песка купить";"26";
"вес песка строительного";"26";
"ооо строительные пески";"26";
"купить песок строительный с доставкой";"25";
"строительный песок в мешках купить";"25";
"карьер строительных песков высокая степь";"25";
"песок природный строительный средний";"23";
"песок строительный 1 м3";"23";
"песок строительный материал";"22";
"песок строительный фр 3.0 5.0";"22";
"песок строительный тонна";"21";
"песок природный для строительных работ средний";"21";
"песок строительный мелкозернистый";"20";
"ооо карьер строительных песков высокая степь";"19";
"испытания песка строительного";"18";
"песок строительный щебень";"18";
"сколько стоит строительный песок";"18";
"куб строительного песка";"18";
"песок строительный мелкий";"17";
"плотность песка строительного";"17";
"строительный кварцевый песок";"17";
"песок для строительных работ цена";"17";
"песок строительный методы испытаний";"16";
"вес м3 песка строительного";"15";
"песок строительный вес 1";"15";
"песок строительный стоимость";"15";
"гост строительный песок методы испытания";"15";
"песок для строительных работ ii класс";"15";
"песок природный для строительных работ i класс";"15";
"гост 32730 2014 песок для строительных";"15";
"песок строительный 50 кг";"14";
"песок строительный вес 1 м3";"14";
"песок строительный 1 класса";"14";
"гост 8735 песок для строительных работ";"14";
"гост испытание песка для строительных работ";"14";
"гост песка строительного 8735";"14";
"гост песок для строительных работ методы испытаний";"14";
"испытания песка для строительных работ";"14";
"песок для строительных работ методы испытаний";"14";
"песок строительный марки";"13";
"песок строительный мелкозернистый купить в екатеринбурге";"13";
"где купить строительный песок";"12";
"8735 88 песок для строительных";"12";
"песок строительный крупный";"12";
"песок строительный качество";"12";
"сколько стоит мешок песка строительного";"12";
"песок строительная компания";"12";
"песок строительный в биг бегах";"12";
"песок строительный фр 2.0 2.5 цена";"11";
"гост песок строительный 2025";"11";
"песок для строительных работ отзывы каталог материалов";"11";
"8735 88 песок для строительных работ";"11";
"песок строительный гост 8735 88";"11";
"песок строительный гост 88";"11";
"мешок строительного песка цена";"11";
"песок для строительных смесей";"11";
"песок для строительных работ крупный";"11";
"песок строительный мешок 50 кг";"11";
"песок строительный гост цена";"10";
"песок строительный фр 3.0 5.0 цена";"10";
"песок для строительных работ мелкий";"10";
"песок строительный 1 тонна";"10";
"гост 8736 2025 песок для строительных";"10";
"гост 8736 2025 песок для строительных работ";"10";
"песок природный для строительных работ ii класс";"10";
"песок строительный класс 2";"10";
"качество песка для строительных работ";"10";
"показатели качества строительного песка";"10";
"песок строительный 1т в м3";"10";
"песок природный для строительных работ цена";"9";
"песок строительный природный цена";"9";
"песок строительный крупнозернистый";"9";
"песок для строительных работ купить";"9";
"песок для строительных работ 1 класса";"9";
"производство строительного песка";"9";
"песок горный строительный";"9";
"песок строительный цемент";"9";
"песок строительный цена за тонну";"9";
"песок строительный бесплатно";"9";
"строительный магазин пески";"8";
"песок для строительных работ какой";"8";
"какой бывает строительный песок";"8";
"купить песок строительный двор";"8";
"песок строительный 1 куб";"8";
"куплю строительный песок цена";"8";
"песок строительный коммерческое предложение";"7";
"чем отличается строительный песок от обычного";"7";
"сколько стоит песок строительный 1 мешок";"7";
"песок строительный характеристика";"7";
"плотность песка строительного кг м3";"7";
"гост 31424 2010 песок для строительных";"7";
"песок для строительных работ сертификат";"7";
"песок строительный природный мелкий";"7";
"фракция песка для строительных работ";"7";
"песок строительный сертификат соответствия";"7";
"крупность строительного песка";"7";
"песок природный для строительных работ 1 класс";"7";
"аллергия на строительный песок";"6";
"где купить песок строительный в мешках";"6";
"строительный песок для песочницы";"6";
"песок строительный месторождение";"6";
"удельный вес песка строительного";"6";
"песок строительный серов";"6";
"песок строительный м3 в тонне";"6";
"песок строительный с доставкой цена";"6";
"песок строительный для бетона";"6";
"песок строительный 40";"6";
"строительный песок 1 класса мелкий";"5";
"вес 1 куб песка строительного";"5";
"вес 1 куба песка строительного";"5";
"вес куба песка строительного";"5";
"песок строительный куб вес";"5";
"марки песка для строительных работ";"5";
"строительные игры с песком";"5";
"песок строительный ижевск";"5";
"песок в мешках кг строительный";"5";
"песок природный для строительных работ мелкий";"5";
"группы строительного песка";"5";
"песок строительный 25 кг";"5";
"песок строительный цена за 1";"5";
"песок строительный какая фракция";"5";
"сколько стоит кг песка строительного";"5";
"сколько стоит мешок песка 50 кг строительного";"5";
"сколько стоит мешок песка строительного 50";"5";
"купить в карпинске песок строительный";"5";
"песок строительный фото";"5";
"строительное сито для просеивания песка";"5";
"строительный песок подойдет для песочницы";"5";
"вес песка строительного в 1м3";"4";
"песок строительный 1м3";"4";
"песок строительный для обратной засыпки";"4";
"песок строительный сколько тонн";"4";
"песок сухой строительной";"4";
"сколько стоит куб строительного песка";"4";
"чем отличается кварцевый песок от строительного";"4";
"песок строительный 1 м3 в тонны";"4";
"вес куба песка строительного в 1 м3";"4";
"песок мелкий строительный гост";"4";
"песок строительный 2 класса гост";"4";
"песок строительный гост купить";"4";
"купить песок природный для строительных работ";"4";
"купить песок строительный природный";"4";
"строительный песок требования";"4";
"купить песок для строительных работ средний";"4";
"песок строительный модуль крупности";"4";
"песок строительный обогащенный";"4";
"песок строительный обозначения";"4";
"песок строительный средний купить";"4";
"песок строительный цена за 1 тонну";"4";
"песок шлаковый для строительных работ";"4";
"песок шлаковый строительный";"4";
"песок щебень строительные материалы";"4";
"песок для строительных работ средний гост";"4";
"песок строительный средний гост";"4";
"отсев гранитный";"452";
"гранитный отсев";"452";
"гранитный отсев купить";"124";
"отсев гранитный 0 5";"58";
"отсев гранитный фракция";"48";
"гранитный отсев мм";"47";
"купить гранитный отсев в екатеринбурге";"38";
"отсев гранитный фракции 0 5";"33";
"гранитный отсев 0 5 купить";"27";
"гранитный отсев 0 5 мм";"27";
"отсев гранитный фракция 0 5 мм";"21";
"гранитный отсев цена";"20";
"вес отсева гранитного";"17";
"авито отсев гранитный";"16";
"гранитный отсев 5 мм цена";"16";
"отсев гранитный фракция мм цена";"16";
"купить отсев гранитный в свердловской области";"15";
"гранитный отсев стоимость";"14";
"гранитный отсев 0 5 цена";"14";
"гранитный отсев фракции 0 5 цена";"14";
"отсев гранитный фракция 0 5 мм цена";"14";
"гранитный отсев 0 10";"13";
"гранитный отсев для дорожек";"12";
"мелкий гранитный отсев";"10";
"отсев гранитный фракция 0 5 купить";"9";
"отсев речной гранитный";"8";
"отсев гранитный для чего используется";"8";
"вес куба гранитного отсева";"8";
"гранитный отсев 0 5 купить в камышлове";"7";
"песок или гранитный отсев";"7";
"отсев гранитный 0 10 мм 40 кг";"7";
"цемент с гранитный отсевом";"6";
"гранитный отсев тонна";"6";
"гранитный отсев в красноуфимске";"5";
"гранитный отсев в первоуральске";"5";
"гранитный отсев 3 5 мм";"5";
"отсев гранитный желтый";"5";
"гранитный и кубовидный отсев";"5";
"купить гранитный отсев в уфе";"5";
"отсев гранитный в деме уфы купить";"5";
"уфа гранитный отсев";"5";
"крутиха гранитный карьер купить отсев";"5";
"садовые дорожки гранитный отсев";"5";
"отсев гранитный фракция 0 10";"5";
"доставка гранитного отсева";"4";
"как выглядит гранитный отсев";"4";
"гранитный отсев 5 10";"4";
"отсев гранитный 5 10 мм";"4";
"гранитный отсев для тротуарной плитки";"3";
"гранитный отсев насыпная плотность";"3";
"плотность отсева гранитного";"3";
"гранитный отсев фото";"3";
"отсев гранитный 0 5мм";"3";
"отсев гранитный вес 1м3";"3";
"отсев гранитный тюмень";"3";
"бетон из гранитного отсева";"3";
"сколько весит 1 куб отсева гранитного";"3";
"сколько весит гранитный отсев";"3";
"сколько весит куб гранитного отсева";"3";
"гранитный отсев красный";"2";
"купить гранитный отсев с доставкой";"2";
"где купить гранитный отсев";"2";
"гранитный отсев 0 5 мм купить";"2";
"гранитный отсев купить цена";"2";
"гранитный отсев розовый";"2";
"гранитная крошка отсев";"2";
"гранитный отсев 2 5";"2";
"отсев гранитный какие фракции";"2";
"покрытие из гранитного отсева";"2";
"гранитный отсев на участке";"1";
"гранитный отсев для стяжки пола";"1";
"гранитный отсев в мешках";"1";
"купить гранитный отсев в мешках";"1";
"гранитный отсев вес 1 м3";"1";
"гранитный отсев фракция 0 5мм";"1";
"набивное покрытие из гранитного отсева";"1";
"пропорции цемента и гранитного отсева";"1";
"гранитный отсев цена м3";"1";
"отсев гранитный цена за 1 м3";"1";
"гранитный отсев сколько тонн в кубе";"1";
"коэффициент уплотнения гранитного отсева";"1";
"отсев гранитный коэффициент";"1";
"отсев дробления гранитный";"1";
"удельный вес гранитного отсева";"1";
"отсев 0-5";"277";
"отсев 0 5";"277";
"отсев фракция 0 5";"101";
"отсев 0 5 мм";"67";
"купить отсев 0 5";"47";
"отсев фракция 0 5 мм";"43";
"отсев фр 0 5";"34";
"отсев дробления 0 5";"29";
"вес отсева 0 5";"23";
"отсев фракция 0 5 купить";"21";
"песок из отсевов дробления 0 5";"21";
"отсев 0 5 цена";"17";
"отсев 0 5 мм цена";"16";
"отсев фракция 0 5 мм цена";"16";
"отсев фракция 0 5 цена";"16";
"отсев щебня 0 5";"15";
"отсев дробления 0 5 мм";"15";
"отсев дробления фракция 0 5";"12";
"плотность отсева 0 5";"10";
"отсев купить фракция 0 5 мм";"9";
"отсев фр 0 5 мм";"9";
"песок из отсева дробления фр 0 5";"8";
"насыпная плотность отсева 0 5";"6";
"паспорт на отсев дробления 0 5";"6";
"коэффициент отсева 0 5";"5";
"отсев щебень фракции 0 5";"5";
"отсев щебень фракции 0 5 мм";"5";
"отсев щебня 0 5 мм";"5";
"мраморный отсев 0 5";"5";
"отсев мраморный фракция 0 5";"5";
"сколько весит куб отсева фракции 0 5";"3";
"отсев 0 5 мм вес 1м3";"3";
"отсев 0 5 1 5 мм";"3";
"коэффициент уплотнения отсева 0 5";"3";
"сколько тонн в кубе отсева 0 5";"2";
"коэффициент уплотнения отсева 0 5 при трамбовке";"2";
"отсев габбро долеритовый фракции 0 5 мм";"1";
"гост на отсев 0 5";"1";
"пгс";"5180";
"фгис пгс";"726";
"пгс вход";"287";
"купить пгс";"265";
"пгс госуслуги";"198";
"пгс екатеринбург";"194";
"пгс 3";"172";
"система пгс";"171";
"пгс вход в систему";"155";
"фгис пгс вход";"154";
"пгс 3.0";"139";
"пгс урфу";"138";
"сколько пгс";"130";
"система фгис пгс";"117";
"пгс 2";"114";
"фгис пгс вход в систему";"112";
"пгс специальность";"109";
"пгс что это в строительстве";"108";
"пгс 5";"97";
"пгс 2.0";"90";
"пгс расшифровка";"90";
"пгс сервис";"90";
"кабинет пгс";"89";
"пгс личный кабинет";"89";
"пгс госуслуги вход";"89";
"пгс образование";"89";
"пгс какой";"80";
"пгс 1";"79";
"пгс на гостех";"75";
"пгс 3 на гостехе";"73";
"цемент пгс";"72";
"куб пгс";"70";
"пгс куба";"70";
"пгс обучение";"70";
"инженер пгс";"68";
"ооо пгс";"64";
"перемычка пгс";"61";
"баллон пгс";"58";
"пгс госуслуги личный";"58";
"пгс личный кабинет госуслуги";"58";
"пгс цена";"58";
"пгс заречный";"56";
"смесь пгс";"54";
"пгс личный кабинет госуслуги вход";"53";
"пгс заочно";"53";
"пгс с доставкой";"51";
"тонна пгс";"50";
"отсев пгс";"48";
"пгс 3.0 вход";"47";
"пгс поступить";"46";
"поступи пгс";"46";
"пгс войти";"46";
"пгс сервис заречный";"46";
"высшее пгс";"46";
"пгс сайт";"45";
"пгс есиа";"45";
"пгс 50";"45";
"пгс 3.0 личный";"45";
"пгс 3.0 личный кабинет";"45";
"пгс вход есиа";"44";
"пгс вход через есиа";"44";
"ургупс пгс";"43";
"пропорции пгс";"43";
"гис пгс";"42";
"песок пгс";"42";
"пгс сис";"41";
"пгс пермь";"41";
"пгс через госуслуги";"41";
"работа пгс";"40";
"пгс купить в екатеринбурге";"39";
"пгс официальный сайт";"39";
"пгс сгс";"38";
"пгс магистратура";"37";
"пгс схема";"37";
"перемычка пгс 50";"36";
"пгс вузы";"36";
"пгс вход в личный кабинет";"35";
"пгс 10";"35";
"тонна пгс сколько";"34";
"строительный пгс";"34";
"пгс госуслуги вход в систему";"34";
"пгс система госуслуги";"34";
"пгс сгс сис";"33";
"пгс ru";"33";
"высшее образование пгс";"32";
"пгс газовая";"31";
"пгс институт";"31";
"пгс колледж";"30";
"пгс 4";"30";
"факультет пгс";"30";
"что значит пгс";"30";
"пгс сколько цемента";"29";
"гсо пгс";"29";
"пгс щебень";"29";
"перемычка гибкая пгс";"29";
"газовая смесь пгс";"29";
"пгс смеси газов";"29";
"курсы пгс";"29";
"где пгс";"28";
"пгс 900";"28";
"пгс 3.0 госуслуги";"28";
"пгс красноуфимск";"28";
"хорошая пгс";"27";
"стоимость пгс";"27";
"пгс отсев купить";"27";
"центр пгс";"27";
"программа пгс";"27";
"пгс сервис официальный";"27";
"пгс сервис официальный сайт";"27";
"сайт пгс сервис";"27";
"пгс свердловская область";"26";
"сколько нужно пгс";"26";
"пгс вакансии";"26";
"сколько стоит пгс";"26";
"пгс направление";"26";
"пгс 25";"26";
"пгс госуслуги войти";"26";
"фгис пгс есиа";"25";
"фгис пгс через есиа";"25";
"перемычки гибкие пгс 50";"25";
"пгс 3.0 госуслуги вход";"25";
"пгс 3.0 личный кабинет госуслуги";"25";
"пгс 3.0 личный кабинет госуслуги вход";"25";
"фгис пгс вход через есиа";"24";
"пгс сталь";"24";
"фгис пгс войти";"24";
"пгс классы";"23";
"перемычка пгс 900";"23";
"пгс 2.0 вход";"23";
"пгс инструкции";"23";
"пгс 3 0";"23";
"пгс баллы";"23";
"пгс войти через госуслуги";"22";
"фгис пгс личный";"22";
"фгис пгс личный кабинет";"22";
"пгс камень";"22";
"пгс университет";"22";
"купить пгс с доставкой";"20";
"пгс 8";"20";
"пгс дистанционно";"20";
"пгс заречный официальный сайт";"20";
"пгс сервис заречный официальный";"20";
"пгс сервис заречный официальный сайт";"20";
"пгс 3.0 вход в личный кабинет";"20";
"пгс вход в систему через есиа";"20";
"фгис пгс вход в систему через есиа";"20";
"типы пгс";"20";
"пгс 2 0";"20";
"пгс м3";"20";
"фгис пгс инструкция";"19";
"пгс 3 госуслуги";"19";
"пгс русский";"19";
"как выглядит пгс";"19";
"пгс москва";"19";
"пгс 7";"19";
"пгс сертификат";"19";
"пгс для бетона";"19";
"пгс онлайн";"19";
"купить отсев пгс в новоуральске";"19";
"пгс профессия";"18";
"пгс завод";"18";
"пгс поверочные";"18";
"поверочная газовая смесь пгс";"18";
"поверочная смесь пгс";"18";
"пгс ру";"18";
"пгс 3 0 госуслуги";"18";
"пгс песчано";"18";
"пгс госуслуги личный кабинет войти";"18";
"пгс личный кабинет войти";"18";
"фгис пгс вход через госуслуги";"18";
"фгис пгс госуслуги";"18";
"фгис пгс госуслуги вход";"18";
"фгис пгс через госуслуги";"18";
"пгс 20";"18";
"купить пгс цена";"17";
"пгс гост";"17";
"вход в пгс 3";"17";
"пгс 3 0 вход";"17";
"пгс 3 0 госуслуги вход в систему";"17";
"пгс м";"17";
"фгис пгс личный кабинет госуслуги";"16";
"фгис пгс личный кабинет госуслуги вход";"16";
"фгис пгс через личный кабинет";"16";
"пгс гравий";"16";
"пгс на куб бетона";"16";
"сколько пгс на куб бетона";"16";
"пгс онлайн обучение";"16";
"пгс 2.0 госуслуги";"16";
"ситуационный центр пгс";"16";
"пгс 2 вход";"16";
"фгис пгс pgs gosuslugi ru";"16";
"пгс фото";"16";
"соотношение пгс";"16";
"пгс оренбург";"16";
"мгсу пгс";"16";
"пгс нижний тагил";"16";
"пгс 3 схема";"15";
"марка пгс";"15";
"обучение пгс высшее";"15";
"фгис пгс войти через госуслуги";"15";
"опгс";"44";
"гравий опгс";"10";
"опгс гравий в алнаши";"10";
"опгс гост";"9";
"бетон опгс";"4";
"опгс пропорции";"4";
"пропорции бетона с опгс";"4";
"состав опгс";"2";
"как выглядит опгс";"2";
"опгс песок";"2";
"опгс что это в строительстве";"2";
"фракция опгс";"1";
"пгс и опгс";"1";
"фото опгс";"1";
"фото пгс и опгс";"1";
"плотность опгс";"1";
"опгс с доставкой";"1";
"опгс тонна";"1";
"сколько стоит опгс";"1";
"цемент опгс";"1";
"цемент песок опгс";"1";
"щебень опгс";"1";
"керамзит фракция";"432";
"фракции керамзита";"432";
"керамзит фракция 10";"166";
"керамзит 20 фракция";"143";
"керамзит 5 фракции";"130";
"фракции керамзита какие";"107";
"керамзит фракция 10 20";"89";
"керамзит фракция 5 10";"66";
"керамзит фракция купить";"66";
"керамзит фракция 20 мм";"54";
"керамзит фракция 40";"51";
"керамзит фракция 0 5";"43";
"керамзит фракция 20 40";"40";
"купить керамзит фракция 5";"37";
"какая фракция керамзита потолка";"32";
"керамзит фракция 5 20";"30";
"керамзит мелкой фракции";"29";
"фракция керамзита для утепления";"27";
"керамзит фракция 20 40 мм";"25";
"керамзит какая фракция лучше";"23";
"керамзит крупная фракция";"23";
"керамзит в мешках фракции";"23";
"керамзит фракция 10 20 мм";"22";
"керамзит фракция 0 5 мм";"19";
"керамзит фракция цена";"17";
"какая фракция керамзита для утепления потолка";"16";
"керамзит для утепления потолка фракция";"16";
"керамзит фракция 0 10";"16";
"керамзит фракция 10 20мм";"15";
"плотность фракций керамзита";"15";
"керамзит фракция 20 40 купить";"15";
"керамзит фракция 20 40 мм купить";"15";
"керамзит для пола фракция";"15";
"керамзит купить фракция 10 20";"14";
"керамзит средней фракции";"14";
"керамзит для кровли фракции";"13";
"керамзит фракции 5 20 мм";"13";
"вес керамзита фракции 10 20";"13";
"какая фракция керамзита пола";"12";
"купить керамзит фракция 5 10";"12";
"керамзит фракция для стяжки";"11";
"керамзит фракции 5 10 мм";"10";
"какая фракция керамзита лучше для утепления";"10";
"керамзит в мешках фракция 10 20";"10";
"вес 1 м3 керамзита фракции 10";"10";
"дренаж керамзит фракция";"10";
"какой фракции нужен керамзит для потолка";"10";
"керамзит фракция 10 20 цена";"9";
"марка керамзита фракциям";"9";
"вес керамзита фракции 20 40";"9";
"керамзита 0 5 фракция купить";"8";
"фракция керамзита для потолка бани";"8";
"керамзит какая фракция для стяжки";"8";
"сколько весит керамзит фракция 10 20";"8";
"керамзит 05 фракции";"8";
"керамзит вес 1 м3 фракция 10 20";"8";
"керамзит вес м3 фракция 10 20";"8";
"керамзит фракции 10 20 мм цена";"7";
"керамзит фракция 10 мм цена";"7";
"керамзит фракция 0 5 цена";"7";
"керамзит крупной фракции купить";"7";
"фракция керамзита для стяжки пола";"7";
"керамзит фракция 10 20 цена мешок";"7";
"какой фракции бывает керамзит";"7";
"керамзит вес 1 м3 фракция 20 40";"6";
"дренаж керамзит фракция 10 20 средний";"6";
"керамзит фракция 0 40";"6";
"керамзит для цветов какая фракция";"6";
"фракция керамзита для цветов";"6";
"сколько весит куб керамзита 5 10 фракция";"6";
"какая фракция керамзита нужна для утепления потолка";"6";
"керамзит фракция 10 20 мм в мешках";"6";
"какой фракции керамзит стяжки пола";"5";
"керамзит для разуклонки кровли фракция";"5";
"керамзит на кровлю какая фракция";"5";
"фракция керамзита для разуклонки";"5";
"керамзит размеры фракций";"5";
"керамзит в мешках 5 10 фракции";"5";
"керамзит для утепления фракция 10 20";"5";
"керамзит фракция 10 20мм 0 9м3 мкр";"5";
"керамзит мелкой фракции 0 5";"4";
"керамзит мелкой фракции 0 5 цена";"4";
"керамзит мелкой фракции цена";"4";
"керамзит фракция 0 5 в мешках";"4";
"керамзит засыпка фракция";"4";
"куб керамзита вес фракция";"4";
"керамзит мешках мелкая фракция";"4";
"керамзит фракция 0 10 мм";"4";
"керамзит 5 10 фракция вес";"4";
"керамзит фракция 5 10 мм купить";"4";
"фракции керамзита для растений";"3";
"какой фракции нужен керамзит для пола";"3";
"керамзит фракции 10 20 мм купить";"3";
"керамзит 40 литров фракция 10 20";"3";
"керамзит фракция 10 40";"3";
"самая мелкая фракция керамзита";"3";
"керамзит фракция 10 20 биг бэг";"3";
"какой фракции керамзит лучше для стяжки";"3";
"какую фракцию керамзита использовать для стяжки";"3";
"керамзит в мешках 5 10 фракции цена";"3";
"керамзит фракция 5 10 цена";"3";
"фракция керамзита утепления пола";"2";
"керамзит фракция 5 10мм";"2";
"какой фракции керамзит лучше для пола";"2";
"какой фракции керамзит использовать для полов";"2";
"какую фракцию керамзита использовать для стяжки пола";"2";
"керамзит фракция 0 5 мм цена";"2";
"фракция керамзита для сухой стяжки";"2";
"керамзит фракции 0 5 мм купить";"2";
"керамзит вес 1 м3 фракция 5 10";"2";
"керамзит вес м3 фракция 5 10";"2";
"фракции керамзита для стяжки в квартире";"2";
"фракция керамзита для стяжки пола в квартире";"2";
"керамзит мелкой фракции купить";"2";
"керамзит фракция 10 20 фото";"2";
"керамзит большой фракции";"2";
"вес керамзита 0 5 фракции";"2";
"вес 1м3 керамзита фракции 10 20";"1";
"керамзит какой фракции используют для утепления";"1";
"керамзит фракция 0.5";"1";
"какая фракция керамзита для каких растений";"1";
"сколько весит куб керамзита 10 20 фракция";"1";
"какая фракция керамзита нужна для стяжки";"1";
"керамзит для стяжки пола фракция какой нужен";"1";
"керамзит насыпная плотность фракция 10 20";"1";
"керамзит фракция 10 20 цена м3";"1";
"керамзит фракция 5 10 применение";"1";
"керамзит под стяжку какая фракция";"1";
"фракция керамзита под стяжку";"1";
"скальный грунт";"1505";
"скальный грунт купить";"236";
"скальный грунт доставка";"106";
"скальный грунт в екатеринбурге";"102";
"какие грунты скальные";"102";
"купить скальный грунт екатеринбург";"99";
"коэффициент скального грунта";"87";
"скальный грунт цена";"86";
"котлован скального грунта";"76";
"скальный грунт купить в екатеринбурге с доставкой";"57";
"отсыпка скальным грунтом";"53";
"разработка скальных грунтов";"53";
"уплотнение скального грунта";"48";
"стоимость скального грунта";"48";
"скальный грунт фракции";"46";
"скальный грунт смета";"44";
"коэффициент уплотнения скального грунта";"40";
"плотность скального грунта";"39";
"скальный грунт расценка";"37";
"скальный грунт 200";"36";
"мелкий скальный грунт";"36";
"гост скальные грунты";"33";
"скальный грунт цена за м3";"32";
"скальный грунт 0 300";"30";
"скальный грунт цена за м3 екатеринбург";"28";
"скальный грунт расценка в смете";"28";
"скальный грунт сертификат";"26";
"скальный грунт группа грунта";"25";
"фундамент на скальном грунте";"24";
"отсыпка дороги скальным грунтом";"23";
"екатеринбург где взять скальный грунт мелкий";"23";
"нужен скальный грунт";"22";
"вес скального грунта";"21";
"прочность скального грунта";"20";
"грунт карьера скальный";"19";
"скальный грунт карьер";"19";
"скальный грунт 0 200";"19";
"насыпи из скальных грунтов";"19";
"насыпной скальный грунт";"19";
"грунта скальных пород";"18";
"засыпка скальным грунтом";"16";
"объем скального грунта";"15";
"категория скального грунта";"13";
"насыпная плотность скального грунта";"12";
"разработка скального грунта смета";"11";
"скальный грунт какая группа грунтов";"11";
"скальные грунты виды";"11";
"купить скальный грунт сысерть";"11";
"скальный грунт 0 500";"11";
"сопротивление скального грунта";"10";
"скальный грунт гост 25100 2020";"10";
"модуль деформации скального грунта";"10";
"вес скального грунта м3";"10";
"тонны в м3 скальный грунт";"10";
"сп скальные грунты";"9";
"скальный грунт 5";"9";
"скальный грунт фото";"9";
"крупнообломочный скальный грунт";"9";
"скальный грунт гэсн";"9";
"тип скальных грунтов";"9";
"сколько стоит скальный грунт";"9";
"бурение скальных грунтов";"9";
"монолитный скальный грунт";"9";
"добыча скального грунта";"8";
"разработка скального грунта расценка";"8";
"скальный грунт фракции 0 300 мм сертификат";"8";
"скальный грунт фундамент какой";"8";
"скальный грунт на участке";"8";
"расчет скального грунта";"7";
"скальные грунты испытание";"7";
"основания из скального грунта";"7";
"купить скальный грунт в нижнем тагиле";"7";
"коэффициент уплотнения скального грунта в насыпи";"7";
"свойства скальных грунтов";"7";
"скальный грунт фр";"7";
"разработка скального грунта расценка в смете";"7";
"как определить скальный грунт";"7";
"коэффициент размягчаемости скальных грунтов";"7";
"размягчаемость скальных грунтов";"7";
"скальные грунты классификация";"7";
"вес скального грунта в 1 м3";"7";
"состав скального грунта";"6";
"забор на скальном грунте";"6";
"устройство основания из скального грунта";"6";
"можжевельник скальный грунт";"6";
"угол внутреннего трения скального грунта";"6";
"вода в скальном грунте";"6";
"работа в скальных грунтах";"6";
"паспорт на скальный грунт";"5";
"скальным грунтом относится";"5";
"коэффициент фильтрации скального грунта";"5";
"обратная засыпка скальным грунтом";"5";
"трещиноватый скальный грунт";"5";
"одноосное сжатие скальных грунтов";"5";
"предел прочности на одноосное сжатие скальных грунтов";"5";
"предел прочности на сжатие скальных грунтов";"5";
"предел прочности скального грунта";"5";
"прочность одноосное сжатие скальных грунтов";"5";
"размеры скального грунта";"5";
"сваи для скального грунта";"5";
"песчаный скальный грунт";"5";
"удельный вес скального грунта";"5";
"мерзлые скальные грунты";"5";
"скала 0 200 и скальный грунт фото";"5";
"природные скальные грунты";"5";
"скальный грунт какая категория грунтов";"5";
"купить скальный грунт в краснотурьинске доставка";"5";
"качество скального грунта";"4";
"трехосные испытания скальных грунтов";"4";
"скальные грунты определение";"4";
"выемка скального грунта";"4";
"коэффициент пористости скального грунта";"4";
"обозначение скальный грунт";"4";
"пористость скальных грунтов";"4";
"разработка скального грунта экскаватором";"4";
"скальный грунт камень";"4";
"класс скальных грунтов";"4";
"связи скальных грунтов";"4";
"осадка скального грунта";"3";
"скальный щебенистый грунт";"3";
"к какой группе грунтов относится скальный грунт";"3";
"какие грунты относятся к скальным";"3";
"скальный грунт дренирующий";"3";
"разработка скальных грунтов гидромолотом";"3";
"коэффициент разрыхления скального грунта";"3";
"лира сапр скальный грунт";"3";
"лира скальный грунт";"3";
"разрыхление скальных грунтов";"3";
"скальные полускальные грунты";"3";
"трещиноватость скального грунта";"3";
"коэффициент пуассона для скальных грунтов";"3";
"техногенный скальный грунт";"3";
"грунт скальный из гранита";"3";
"промерзание скального грунта";"3";
"скальный грунт под фундамент";"3";
"таблица скальных грунтов";"3";
"винтовые сваи в скальном грунте";"2";
"купить скальный грунт в камышлове";"2";
"строительство в скальных грунтах";"2";
"скальный грунт с глиной";"2";
"влажность скального грунта";"2";
"контур заземления в скальном грунте";"2";
"несущая способность скального грунта";"2";
"скальный грунт фракции 0 200";"2";
"заземление на скальном грунте";"2";
"скальный грунт группа грунта в смете";"2";
"масса скального грунта";"2";
"применение скальный грунт";"2";
"объемный вес скального грунта";"2";
"откосы скальных грунтов";"2";
"паспорт качества на скальный грунт";"2";
"погрузка скального грунта";"2";
"рыхление скальных грунтов";"2";
"скальный грунт сертификат соответствия";"2";
"сцепление скальных грунтов";"2";
"прочность скальных грунтов гост";"2";
"сколько весит 1 куб скального грунта";"2";
"песчаник скальный грунт";"2";
"как сделать заземление в скальном грунте";"2";
"7 скальные грунты";"2";
"калькулятор скального грунта";"2";
"скальный грунт пример";"2";
"удельный вес скального грунта в 1 м3";"2";
"скважина скальном грунте";"2";
"плотность скального грунта т м3";"1";
"разновидность скальных грунтов";"1";
"разновидность скальных грунтов по прочности устанавливается";"1";
"скальными грунтами называются";"1";
"скальный грунт 6 группы";"1";
"rqd для скальных грунтов";"1";
"гнб в скальных грунтах";"1";
"грунт скальный гравийный";"1";
"гэсн разработка скального грунта";"1";
"коэффициент уплотнения скального грунта в смете";"1";
"механические свойства скального грунта";"1";
"объемный вес скального грунта в 1 м3";"1";
"перевозка скального грунта";"1";
"песчаник это скальный или полускальный грунт";"1";
"показатель rqd для скальных грунтов";"1";
"производство скального грунта";"1";
"сваи стойки в скальных грунтах";"1";
"скальные грунты характеристики";"1";
"скальный грунт 0 500мм";"1";
"скальный грунт фссц";"1";
"скальный грунт это щебень";"1";
"траншеи в скальных грунтах";"1";
"удельное сопротивление скального грунта";"1";
"удельное сцепление скального грунта";"1";
"физико механические свойства скальных грунтов";"1";
"гост на одноосное сжатие скальных грунтов";"1";
"грунт скальный из гранита м 1200";"1";
"дробление скального грунта";"1";
"коэф уплотнения скального грунта";"1";
"скальный грунт вес 1м3";"1";
"скальный грунт марка";"1";
"к скальным грунтам относят";"1";
"дресва купить";"716";
"дресва купить в екатеринбурге";"394";
"купить дресву с доставкой";"267";
"купить дресву в екатеринбурге с доставкой";"240";
"дресва купить в екатеринбурге с доставкой цена";"150";
"дресва купить арамиль";"67";
"где купить дресву";"36";
"купить дресву в первоуральске";"34";
"купить дресву в районе первоуральска или ревды";"27";
"дресва глинистая купить арамиль";"24";
"дресва в мешках купить";"23";
"купить дресву в асбесте";"20";
"дресва в мешках купить в екатеринбурге";"19";
"купить дресву в березовском";"14";
"в полевском св обл купить дресву";"11";
"где можно купить дресву";"9";
"купить дресву в сысерти";"8";
"где купить дресву в горном щите екатеринбурге";"6";
"дресва купить в челябинске";"6";
"купить дресву в верхней пышме";"6";
"дресва купить в арамили с доставкой";"5";
"купить дресву в белоярском районе свердловской области";"5";
"дресва купить в челябинске с доставкой цена";"1";
"дресва купить в челябинске цена";"1";
"купить дресву в челябинске с доставкой";"1";
"купить дресву в копейске";"1";
"песчано щебеночная смесь";"223";
"щебеночно песчаная смесь";"223";
"щебеночно песчаная смесь гост";"53";
"щебеночно гравийно песчаная смесь";"38";
"гост смеси щебеночно гравийно песчаные";"26";
"щебеночно песчаная смесь купить";"24";
"щебеночно песчаная смесь гост 25607 2009";"23";
"щебеночно песчаная смесь для дорог";"19";
"готовая песчано щебеночная смесь";"17";
"щебеночно песчаная смесь строительстве";"16";
"щебеночно гравийно песчаная смесь дорога";"15";
"уплотнение щебеночно песчаных смесей";"14";
"щебеночно песчаная смесь 0 40";"13";
"смесь щебеночно песчаная с4";"13";
"щебеночно песчаная смесь марки";"12";
"щебеночно песчаная смесь 0 20";"9";
"щебеночно песчаная смесь с5";"9";
"щебеночно гравийно песчаная смесь гост 25607 2009";"9";
"фракция щебеночно песчаной смеси";"7";
"щебеночно песчаная смесь 0 20 мм";"6";
"гост 70458 2022 смеси щебеночно гравийно песчаные";"5";
"щебеночно песчаная смесь с 4";"5";
"коэффициент уплотнения щебеночно песчаной смеси";"5";
"песчано щебеночная смесь сертификат";"5";
"песчано щебеночная смесь для строительства дорог";"5";
"вес песчано щебеночной смеси";"4";
"щебеночно песчаная смесь обработанная цементом";"4";
"смеси готовые щебеночно песчаные с4";"4";
"песчано щебеночная смесь фракция 0 20";"3";
"песчано щебеночная смесь фракция 0 20 мм";"3";
"песчано щебеночная смесь фракция 20";"3";
"щебеночно песчаная смесь с 5";"3";
"гост щебеночно песчаные смеси автомобильные дороги";"3";
"щебеночно песчаная смесь 0 31 5";"3";
"щебеночно песчаная смесь с11";"3";
"щебеночно песчаная смесь с5 гост";"3";
"щебеночно песчаная смесь цена";"3";
"плотность щебеночно песчаной смеси";"3";
"песчано щебеночная смесь 0 80";"3";
"щебеночно песчаная смесь с6";"3";
"щебеночно песчаная смесь 0 63";"2";
"песчано щебеночная смесь паспорт";"2";
"купить щебеночно гравийно песчаную смесь";"2";
"основания из щебеночно песчаной смеси";"2";
"смеси щебеночно гравийно песчаные для покрытий";"2";
"смеси щебеночно гравийно песчаные обработанные вяжущим";"2";
"смесь щебеночно песчаная с5 гост 25607 2009";"2";
"устройство основания из щебеночно песчаной смеси";"2";
"щебеночно песчаная смесь с 2";"2";
"щебеночно песчаная смесь с1";"2";
"щебеночно песчаная смесь с2";"2";
"щебеночно песчаная смесь с8";"2";
"щебеночно песчаная смесь стоимость";"2";
"щпс щебеночно песчаная смесь";"2";
"смесь щебеночно песчаная с6 0 20";"2";
"щебеночно гравийно песчаная смесь 4";"2";
"смесь щебеночно песчаная с7";"2";
"смесь щебеночно песчаная к90 м1";"1";
"удельный вес щебеночно песчаной смеси";"1";
"щебеночно песчаная смесь к90";"1";
"25607 2009 гост с4 щебеночно песчаная смесь";"1";
"смесь с4 характеристики щебеночно песчаная";"1";
"состав щебеночно песчаной смеси";"1";
"шлаковая щебеночно песчаная смесь";"1";
"щебеночно песчаная смесь непрерывной гранулометрии";"1";
"щебеночно песчаная смесь с 11";"1";
"щебеночно песчаная смесь с 6";"1";
"щебеночно песчаная смесь с4 гост";"1";
"щебеночно песчаная смесь с5 вес";"1";
"щебеночно песчаная смесь характеристики";"1";
"щебеночно песчаная смесь щпс с4";"1";
"смесь щебеночно песчаная готовая с5";"1";
"технология укладки асфальта на щебеночно песчаную смесь";"1";
"щебеночно гравийно песчаная смесь с5";"1";
"пщс купить";"85";
"карьер бобровский купить пщс";"21";
"купить пщс в екатеринбурге";"15";
"пщс купить с доставкой";"2";
"уголь каменный в мешках";"66";
"каменный уголь в мешках";"66";
"уголь каменный в мешках купить";"61";
"каменный уголь купить в екатеринбурге в мешках";"28";
"каменный уголь для печи в мешках купить";"5";
"уголь каменный для печи в мешках";"5";
"каменный уголь купить в мешках озон";"5";
"уголь каменный в мешках для отопления";"1";
"уголь каменный для отопления в мешках купить";"1";
"горячий асфальт";"369";
"горячий асфальт купить";"106";
"горячий асфальт цена";"60";
"цена горячего асфальта за тонну";"36";
"купить асфальт горячий цена";"33";
"купить горячий асфальт екатеринбург";"32";
"купить асфальт горячий цена за тонну";"26";
"горячий асфальт в мешках";"25";
"доставка горячий асфальт";"22";
"купить горячий асфальт с доставкой";"18";
"где купить горячий асфальт";"17";
"горячий и холодный асфальт";"14";
"асфальт горячий мелкозернистый";"14";
"сколько стоит горячий асфальт";"12";
"асфальт горячий цена за тонну с доставкой";"11";
"обувь для работы с горячим асфальтом";"11";
"стоимость горячего асфальта";"10";
"расход горячего асфальта";"7";
"горячий асфальт тонны в кубы";"7";
"сколько кубов в тонне асфальта горячего";"7";
"где можно купить горячий асфальт";"7";
"сколько весит куб горячего асфальта";"5";
"горячий асфальт в мешках купить";"5";
"какую обувь купить для горячего асфальта";"5";
"горячий асфальт для дороги";"5";
"горячий асфальт цена за м3";"5";
"сколько стоит куб горячего асфальта";"5";
"расчет горячего асфальта";"5";
"сколько весит куб асфальта в тоннах горячего";"4";
"горячий асфальт цена за 1 тонну";"4";
"температура горячего асфальта";"3";
"стоимость тонны горячего асфальта";"3";
"асфальт такой горячий что того гляди расплавится";"3";
"укладка горячего асфальта";"3";
"ремонт горячим асфальтом";"3";
"гост горячего асфальта";"3";
"что лучше холодный или горячий асфальт";"3";
"вес горячего асфальта";"3";
"какой асфальт лучше холодный или горячий";"3";
"горячий асфальт 5";"2";
"куб горячего асфальта цена";"2";
"сколько тонн в кубе асфальта мелкозернистого горячего";"1";
"ямочный ремонт горячим асфальтом";"1";
"запах горячего асфальта";"1";
"чем отличается холодный асфальт от горячего";"1";
"скачать горячий асфальт";"1";
"асфальт горячий мелкозернистый цена";"1";
"паспорт горячий асфальт";"1";
"асфальт смесь асфальтобетонный горячий плотный мелкозернистый";"1";
"сколько стоит камаз горячего асфальта";"1";
"холодный асфальт в мешках";"859";
"холодный асфальт в мешках купить";"402";
"холодный асфальт в мешках в екатеринбурге";"265";
"холодный асфальт купить в мешках екатеринбурге";"256";
"холодный асфальт в мешках цена";"81";
"холодный асфальт в мешках инструкция";"31";
"холодный асфальт в мешках цена купить";"28";
"где купить холодный асфальт в мешках";"28";
"холодный асфальт в мешках укладка";"28";
"асфальт в мешках холодный технология";"25";
"применение холодного асфальта в мешках";"25";
"технология укладки холодного асфальта в мешках";"23";
"холодный асфальт инструкция по применению в мешках";"22";
"как укладывать холодный асфальт в мешках";"21";
"холодный асфальт в мешках 50";"19";
"холодный асфальт в мешках 50 кг";"19";
"холодный асфальт в мешках отзывы";"16";
"холодный асфальт купить в екатеринбурге цена мешках";"13";
"как класть холодный асфальт в мешках";"13";
"холодный асфальт в мешках 25 кг";"13";
"холодный асфальт в мешках 50 кг цена";"12";
"холодный асфальт в мешках фасовкой 35 кг";"12";
"холодный асфальт в мешках производство";"11";
"как работать с холодным асфальтом в мешках";"10";
"сколько стоит холодный асфальт в мешках";"9";
"холодный асфальт в мешках фасовкой 25 кг";"8";
"купить холодный асфальт в мешках на озоне";"8";
"холодный асфальт в мешках озон";"8";
"холодный асфальт в мешках видео";"8";
"холодный асфальт в мешках как пользоваться";"8";
"холодный асфальт в мешках отзывы покупателей";"8";
"цена холодного асфальта в мешках в екб";"7";
"холодный асфальт купить в мешках 50";"7";
"холодный асфальт купить в мешках 50 кг";"7";
"расход холодный асфальт в мешках";"7";
"холодный асфальт в мешках какой объем";"6";
"холодный асфальт в мешках как использовать";"5";
"холодный асфальт в мешках инструкция купить";"5";
"холодный асфальт в мешках купить в новоуральске";"5";
"холодный асфальт в мешках расход на 1м2";"4";
"стоимость холодного асфальта в мешках";"3";
"асфальт в мешках холодный в леруа";"3";
"холодный асфальт в мешках для чего используется";"3";
"купить холодный асфальт в мешках 25";"3";
"холодный асфальт в мешках купить в перми";"2";
"купить холодный асфальт в мешках в челябинске";"2";
"холодный асфальт купить в мешках леруа мерлен";"2";
"купить холодный асфальт в мешках в краснодаре";"2";
"асфальт в мешках холодный технология укладки цена";"1";
"асфальт в мешках цена леруа мерлен холодный";"1";
"асфальт холодный в мешках авито";"1";
"срок годности холодного асфальта в мешках";"1";
"холодный асфальт в мешках 33 кг купить";"1";
"холодный асфальт в мешках купить в оренбурге";"1";
"битумная эмульсия";"806";
"эмульсия битумно дорожная";"115";
"битумная эмульсия купить";"105";
"расход битумной эмульсии";"74";
"эмульсия битумная катионная";"71";
"битумная эмульсия для крошки";"57";
"битумная эмульсия эбдк с";"54";
"битумная эмульсия екатеринбург";"49";
"битумная эмульсия для асфальта";"47";
"битумная эмульсия эбдк б";"44";
"битумная эмульсия эбк";"42";
"битумная эмульсия для асфальтовой";"40";
"битумная эмульсия для асфальтовой крошки";"40";
"битумный м2 расход эмульсия";"37";
"эмульсия битумно катионная эбдк с";"37";
"расход битумной эмульсии на 1 м2";"32";
"битумная эмульсия цена";"29";
"эмульсия битумно катионная эбдк б";"27";
"битумная эмульсия эбк 1";"21";
"битумная эмульсия для асфальта купить";"21";
"битумная эмульсия сертификат";"18";
"гост р битумная эмульсия";"16";
"розлив битумной эмульсии";"16";
"битумная эмульсия купить в екатеринбурге";"16";
"битумная эмульсия для асфальтовой крошки купить";"15";
"битумная эмульсия для асфальтовой купить";"15";
"пропитка битумной эмульсией";"14";
"битумная эмульсия для асфальтной крошки";"13";
"битумная эмульсия на щебень";"13";
"обработка битумной эмульсией";"12";
"битумная эмульсия эбдк м";"12";
"расход битумной эмульсии на 1 м2 асфальта";"12";
"эмульсия битумно дорожная расход";"12";
"гост битумная эмульсия 2020";"11";
"купить эмульсию битумную дорожную";"11";
"битумная эмульсия для асфальтовой крошки отзывы клиентов";"11";
"вес битумной эмульсии";"10";
"весы битумной эмульсии";"10";
"эмульсия битумная смета";"10";
"битумная эмульсия применяется";"10";
"пролив битумной эмульсии";"10";
"гост 52128 2003 эмульсии битумные дорожные";"9";
"эмульсия битумно дорожная расход на 1 м2";"9";
"покрытие битумной эмульсией";"9";
"гост на битумную эмульсию";"9";
"эмульсия битумно катионная эбдк м";"9";
"битумная эмульсия своими руками";"8";
"битумная эмульсия мастика";"8";
"битумная эмульсия эбк 2";"8";
"норма расхода битумной эмульсии";"8";
"эмульсия битумная дорожная эбдк с";"8";
"эмульсия битумная дорожная катионная";"8";
"чем распылить битумную эмульсию";"7";
"битумная эмульсия для асфальта купить екатеринбург";"7";
"где купить битумную эмульсию";"7";
"характеристика битумной эмульсии";"7";
"как сделать битумную эмульсию";"7";
"битумная эмульсия для кровли";"7";
"чем отличается битумный праймер от битумной эмульсии";"7";
"эмульсия битумная гидроизоляционная";"7";
"58952.1 2020 битумная эмульсия";"7";
"гост 58952.1 2020 битумная эмульсия";"7";
"эмульсия битумно катионная эбдк с расход";"7";
"битумные эмульсии применяют";"7";
"битумная эмульсия расход на 1 м2 дороги";"7";
"цена битумной эмульсии за тонну";"7";
"материал битумная эмульсия";"6";
"битумная эмульсия сертификат соответствия";"6";
"битумная эмульсия с цементом";"6";
"купить битумную эмульсию праймер";"6";
"готовая эмульсия битумная";"6";
"битумная эмульсия паспорт";"6";
"расход битумной эмульсии гост";"6";
"эмульсии битумные дорожные гост 2020";"6";
"битумная эмульсия гост р 58952.1 2020";"5";
"битумная эмульсия эбдк б гост";"5";
"эмульсия битумно дорожная эбдк б";"5";
"обработать битумная эмульсия";"5";
"чем отличается эмульсия дорожная от праймера битумного";"5";
"эмульсия битумно катионная эбдк с 40кг";"5";
"битумная эмульсия для асфальтовой крошки своими руками";"4";
"вес эмульсии битумно дорожной";"4";
"гост на эмульсию битумную дорожную";"4";
"виды битумной эмульсии";"4";
"плотность битумной эмульсии";"4";
"битумная эмульсия на 1м2";"4";
"расход эмульсии битумной на 1м2";"4";
"эмульсия битумная дорожная эбк 1";"4";
"удельный вес битумной эмульсии";"4";
"гост 58952.1 эмульсии битумные дорожные";"4";
"гост эмульсия битумная дорожная 58952.1 2020";"4";
"огрунтовка битумной эмульсией";"4";
"калькулятор битумной эмульсии";"4";
"битумная эмульсия для дороги";"4";
"битумная эмульсия в бочках";"4";
"битумная эмульсия эбдк 1";"4";
"расчет битумной эмульсии";"4";
"марки битумной эмульсии";"4";
"битумная эмульсия цена за 1 тонну";"4";
"эбк 1 битумная эмульсия характеристики";"3";
"битумная эмульсия для срезки асфальта";"3";
"расход битумной эмульсии на 1 м2 щебня";"3";
"расход эмульсии битумной на 1м2 асфальта";"3";
"стоимость эмульсии битумной";"3";
"битумные эмульсии строительство";"3";
"эмульсия битумная дорожная цена";"3";
"холодная битумная эмульсия";"3";
"как сделать битумную эмульсию своими руками";"3";
"битумная эмульсия и битум";"3";
"битумная эмульсия паспорт качества";"3";
"битумная эмульсия применение";"3";
"изготовление битумной эмульсии";"3";
"сколько хранится битумная эмульсия";"3";
"доставка битумной эмульсии";"3";
"купить битумную эмульсию в бочках";"3";
"эмульсия битумно дорожная сертификат";"3";
"горячая битумная эмульсия";"3";
"битумная эмульсия эбдк сертификат";"3";
"эмульсия битумная дорожная катионная эбдк б";"3";
"обработка основания битумной эмульсией";"3";
"чем разбавить битумную эмульсию";"3";
"битумная эмульсия эбк 2 купить";"2";
"распылитель битумной эмульсии";"2";
"битумная эмульсия для бетона";"2";
"битумная эмульсия расценка в смете";"2";
"битумная эмульсия кровельная";"2";
"проливка битумной эмульсии";"2";
"гост эмульсии битумные дорожные технические условия";"2";
"эмульсии битумные дорожные технические условия";"2";
"эмульсии битумные технические условия";"2";
"битумная эмульсия 200 л";"2";
"битумная эмульсия технология";"2";
"битумная эмульсия тонны в литры";"2";
"битумная эмульсия эбдк б цена";"2";
"эмульсия битумная дорожная паспорт";"2";
"битумно латексная эмульсия";"2";
"эмульсия битумная для гидроизоляционных работ";"2";
"эмульсия битумно латексная гидроизоляционная";"2";
"розлив битумной эмульсии расценка";"2";
"калькулятор расхода битумной эмульсии";"2";
"эмульсия битумная дорожная сертификат соответствия";"2";
"подгрунтовка битумной эмульсии";"2";
"розлив битумной эмульсии расход";"2";
"делаем битумную эмульсию";"2";
"сколько стоит битумная эмульсия";"2";
"температура битумной эмульсии";"2";
"битумные эмульсии производители";"1";
"проливка битумной эмульсией расценка в смете";"1";
"битумные эмульсии пермь";"1";
"эмульсия битумно катионная эбдк б характеристики";"1";
"ооо битумные эмульсии";"1";
"сертификат на битумную эмульсию дорожную скачать";"1";
"анионная битумная эмульсия";"1";
"битум и битумная эмульсия разница";"1";
"битумная мастика эмульсия дорожная";"1";
"битумная эмульсия 20л";"1";
"битумная эмульсия 20л купить";"1";
"битумная эмульсия для холодного асфальта";"1";
"битумная эмульсия жидкая";"1";
"битумная эмульсия леруа";"1";
"битумная эмульсия тюмень";"1";
"битумная эмульсия эбдк б расход";"1";
"битумная эмульсия эбдк с купить";"1";
"битумная эмульсия эбк 1 расход";"1";
"битумный дорожный строительство эмульсия";"1";
"индекс распада битумной эмульсии";"1";
"нанесение битумной эмульсии";"1";
"окпд 2 битумная эмульсия";"1";
"плотность битумной эмульсии эбдк";"1";
"приготовление битумной эмульсии";"1";
"разлив битумной эмульсии";"1";
"расчет битумной эмульсии на 1 м2";"1";
"розлив битумной эмульсии расценка в смете";"1";
"состав битумной эмульсии";"1";
"типы битумной эмульсии";"1";
"чем отличается битумная мастика от битумной эмульсии";"1";
"эмульсия битумная дорожная катионная эбдк с";"1";
"эмульсия битумная дорожная применение";"1";
"эмульсия битумно катионная эбдк м сертификат";"1";
"эмульсия битумно латексная гидроизоляционная антикоррозийная";"1";
"эмульсия битумно латексная гидроизоляционная антикоррозийная напыляемая";"1";
"битумно полимерная эмульсия";"1";
"розлив битумной эмульсии автогудронатором";"1";
"эмульсия на битумной основе";"1";
"битумная эмульсия для асфальта сертификат";"1";
"насос для битумной эмульсии";"1";
"проливка щебня битумной эмульсией";"1";
"расход эмульсии битумной на 1м2 щебня";"1";
"щебень пролитый битумной эмульсией";"1";
"эмульсия битумная дорожная эбк 2";"1";
"эмульсия битумно катионная эбдк б сертификат";"1";
"эмульсия битумно катионная эбдк б расшифровка";"1";
"розлив битумной эмульсии расход на м2";"1";
"битумная эмульсия для асфальтовой крошки где купить";"1";
"чем можно разбавить битумную эмульсию";"1";
"чем наносить битумную эмульсию";"1";
"эмульгатор для битумных эмульсий";"1";
"жби изделия";"307";
"жби изделия купить";"36";
"жби изделия екатеринбург";"36";
"завод жби изделий";"26";
"б у жби изделия купить";"13";
"жби бетонные изделия";"11";
"жби изделия для колодцев";"8";
"жби изделия госты";"8";
"продажа жби изделий";"8";
"производство жби изделий";"7";
"жби изделия купить в челябинской области";"5";
"ревда жби изделия";"5";
"изготовление жби изделий";"4";
"железобетонные изделия жби";"4";
"маркировки жби изделий";"4";
"завод железобетонных изделий завод жби";"3";
"паспорт жби изделия";"3";
"жби изделия плиты";"3";
"жби изделия казань";"3";
"жби изделия москва";"3";
"чертеж жби изделия";"3";
"формовщик жби изделий";"3";
"жби изделия кольца";"3";
"утилизация жби изделий";"2";
"виды жби изделий";"2";
"жби изделия красноярск";"2";
"жби изделия фото";"2";
"какие изделия для жби";"2";
"маркировка жби изделий по госту";"2";
"прайс на жби изделия";"2";
"производители жби изделий";"2";
"жби изделия на карте";"2";
"завод по производству жби изделий";"1";
"жби изделия новосибирск";"1";
"паспорт качества на жби изделия";"1";
"сайты жби изделий";"1";
"самые востребованные жби изделия";"1";
"жби изделия пермь";"1";
"переработка жби изделий";"1";
"плиты перекрытия пк";"189";
"плиты перекрытия пк 8";"50";
"плита перекрытия пк 1";"23";
"плита перекрытия пк 12";"22";
"плиты перекрытия пк 12 8";"21";
"плита перекрытия пк 60";"14";
"плита перекрытия пк 15";"14";
"плита перекрытия пк и пб";"14";
"плиты перекрытия пк пб разница";"11";
"плиты перекрытия серии пк";"11";
"плиты перекрытия пк размеры";"10";
"плита перекрытия пк 15 15 8";"10";
"купить плиты перекрытия пк";"9";
"плиты перекрытия пк характеристики";"9";
"плита перекрытия пк 30.15";"8";
"плиты перекрытия пк где используются в строительстве";"7";
"плиты перекрытия пк гост";"7";
"объем плит перекрытия пк";"7";
"плиты перекрытия пк ж";"5";
"вес плит перекрытия пк";"5";
"плита перекрытия пк 10";"5";
"пк 27 12 8 плита перекрытия";"5";
"пк 27 плита перекрытия";"5";
"плиты перекрытия 2 пк";"4";
"пк 12 плита перекрытия размеры";"3";
"плита перекрытия пк 25";"3";
"плита перекрытия пк 30";"3";
"плита перекрытия пк 30 15 8";"3";
"плита перекрытия пк 60 15 8";"3";
"плита перекрытия пк 85.10 8";"3";
"плиты перекрытия пк 30 15";"3";
"плиты перекрытия пк 60 15";"3";
"плиты перекрытия пк размеры гост";"3";
"длина плит перекрытия пк";"3";
"ширина плиты перекрытия пк";"3";
"плита перекрытия пк 60 12";"2";
"плиты перекрытия пк 60 12 8";"2";
"армирование плиты перекрытия пк";"2";
"плиты перекрытия пк цена";"2";
"железобетонные плиты перекрытия пк";"2";
"монтаж плит перекрытия пк";"2";
"пк 60 плиты перекрытия размеры";"2";
"плита перекрытия пк 15 размеры";"2";
"плита перекрытия пк 60 15 8 размеры";"2";
"плита перекрытия пк 60 15 размер";"2";
"плиты перекрытия пк 60.15";"2";
"плиты перекрытия пк нагрузки";"2";
"плиты перекрытия пк 58";"2";
"масса плит перекрытия пк";"2";
"плиты перекрытия пк опирание";"1";
"пк 53 10 8 плита перекрытия";"1";
"пк 53 10 8 плита перекрытия купить";"1";
"пк 47 15 8 плита перекрытия";"1";
"плита перекрытия пк 15 купить";"1";
"плита перекрытия пк 54";"1";
"плита перекрытия пк 54 15 8";"1";
"плита перекрытия пк 30.15 8";"1";
"пк 63 12 8 размеры плита перекрытия";"1";
"пк 63 12 размеры плита перекрытия";"1";
"плита перекрытия пк 63 12";"1";
"плита перекрытия пк 63 12 8";"1";
"плиты перекрытия пк 63";"1";
"плиты перекрытия пк 63 размеры";"1";
"марки плит перекрытия пк";"1";
"пк 20 плита перекрытия колодца";"1";
"плита перекрытия многопустотная пк";"1";
"плита перекрытия пб и пк отличия";"1";
"плита перекрытия пк 20";"1";
"плита перекрытия пк 6";"1";
"плиты перекрытия пк и пб чем отличаются";"1";
"плиты перекрытия пк объем бетона";"1";
"плиты перекрытия пк размеры гост таблица";"1";
"плиты перекрытия пк размеры таблица";"1";
"плиты перекрытия пк расшифровка";"1";
"плиты перекрытия пк серия 1.141 1";"1";
"плиты перекрытия типа пк";"1";
"таблица плит перекрытия пк";"1";
"5 пк плита перекрытия";"1";
"плита перекрытия пк 15 вес";"1";
"плиты перекрытия пк 220";"1";
"толщина плиты перекрытия пк";"1";
"плиты перекрытия пб";"198";
"плита перекрытия пб 8";"76";
"плиты перекрытий пб 15";"39";
"плиты перекрытия пб купить";"32";
"плита перекрытия пб 60";"19";
"размеры плит перекрытий пб";"15";
"плиты перекрытия пб гост";"14";
"плита перекрытия пб 60 15 8";"13";
"плита перекрытия пб 92 15 6";"13";
"вес плит перекрытия пб";"8";
"плиты перекрытия пб 1";"7";
"монтаж плит перекрытия пб";"5";
"монтаж плит перекрытия пб 9 метров";"5";
"плиты перекрытия пб нагрузки";"4";
"плиты перекрытия марки пб";"4";
"плита перекрытия пб 30";"4";
"плита перекрытия пб цена";"4";
"плита перекрытия пб 60 12";"3";
"плита перекрытия пб 60 12 8";"3";
"плиты перекрытия серии пб";"2";
"перекрытие домов плиты пб";"2";
"плита перекрытия пб 2";"2";
"плита перекрытия пустотная пб";"2";
"плиты перекрытия пб длина";"2";
"плита перекрытия пб размеры гост";"2";
"плиты перекрытия пб размеры гост таблица";"2";
"плиты перекрытия пб размеры таблица";"2";
"опирание плиты перекрытия пб";"1";
"плиты перекрытия пб в новосибирске";"1";
"железобетонные плиты перекрытия пб";"1";
"плита перекрытия пб 63";"1";
"плита перекрытия пб 60.15 8";"1";
"анкеровка плит перекрытия пб";"1";
"фундаментные блоки фбс";"244";
"блок фундаментный фбс";"244";
"фундаментные блоки фбс 6";"63";
"бетонный фундаментный блок фбс";"31";
"фбс блоки фундаментные гост";"27";
"блоки фундаментные фбс 3";"22";
"куплю фундаментные блоки фбс";"20";
"вес фундаментного блока фбс";"18";
"блок фундаментный фбс 24";"15";
"фундаментный блок фбс 4";"15";
"фундаментный блок фбс 390х190х188";"13";
"фундаментный блок фбс 390х190х188 мм";"13";
"фундаментные блоки фбс 200 200 400";"12";
"блок фундаментный сплошной фбс";"11";
"блок фундаментный фбс 24.6 6";"11";
"размер фундаментного блока фбс";"10";
"укладка фундаментных блоков фбс";"10";
"блок фундаментный фбс 24 4 6";"9";
"блок фундаментный фбс 24 6 6";"9";
"блок фундаментный фбс 24.6 6 т";"9";
"фундаментные блоки фбс 4 4 6";"9";
"высота фундаментного блока фбс";"8";
"блок фундаментный фбс 24.4 6";"8";
"блок фундаментный фбс 9 3 3";"8";
"фундаментный блок фбс 9";"8";
"фундаментные блоки фбс 12.4 6";"7";
"вес фундаментного блока фбс 6";"7";
"фбс 4 вес фундаментные блоки";"7";
"фундаментный блок стеновой фбс";"7";
"фундаментный блок фбс 24 4 6 вес";"7";
"фундаментные блоки фбс 12 6 6";"7";
"фундаментный блок фбс 12";"7";
"гост 13579 2018 блоки бетонные фундаментные фбс";"7";
"блок фундаментный бетонный фбс 390x190x188";"6";
"блок фундаментный бетонный фбс 390x190x188 мм";"6";
"блок фундаментный фбс 390x190x188 мм";"6";
"фундаментные блоки фбс 1";"5";
"блок фундаментный фбс 24.6 6 гост";"5";
"фундаментный блок фбс 6 3 6";"5";
"размеры фундаментных блоков фбс 6";"5";
"стоимость фундаментных блоков фбс";"5";
"фундаментный блок фбс применение";"5";
"фундаментный блок фбс 12.4 6 т";"4";
"фундаментные блоки фбс гост 13579 78";"4";
"фбс блоки фундаментные расценка в смете";"4";
"блок фундаментный фбс 12.6 6";"4";
"фундаментный блок фбс 12.6 6 т";"4";
"купить блоки фундаментные фбс 3";"4";
"фундаментный блок фбс 12.4 3";"4";
"фундаментные блоки фбс 24.3 6";"4";
"вес фундаментных блоков фбс таблица";"4";
"размеры фбс блоков таблица фундаментные";"4";
"фбс блоки фундаментные размеры и вес";"4";
"фундаментные блоки фбс размеры и вес таблица";"4";
"блок бетонный фундаментный полнотелый фбс";"3";
"гост 13579 78 блоки бетонные фундаментные фбс";"3";
"бетонный фундаментный блок фбс 2 2 4";"3";
"блок фундаментный фбс 12 6 3";"3";
"фбс 2 2 4 фундаментный блок";"3";
"фундаментный блок фбс 12 3 3";"3";
"фундаментный блок фбс 2";"3";
"блок фундаментный сплошной фбс 4 2 2";"2";
"блок фундаментный сплошной фбс 400х200х200мм";"2";
"блок фундаментный сплошной фбс 400х200х200мм бетонный";"2";
"купить блок фундаментный бетонный фбс";"2";
"фундаментные блоки фбс 12.3 6";"2";
"фундаментные блоки фбс 12.3 6 т";"2";
"блоки фундаментные фбс 24 4 6т";"2";
"фундаментный блок фбс цена";"2";
"блок фундаментный фбс 9.4 6";"2";
"фбс блоки фундаментные купить б у";"2";
"блок фундаментный фбс 9 3 6";"2";
"фундаментные блоки фбс 9 6 6";"2";
"фундаментный блок фбс 40";"2";
"блоки фундаментные фбс 5";"1";
"фундаментная плита под блоки фбс";"1";
"блок фундаментный бетонный фбс 390х190x188мм";"1";
"блок фундаментный фбс 24.4 6 размеры";"1";
"монтаж фундаментных блоков фбс";"1";
"объем фундаментных блоков фбс";"1";
"фундаментные блоки фбс 6 цена";"1";
"фундаментный блок фбс 12.4 3 т";"1";
"фундаментный блок фбс 24.3 6 т";"1";
"фундаментный блок фбс 24.4 6 усеченный";"1";
"фундаментный блок фбс 24.4 6т";"1";
"фундаментный блок фбс 24.6 6т";"1";
"фундаментные блоки фбс 4 цена";"1";
"кольца жби";"2214";
"купить жби кольца";"461";
"жби кольца для канализации";"278";
"кольца жби екатеринбург";"223";
"кольца жби цена";"187";
"кольца жби размеры";"158";
"кольцо жби 1.5";"143";
"кольца жби купить в екатеринбурге";"113";
"кольцо жби 2";"98";
"купить кольца жби для канализации";"90";
"кольцо жби кс";"84";
"жби кольца область";"80";
"кольца жби кубы";"80";
"куб кольца жби";"80";
"жби кольца 1";"77";
"кольцо для канализации жби цена";"64";
"объем жби кольца";"61";
"кольца жби сколько кубов";"58";
"кольцо жби 1м";"51";
"жби кольца 1.5 м";"50";
"вес колец жби";"48";
"диаметр жби колец";"47";
"кольцо жби 2 метра";"46";
"высота жби кольца";"42";
"жби кольца для септика";"41";
"кольцо жби 1.5 метра";"39";
"кольца жби для колодца";"38";
"кольцо жби 1.5 цена";"35";
"кольца жби размеры и цены";"35";
"сколько весит кольцо жби";"35";
"кольцо жби 1 метр";"34";
"кольца жби для канализации размеры";"32";
"бетонные кольца жби";"32";
"кольцо жби кс 10";"31";
"жби кольца березовский";"31";
"кольца жби для канализации екатеринбург";"30";
"кольца жби 1 5";"29";
"кольца жби камышлов";"27";
"производство жби колец";"27";
"купить кольца жби в березовском";"27";
"кольца жби авито";"27";
"кольцо для канализации жби 1.5";"27";
"жби ревда кольца";"26";
"кольца жби арамиль";"26";
"жби кольцо 1.5 сколько кубов";"26";
"кольца жби 10 9";"26";
"кольцо жби кс 10 9";"26";
"метровые кольца жби";"25";
"кольца жби для канализации 1.5 м";"24";
"канализационные кольца жби";"23";
"кольца жби 1.5 м цена";"23";
"жби кольца для канализации размеры и цены";"23";
"жби кольца полевской";"22";
"кольца жби нижний";"21";
"жби кольцо 20";"21";
"установка жби колец";"21";
"форма для кольца жби";"20";
"квадратные кольца жби";"20";
"жби кольца каменск уральский";"19";
"купить форму для жби колец";"18";
"кольца жби 2м";"17";
"кольцо жби 1м цена";"17";
"купить жби кольца для канализации в екатеринбурге";"17";
"кольцо жби под септик";"16";
"нужно жби кольца";"16";
"внутренний объем кольца жби";"16";
"кольца жби 1500";"16";
"сколько весит жби кольцо 1";"16";
"кольцо жби 1000";"16";
"жби кольца кс 20 9";"16";
"кольцо жби 20 9";"16";
"кольцо жби сколько в кубе";"15";
"авито купить кольцо жби";"15";
"жби кольца под канализацию";"15";
"кольцо жби 1.5 объем";"15";
"сколько стоит жби кольца";"14";
"жби кольца сухой лог";"14";
"жби кольцо с дном";"14";
"кольца уплотнительные для жби";"14";
"кольца жби нижний тагил";"14";
"размеры жби колец для колодца";"14";
"кольца жби 1.5 м сколько кубов";"14";
"купить жби кольца 1.5";"14";
"жби кольца для канализации 1м";"13";
"жби кольцо дом";"13";
"кольцо жби 1м размеры";"13";
"жби кольца для канализации 1.5 м цена";"13";
"кольцо для канализации жби 1.5 цена";"13";
"самый лучшее средство обработки жби колец септик";"13";
"кольца жби челябинск";"13";
"сколько весит кольцо жби 1 метр";"12";
"жби квадратные кольца для погреба";"12";
"жби кольца погреб";"12";
"кольцо жби 15.9";"12";
"жби кольцо 1 м";"12";
"купить кольцо жби 1м";"11";
"купить кольцо жби 1.5 метра";"11";
"жби кольцо кс 10.9";"11";
"кольцо жби 10.9";"11";
"кольца жби 2 м";"11";
"кольца жби фото";"11";
"жби кольца 700";"11";
"люк кольцо жби";"11";
"вес кольца жби 1";"11";
"купить кольца жби цена";"10";
"жби кольца купить в нижнем тагиле";"10";
"бутил каучуковая мастика промеж жби колец";"10";
"крышка кольца жби 1500";"10";
"купить кольца жби для септика";"10";
"маленькое кольцо жби";"10";
"кольцо жби масса";"10";
"кольцо жби 1.5 метра цена";"9";
"крышка кольца жби 1000";"9";
"установка жби колец под канализацию";"9";
"купить формы для жби колец свердловская область";"9";
"купить кольцо жби 1.5 метра на авито";"9";
"кольцо жби кс 10.9 объем внутренний";"9";
"сколько стоит жби кольца для канализации";"8";
"высота жби колец для канализации";"8";
"кольца опорные жби";"8";
"жби кольцо 1.5 вес";"8";
"кольцо жби 1м размеры цена";"8";
"кольцо жби 5 метров";"8";
"объем кольца жби 1.75";"8";
"завод жби кольца";"8";
"жби кольца 2 0.9";"8";
"кольца жби с пазами";"8";
"сколько кубов 1 кольцо жби";"8";
"оборудование для жби колец";"8";
"оборудование для производства жби колец";"8";
"какие размеры колец жби";"8";
"кольца жби 70";"8";
"купить кольца жби сухой лог";"8";
"правильные кольца жби";"8";
"кольца жби бизнес";"8";
"жби кольца в бердске";"7";
"кольцо жби 2 метра сколько кубов";"7";
"для чего два ряда колец жби септик";"7";
"жби кольца кс 20 9 цены";"7";
"кольца жби рядом";"7";
"кольцо жби кс 15.9 объем внутренний";"7";
"крышка на кольцо жби 1500 колодец новоуральск";"7";
"р п пышма купить кольца жби";"7";
"самое маленькое кольцо жби";"7";
"горловина жби колец";"7";
"жби кольца тюмень";"7";
"вес кольца жби 1 метр";"7";
"масса кольца жби 1.5";"7";
"объем жби колец в кубах";"7";
"жби тобольск кольца";"7";
"жби кольца стеновые";"7";
"кольца жби 15 9";"7";
"кольцо жби 15";"7";
"кольцо жби 7.9";"7";
"жби кольца в алапаевске";"7";
"кольцо жби для колодца купить";"7";
"кольцо 90 жби";"7";
"жби кольца курган";"7";
"жби кольца размеры и вес";"6";
"сколько весит кольцо жби 2 метра";"6";
"сколько весит кольцо жби 2 на 2";"6";
"жби кольца фото на улице";"6";
"купить жби кольца в первоуральске";"6";
"как собрать горловину жби колец на 700";"6";
"кольцо жби 2 метра цена";"6";
"кольцо жби 1 5 м";"6";
"кольца жби кс 10 9 размеры";"6";
"как сделать жби кольца";"6";
"кольца жби 1 5 метра";"6";
"продам кольца жби";"6";
"как правильно установить жби кольца";"6";
"как устанавливать жби кольца";"6";
"фальцевые кольца жби";"5";
"жби кольца сколько метровые";"5";
"кольца жби какие диаметры";"5";
"толщина жби кольца";"5";
"стоимость жби кольца";"5";
"какой высоты кольцо жби стандарт";"5";
"кольца жби 2м цена";"5";
"кольца жби для канализации 2м";"5";
"кольца жби для канализации 2м цена";"5";
"купить кольца жби для канализации цена";"5";
"жби кольца в магадане";"5";
"жби кольца с отверстиями";"5";
"крышка для жби кольца";"5";
"жби 6 кольца";"5";
"кольца жби кс 10 6";"5";
"купить жби кольца в среднеуральске свердловской область";"5";
"кольцо жби кс 7";"5";
"картинка екатеринбург кольцо трамвая жби панельная";"5";
"автио кольца жби";"5";
"жби кольцо 1 3";"5";
"жби кольцо 1 цена";"5";
"какие жби кольца используются для канализации";"5";
"цена кольца жби 1 5";"5";
"жби кольцо диаметром 2 метра";"5";
"доставка жби колец";"5";
"сколько воды в жби кольце";"5";
"кольца жби копейск";"4";
"жби кольца для скважины";"4";
"кольца колодезные кс";"33";
"колодезное кольцо кс";"33";
"кольцо колодезное стеновое кс";"12";
"кольца колодезные кс 10 10";"10";
"кольцо колодезное кс 15 15";"9";
"кс 9 кольцо колодезное";"8";
"кольца колодезные кс 10.9";"7";
"кольцо колодезное стеновое кс 10.9";"6";
"кольцо колодезное кс 7 7";"6";
"размер колодезных колец кс";"5";
"кольца колодезные кс 7 1 5";"4";
"кольцо колодезное кс 7 1";"4";
"кольцо колодезное кс 7 5";"4";
"кольцо колодезное кс 15 10";"4";
"кольцо колодезное кс 10 9";"4";
"кольцо колодезное кс 10 10 цена";"4";
"кольцо колодезное кс 15 9";"3";
"колодезные кольца кс 10 9 цена";"3";
"кольцо колодезное кс 10 9 размеры";"3";
"кольцо колодезное кс 10 9 размеры цена";"3";
"кольцо колодезное кс 15 6";"1";
"кольцо колодезное кс 7 6";"1";
"купить кольца колодезные кс";"1";
"кольцо колодезное кс 15 9 размеры";"1";
"кольцо колодезное кс 15 9 размеры цена";"1";
"кольцо колодезное кс 15 9 цена";"1";
"кольцо колодезное кс 10 5";"1";
"крышки для колодцев";"444";
"крышка для колодца";"444";
"бетонная крышка для колодца";"73";
"крышка для колодца пластиковая";"70";
"крышка для колодца купить";"51";
"крышка для дренажного колодца";"38";
"люк с крышкой для колодца";"30";
"крышка для канализационного колодца";"27";
"купить крышку люка для колодца";"26";
"люк крышка для дренажного колодца";"24";
"крышка для смотрового колодца";"22";
"крышка дно для колодца";"22";
"купить крышку для дренажного колодца";"20";
"купить крышку люка для дренажного колодца";"20";
"трубы для колодца с крышкой";"19";
"крышка для канализации колодца";"18";
"крышка для колодца диаметр";"18";
"крышка для колодца 1 метр";"18";
"полимерная крышка для колодца";"16";
"крышка для колодца пластиковая купить";"16";
"крышка дно для дренажного колодца";"16";
"бетонные крышки люков для колодцев";"16";
"крышка для колодца вес";"15";
"крышки для колодцев цена";"14";
"крышка жби для колодца";"13";
"канализации крышка пластиковая для колодцев";"12";
"крышка для кабельного колодца";"12";
"крышка для колодца дренажного пластикового";"12";
"крышки для люков канализационных колодцев";"11";
"крышка для колодца пластиковая с люком";"11";
"бетонная крышка для колодца вес";"11";
"крышка для бетонного колодца 1";"11";
"теплая крышка для колодца";"11";
"теплая крышка для сливного колодца";"11";
"чугунная крышка для колодца";"10";
"круглая крышка для колодца";"10";
"крышка для дренажного колодца 400";"10";
"крышка бетонная для колодца 1 метр";"10";
"крышка для колодца 1.5";"10";
"крышка для колодца скважины";"9";
"крышка деревянная для колодца";"9";
"бетонная крышка для колодца цена";"8";
"крышка для колодца 630 полимер";"8";
"крышка утепленная для колодца";"8";
"крышка люка для смотровых колодцев";"8";
"купить крышку люка для колодца пластиковый";"8";
"крышка для дренажного колодца 460";"7";
"купить бетонную крышку для колодца";"7";
"крышка для колодцев размеры";"7";
"предохранительная крышка для колодца";"7";
"крышка для колодца фото";"7";
"как сделать крышку для колодца";"6";
"крышка для колодца с отверстиями";"6";
"жб крышка для колодца";"6";
"крышка для колодца 1000";"6";
"крышка для проветривания колодца";"6";
"сколько весит крышка для колодца";"5";
"крышка бетонная для колодца 1.5 м";"5";
"крышка для колодца 1.5 м";"5";
"крышки для бетонных колец на колодцах";"5";
"купить крышку для колодца на кольцо бетонное";"5";
"купить крышку для кольца колодца";"5";
"конус с крышкой для колодца";"5";
"крышка для колодца 1000 мм";"5";
"крышка для колодца пластиковая 1000 мм";"5";
"крышка жби для колодца 1.5";"5";
"крышка для колодца 315";"5";
"крышка чугунная для колодца канализационного";"4";
"крюк для крышки колодца";"3";
"крюк для открывания крышек колодцев";"3";
"крюк для открывания крышки люка колодца";"3";
"крышка для колодца круглая купить";"3";
"конус для колодца полимерный с крышкой";"3";
"крышка для колодца своими руками";"3";
"крышка для ливневого колодца";"3";
"бетонная крышка для колодца размеры";"3";
"бетонные крышки для колодцев размеры цены";"3";
"крышки для колодцев размеры цены";"3";
"кольцо с крышкой для колодца";"3";
"крышка для колодца 500";"3";
"конусная крышка для колодца";"3";
"конусный люк для колодцев с крышкой";"3";
"ручки для крышки колодца";"3";
"крышка для колодца металл";"3";
"железобетонная крышка для колодца";"3";
"сколько стоит крышка для колодца";"3";
"крюк для открывания крышки люка колодца купить";"2";
"квадратная крышка для колодца";"2";
"кольцо для крышки колодца пластиковой";"2";
"крышка для бетонного колодца пластиковая";"2";
"крышка для дренажного колодца 315";"2";
"купить для колодца крышка чугунная";"2";
"крышка жби для колодца 1";"2";
"крышка жби для колодца 1 метр";"2";
"материалы для крышки колодца";"2";
"полимерпесчаная крышка для колодца";"2";
"крышки на колодец для воды";"2";
"крышка бетонная для колодца 1 метр вес";"2";
"крышка для колодца пластиковая 630 мм";"2";
"крышка пластиковая 630 мм для дренажного колодца";"2";
"железная крышка для колодца";"2";
"крышка для колодца 1500";"2";
"крышка для колодца деревянная купить";"2";
"крышка для колодца деревянная утепляющая";"2";
"стальная крышка для колодца";"2";
"крышка для колодца 120 см";"2";
"крышка для колодца пластиковая 120 см";"2";
"пластиковая крышка для колодца 120";"2";
"крышка для колодца полимерно песчаная";"2";
"крышка для колодца из дерева";"2";
"купить крышку для канализационного колодца";"1";
"авито крышка для колодца";"1";
"конус люк крышка для колодца";"1";
"крышка для колодца 1200";"1";
"крышка конус для колодца пластиковая";"1";
"крышка конус для колодца пластиковая с люком";"1";
"купить крышку люка для колодца чугунный";"1";
"крышка люк для колодца полимерный купить";"1";
"крышка люка полимерная для колодца";"1";
"какая крышка для колодца лучше";"1";
"крышка для колодца бетон";"1";
"крышка для колодца своими руками из дерева";"1";
"внутренняя крышка для колодца";"1";
"вторая крышка для колодца";"1";
"вторая крышка для колодца канализации";"1";
"вторые крышки для колодцев";"1";
"крышка для колодца 640 мм";"1";
"крышка для колодца 80";"1";
"крышка для колодца 800";"1";
"крышка для колодца бетонная без люка";"1";
"крышка для колодца с люком цена";"1";
"крышка для колодца с чугунным люком";"1";
"крышка жб для колодца с люком";"1";
"крышки для колодцев без люка";"1";
"удлинитель для крышки колодца";"1";
"чугунные крышки для колодцев цена";"1";
"крышка для колодца домиком";"1";
"крышка для ревизионного колодца";"1";
"крышка для большого колодца";"1";
"крышка для колодца из дерева круглая";"1";
"крышка для колодца пластик";"1";
"лотки теплотрасс";"302";
"лоток для теплотрассы";"117";
"лоток бетонный для теплотрассы";"40";
"лотки для теплотрассы размеры";"37";
"жби лотки теплотрасс";"27";
"крышка лотка теплотрассы";"18";
"плита лотка теплотрассы";"15";
"монтаж лотков теплотрассы";"13";
"лоток бетонный для теплотрассы размеры";"11";
"лоток железобетонный для теплотрассы";"11";
"трубы в лотке теплотрассы";"11";
"перекрытие лотков теплотрассы";"11";
"плиты перекрытия лотков теплотрасс";"11";
"лотки теплотрасс л";"10";
"лоток теплотрассы л 8";"10";
"ширина лотка теплотрассы";"10";
"лотки теплотрассы смета";"9";
"купить лоток для теплотрассы";"9";
"ж б лотки теплотрассы";"9";
"лотки теплотрасс гост";"9";
"монтаж лотков теплотрассы расценка";"7";
"лотки каналов теплотрасс";"7";
"вес лотка бетонного для теплотрассы";"7";
"демонтаж лотков теплотрассы";"7";
"изоляция лотков теплотрассы";"6";
"лоток теплотрассы размеры железобетонный";"6";
"лоток для теплотрассы цена";"6";
"лоток бетонный для теплотрассы с крышкой";"6";
"лоток теплотрассы л 2 8 2";"6";
"лоток под теплотрасса";"5";
"лоток теплотрассы расценка в смете";"5";
"лотки для теплотрассы размеры гост";"5";
"лотки каналов теплотрасс 300х90";"5";
"лотки теплотрасс жби шириной 750";"5";
"жб лотки теплотрасс";"5";
"лотки теплотрасс лк";"4";
"гидроизоляция лотков теплотрассы";"4";
"лотки теплотрасс серия";"4";
"установка лотков теплотрассы";"3";
"лоток жби для теплотрассы цена";"3";
"лоток теплотрассы л 1 8";"3";
"лоток теплотрассы л 1 8 2";"3";
"лотки теплотрасс серия 3.006";"3";
"лотки теплотрасс серия 3.006 2.87";"3";
"лоток ж б для теплотрасс размеры";"3";
"монтаж лотков теплотрассы расценка в смете";"3";
"прокладка лотков теплотрассы";"3";
"лотки жби для теплотрасс размеры таблица";"2";
"лоток жби для теплотрассы размеры";"2";
"размеры лотков для теплотрасс размеры таблица";"2";
"таблица лотков теплотрасс";"2";
"лоток теплотрассы л7";"2";
"демонтаж лотков теплотрассы расценка в смете";"2";
"деформационный шов в лотках теплотрассы";"2";
"крышки лотков теплотрасс размеры";"2";
"лотки для теплотрассы серия 3.006 1 2.87";"2";
"лоток железобетонный для теплотрассы серия";"2";
"лотки жби теплотрасс купить";"2";
"расстояние между трубами в лотке теплотрассы";"2";
"лоток теплотрассы угловой";"2";
"ж б лоток для теплотрассы размеры цена";"2";
"лоток теплотрассы л7 8 2";"1";
"лотки теплотрасс б у";"1";
"лоток теплотрасс л 6 8";"1";
"монтаж лотков под теплотрассу";"1";
"объем лотка теплотрассы";"1";
"серия лотки железобетонные для теплотрасс 3.006";"1";
"плиты лотков теплотрасс купить";"1";
"лотки теплотрасс бу";"1";
"крышка лотка теплотрассы купить";"1";
"лотки перекрытия теплотрасс размеры";"1";
"плита перекрытия лотка теплотрассы размеры";"1";
"плиты лотков теплотрасс размеры";"1";
"лотки жби";"401";
"лотки жби водоотводные";"130";
"жби лотки для канавы";"63";
"лоток жби водоотводной для канавы";"62";
"купить жби лотки";"37";
"лоток жби размеры";"28";
"лотки жби екатеринбург";"28";
"цена жби лотков";"20";
"жби лотки бетонные";"12";
"крышка лотка жби";"11";
"лотки жби водоотводные в арамиле";"10";
"завод жби лоток";"9";
"армейский привоз жби лоток";"9";
"кабельный лоток жби";"7";
"новоуральск жби купить бетонные лотки в канаву";"6";
"лотки водоотведения жби";"6";
"форма лотков жби";"5";
"п образный лоток жби";"4";
"жби лотки водоотводные бетонные";"4";
"плита лотков жби";"4";
"жби лоток нижний тагил";"3";
"пермь жби лотки";"3";
"жби лоток большой";"2";
"лоток л2 жби";"2";
"лоток жби своими руками";"2";
"таблица размеров лотков жби";"2";
"лоток водосточный жби";"1";
"лотки лк жби";"1";
"лоток дорожный жби";"1";
"дорожные плиты пдн";"344";
"плита дорожная пдн";"344";
"плита дорожная пдн 6000х2000х140";"102";
"плита дорожная пдн 14";"94";
"плита дорожная пдн екатеринбург";"89";
"купить плиту дорожную пдн";"63";
"плиты дорожные пдн цена";"61";
"плита дорожная пдн 6000х2000х140 цена";"50";
"плита дорожная пдн 6000х2000х140 цена екатеринбург";"49";
"плита дорожная пдн 1";"38";
"плита дорожная пдн вес";"37";
"плита дорожная пдн 6000х2000х140 вес";"21";
"плиты дорожные пдн 2 2";"20";
"плита дорожная пдн 6000х2000х140 вес 1 шт";"20";
"плита дорожная пдн 6х2";"15";
"плиты дорожные пдн б";"13";
"плиты дорожные пдн гост";"12";
"плита дорожная пдн 6 2";"12";
"плиты дорожные пдн 6";"12";
"плиты дорожные пдн размеры";"12";
"плита дорожная пдн 6000х2000х140 купить";"12";
"плиты дорожные пдн 14 купить";"12";
"плита дорожная пдн 3 2";"11";
"плита дорожная напряженная пдн 14";"8";
"плита дорожная пдн 6х2х0 14";"8";
"плиты железобетонные дорожные пдн";"8";
"вес дорожной плиты 6х2 пдн";"6";
"дорожная плита пдн 3.503 1 91";"5";
"дорожная плита пдн 5";"5";
"плиты дорожные пдн серия";"5";
"плита дорожная пдн 6000х2000х140 масса";"5";
"пдн 14 плита дорожная армирование";"4";
"плита дорожная пдн 14 вес";"4";
"плиты дорожные пдн характеристики";"4";
"плита дорожная пдн 18";"4";
"плита дорожная пдн 60.20";"3";
"плиты дорожные пдн 14 гост";"3";
"пдн 14 плита дорожная характеристики";"3";
"плита дорожная пдн 6000х2000х140 гост";"3";
"плита дорожная 1 пдн 14";"2";
"плита дорожная пдн 14 6000х2000х140";"2";
"плита дорожная пдн 6000х2000х140 мм";"2";
"плита дорожная пдн аiv";"2";
"плита дорожная пдн пдо";"2";
"плита дорожная пдн 14 размеры";"2";
"дорожная плита пдн купить в омске";"1";
"дорожные плиты пдн 6х2х 0.14 гост";"1";
"плита дорожная пдн 14 6 2";"1";
"плита дорожная пдн аv";"1";
"плиты дорожные пдн 6х2х 0.14";"1";
"плиты дорожные пдн м";"1";
"плиты дорожные пдн пдо бетон b25";"1";
"плита дорожная пдн 14 цена";"1";
"пдн атv плита дорожная";"1";
"плита дорожная напряженная пдн атv";"1";
"плита дорожная пдн 55";"1";
"плиты дорожные пдн атv 55";"1";
"плита дорожная пдн 3000х2000х140 цена";"1";
"аэродромные плиты паг";"45";
"плита аэродромная паг 14";"22";
"куплю плиты паг аэродромные";"12";
"плита аэродромная паг 18";"10";
"аэродромные плиты паг 18 купить";"7";
"плиты аэродромные паг 18 б у купить";"7";
"аэродромные плиты паг гост";"5";
"плита аэродромная паг 20";"5";
"плита аэродромная паг 14 цена";"5";
"плиты аэродромные паг цена";"5";
"аэродромные плиты паг 14 купить";"4";
"плиты аэродромные паг бу";"3";
"аэродромные плиты паг 14 купить бу";"2";
"плита аэродромная паг 14 бу";"2";
"плиты аэродромные паг бу купить";"2";
"аэродромная плита паг 14 1";"1";
"аэродромные плиты паг 14 купить в казани";"1";
"плита аэродромная паг 14 гост";"1";
"плита аэродромная паг 18 вес";"1";
"плиты аэродромного покрытия паг 14";"1";
"плиты аэродромные паг вес";"1";
"размеры аэродромных плит паг";"1";
"плиты для покрытий дорог";"16";
"плиты для покрытия дорог";"16";
"плита железобетонная для покрытий дорог";"13";
"плиты железобетонные для покрытия городских дорог";"9";
"плиты для покрытия автомобильных дорог";"3";
"плиты железобетонные для покрытия автомобильных дорог";"1";
"фундаменты дорожных знаков";"65";
"фундамент дорожного знака";"65";
"фундамент под дорожный знак";"24";
"фундамент стойки знака дорожного";"5";
"фундамент ф1 под дорожные знаки";"5";
"серия фундаменты дорожных знаков";"4";
"фундаменты дорожных знаков ф 1";"4";
"фундамент железобетонный дорожных знаков";"4";
"установка дорожных знаков фундамент";"4";
"фундамент опор дорожных знаков";"3";
"фундамент под стойку дорожного знака";"3";
"фундамент ф2 под дорожные знаки";"3";
"ф 1 фундамент под дорожные знаки";"2";
"фундамент под дорожный знак ф";"2";
"фундамент для дорожных знаков купить";"2";
"фундамент ф2 под стойки дорожных знаков";"2";
"фундамент ф2 для дорожных знаков";"2";
"фундамент дорожного знака ф2 5";"1";
"фундамент под дорожный знак серия";"1";
"фундамент дорожных знаков гост";"1";
"фундамент под дорожный знак купить";"1";
"фундаменты ф1 для дорожных знаков";"1";
"дождеприемники";"1910";
"дождеприемник";"1910";
"дождеприемник пластиковый";"163";
"дождеприемник купить";"152";
"решетка дождеприемника";"151";
"дождеприемник екатеринбург";"115";
"дождеприемник лоток";"105";
"дождеприемник чугунный";"85";
"дождеприемник круглый";"85";
"дождеприемник 300х300";"76";
"дождеприемник для водостока";"73";
"дождеприемник дм2";"70";
"дождеприемник купить в екатеринбурге";"69";
"гост дождеприемников";"67";
"дождеприемник с250";"66";
"установка дождеприемника";"61";
"дождеприемники для ливневой";"58";
"дождеприемник в125";"56";
"дождеприемник дб2";"55";
"дождеприемник аквасток";"53";
"монтаж дождеприемника";"53";
"дождеприемники для ливневой канализации";"53";
"дождеприемник большой";"51";
"дождеприемник прямоугольный";"49";
"дождеприемник дб";"48";
"дождеприемник в сборе";"46";
"дождеприемник размеры";"41";
"как установить дождеприемник";"41";
"колодец дождеприемник";"38";
"дождеприемник пластик";"36";
"дождеприемник 60 60";"36";
"дождеприемник гост 3634 2019";"36";
"дождеприемник стандартпарк";"36";
"дождеприемник 400х400";"34";
"дождеприемник 400х400 пластиковый";"34";
"дождеприемник 300х300х300";"33";
"дождеприемник пластиковый 300х300";"32";
"дождеприемник 300х300х300 мм";"32";
"дождеприемник дм2 с250";"31";
"дождеприемники в отмостке";"29";
"плита дождеприемника";"29";
"дождеприемник дб2 в125";"28";
"дождеприемник gidrolica";"28";
"дождеприемник для водостока с крыши";"27";
"дождеприемник своими руками";"27";
"дождеприемник polymax";"26";
"дождеприемник polymax basic";"26";
"дождеприемник с пластиковой решеткой";"26";
"дождеприемник пластик с решеткой";"25";
"дождеприемник металлический";"25";
"плита перекрытия дождеприемника";"23";
"дождеприемники чугунные прямоугольные";"23";
"дождеприемник 10 10";"23";
"дождеприемник черный";"22";
"дождеприемник цена";"22";
"дождеприемник дб1";"22";
"люк дождеприемник";"21";
"дождеприемник 300х300х300 мм пластик";"21";
"дождеприемник дм2 гост";"21";
"дождеприемник гидролика";"21";
"дождеприемник чугунный дб2";"20";
"дождеприемник пластиковый в сборе";"20";
"дождеприемник polymax basic пластиковый";"20";
"как правильно установить дождеприемник";"20";
"дождеприемник дм";"20";
"дождеприемник д";"19";
"дождеприемник плавающий";"19";
"как установить дождеприемник пластиковый";"19";
"дождеприемник высота";"19";
"дождеприемник дк";"18";
"дождеприемник круглый с250";"18";
"дренажный дождеприемник";"18";
"как соединить дождеприемники";"18";
"дождеприемник большой дб2";"18";
"дождеприемник прямоугольный большой";"18";
"дождеприемник 300х300х300 мм пластик с решеткой";"18";
"трап дождеприемник";"17";
"дождеприемник 200х200";"17";
"дождеприемник вчшг";"17";
"дождеприемник master 350х350х420";"17";
"дождеприемник дм1";"16";
"дождеприемники боковой";"16";
"дождеприемник стальной";"16";
"дождеприемник b125";"16";
"дождеприемник пп";"16";
"плита под дождеприемник";"16";
"дождеприемник дп";"16";
"корзина для дождеприемника";"16";
"труба под дождеприемник";"16";
"дождеприемник 300 300";"15";
"труба для дождеприемника";"14";
"лучший дождеприемник";"14";
"крышка дождеприемника";"14";
"дождеприемник polymax 300х300";"14";
"дождеприемник polymax basic пластиковый 300х300";"14";
"дождеприемник схема";"14";
"дождеприемник standartpark";"14";
"дождеприемник чугунный дб2 в125";"14";
"дождеприемник большой дб2 в125";"14";
"вода в дождеприемнике";"14";
"комплект дождеприемника";"14";
"дождеприемник оцинкованный";"14";
"решетка дождеприемника оцинкованная";"14";
"дождеприемник для ливневки";"14";
"как сделать дождеприемник";"13";
"петрович дождеприемник";"13";
"дождеприемник зимой";"13";
"соединение дождеприемника";"13";
"mch дождеприемник";"13";
"дождеприемник chudej";"13";
"дождеприемник 110";"13";
"купить дождеприемник 200х200";"13";
"дождеприемник aquadrenag";"13";
"дождеприемник дб в125";"12";
"дождеприемник дм гост";"12";
"дождеприемник дм 2";"12";
"плита перекрытия под дождеприемник";"12";
"монтаж дождеприемника для ливневой";"12";
"дождеприемник polymax basic пластиковый 300х300 h300";"12";
"купить дождеприемник пластиковый";"12";
"дождеприемник дб2 2";"12";
"дождеприемник дб2 в125 2";"12";
"дождеприемник дм2 круглый";"12";
"дождеприемник spark";"12";
"дождеприемник дм2 гост 3634 2019";"11";
"дождеприемник а15";"11";
"дождеприемник круглый гост";"11";
"дождеприемник круглый гост 3634";"11";
"как соединить трубу с дождеприемником";"11";
"решетка дождеприемника круглая";"11";
"дождеприемник s park";"11";
"дождеприемник магистральный";"11";
"дождеприемник чугун";"11";
"стандартпарк решетка дождеприемника";"11";
"дождеприемник дб1 в125";"11";
"дождеприемник дм2 прямоугольный";"11";
"дождеприемник чугунный гост";"11";
"дождеприемники для ливневки стальной";"11";
"дождеприемник бетонный";"11";
"устройство дождеприемника";"10";
"дождеприемник дм1 с250";"10";
"дождеприемник под водосточную трубу";"10";
"дождеприемник трап под водосточную трубу";"10";
"дождеприемник дб гост";"10";
"корзина дождеприемника пластиковая";"10";
"дождеприемник большой дб";"10";
"дождеприемник дм с250";"10";
"типы дождеприемников";"10";
"дождеприемник gidrolica point";"10";
"дождеприемники гост 3634 99";"10";
"дождеприемник круглый дк";"10";
"кцп 3 10 плита перекрытия дождеприемник";"10";
"квадратный дождеприемник";"10";
"дождеприемник пластик купить";"10";
"дождеприемник пластиковый 200х200";"9";
"монтаж дождеприемника для ливневой канализации";"9";
"дождеприемник расценка";"9";
"дождеприемник в сборе 300х300";"9";
"дождеприемник чугунный купить";"9";
"дождеприемник 300х300 купить";"9";
"дождеприемник водосточной с";"9";
"дождеприемник с чугунной решеткой";"9";
"как соединить дождеприемник с дренажной трубой";"9";
"дождеприемник круглый гост 3634 2019";"9";
"дождеприемник дб 2";"9";
"дождеприемник магистральный дм2";"9";
"дождеприемник магистральный дм2 с250";"9";
"установка дождеприемника в отмостке";"9";
"дождеприемник плавающий чугунный";"9";
"люк дождеприемник круглый";"8";
"дождеприемник аквасток 300х300";"8";
"как правильно установить дождеприемник пластиковый";"8";
"вес дождеприемника";"8";
"дождеприемник под 110 трубу";"8";
"решетка дождеприемника пластиковая 300х300";"8";
"дождеприемник 300х300 мм";"8";
"дождеприемник пластиковый gidrolica";"8";
"установка дождеприемника цена";"8";
"дождеприемник 250 250";"8";
"дождеприемник дм 2 с250";"8";
"дождеприемник дм2 с250 гост 3634 2019";"8";
"типы дождеприемник круглый";"8";
"дождеприемники для ливневой канализации цена";"8";
"дождеприемник дп 30.30";"8";
"дождеприемник 200х200 мм";"7";
"дождеприемник aco";"7";
"крышка дождеприемника кцп 2 10";"7";
"сом дождеприемник";"7";
"дождеприемник смета";"7";
"дождеприемник в землю";"7";
"соединение дождеприемника с лотком";"7";
"дорожный дождеприемник";"7";
"дождеприемник круглый купить";"7";
"дождеприемники для отвода воды";"7";
"отвод для дождеприемника";"7";
"дождеприемник универсальный 300х300";"7";
"надстройка дождеприемника 300х300";"7";
"дождеприемник технониколь";"7";
"решетка дождеприемника gidrolica";"7";
"дождеприемник дм1 с250 60";"7";
"дождеприемник дм2 размеры";"7";
"люки для колодцев";"539";
"люк для колодца";"539";
"купить люк для колодца";"114";
"люк полимерный для колодцев";"97";
"пластиковый люк для колодца";"70";
"чугунный люк для колодца";"70";
"люк для дренажного колодца";"42";
"люк для колодца диаметр";"38";
"люки для канализационных колодцев";"34";
"купить люк для дренажного колодца";"29";
"конус люк для колодца";"24";
"крюк для люков колодцев";"24";
"металлический люк для колодца";"23";
"купить пластиковые люки для колодцев";"22";
"люк для смотровых колодцев";"21";
"люк для колодца размеры";"20";
"люк для колодца полимерный купить";"18";
"люк бетонный для колодца";"17";
"типы люка для колодцев";"16";
"крюк для открывания люков колодцев";"16";
"люк пластиковый для дренажного колодца";"16";
"люк дно для колодцев";"15";
"люк для колодца чугунный купить";"14";
"люк для телефонных колодцев";"14";
"плиты для люков колодцев";"14";
"люк для колодца 700";"13";
"кольцо с люком для колодца";"13";
"где купить люк для колодца";"13";
"люк решетка для колодцев";"12";
"люки для колодцев гост";"12";
"люк тяжелый для колодцев";"10";
"люк для колодца цена";"10";
"кольцо под люк для колодца";"10";
"люк для дренажного колодца 400";"10";
"люк для колодца для воды";"10";
"люк для колодца с отверстиями";"10";
"люк чугунный для смотровых колодцев";"9";
"запорное устройство для люка колодца";"9";
"запорные люки для колодцев";"9";
"люк для колодца связи";"9";
"люк конусный для колодца";"8";
"перекрытие для колодца с люком";"8";
"плита перекрытия для колодца с люком";"8";
"люк для колодца 1000";"8";
"люк чугунный для канализационного колодца";"8";
"дождеприемные люки для колодцев";"8";
"люк для жб колодца";"8";
"конус с люком для колодца полимерный";"7";
"где купить крюк для вскрытия люков колодцев";"7";
"гост люки чугунные для колодцев смотровых";"7";
"люк чугунный для колодцев гост";"7";
"люк полимерный для колодцев кемерово";"7";
"сколько весит чугунный люк для канализационного колодца";"7";
"сколько весит чугунный люк для колодца";"7";
"люк с решеткой для дождеприемного колодца";"7";
"люк чугунный для дождеприемного колодца";"7";
"квадратный люк для колодца";"7";
"люк для колодца полимерный размеры";"6";
"купить люк для дренажного колодца 500";"6";
"люк полимерный для колодцев купить екатеринбург";"6";
"люк чугунный для колодцев цена";"6";
"люк чугунный с решеткой для дождеприемного колодца";"6";
"люки чугунные с решеткой для колодцев";"6";
"люк стальной для колодца";"6";
"люк чугунный для колодцев тяжелый";"5";
"диаметры чугунных люков для колодцев";"5";
"люк для колодца 800";"5";
"металлический люк для колодца купить";"5";
"кольцо под люк для колодца бетон";"5";
"жби люки для колодцев";"5";
"размеры люков для канализационных колодцев";"5";
"заход под люк для колодца";"5";
"какие бывают люки для колодцев";"5";
"конус люк для колодца полимерный екатеринбург";"5";
"люк чугунный для колодцев купить в среднеуральск";"5";
"люк для колодца пластик";"4";
"люк 1000 мм для колодца";"4";
"люк для колодца полимерный 1000 мм";"4";
"тип люка т для колодцев";"4";
"плавающий люк для колодца чугунный";"4";
"круглый люк для колодца";"4";
"размеры люков для канализационных колодцев круглые";"4";
"люк конусный для колодца купить";"3";
"полимерно песчаный люк для колодца";"3";
"люк для колодца большой";"3";
"диаметр люков для канализационных колодцев";"3";
"люк для колодца высота";"3";
"люки для колодцев гост 3634 99";"3";
"плавающий люк для колодца что это";"3";
"люк для колодца канализации";"3";
"тип люка л для колодцев";"3";
"крюк для открывания люков колодцев купить";"2";
"люк прямоугольный для колодца";"2";
"полимерные люки для колодцев прямоугольный";"2";
"диаметр полимерного люка для колодца";"2";
"конус люк для колодца полимерный диаметр";"2";
"конус люк для колодца полимерный диаметр 1000";"2";
"люк для колодца диаметром 1000";"2";
"люк для колодца тюмень";"2";
"люк конусный для колодца полимерный";"2";
"люк конусный для колодца полимерный купить";"2";
"люки для колодца какие лучше";"2";
"конусный переходник для колодцев с люком";"2";
"переходник для люка колодца";"2";
"люк для дренажного колодца чугунный";"2";
"легкие люки для колодцев";"2";
"инструмент для открытия люков колодцев";"2";
"люк для колодца 15 кн";"2";
"люк для колодца 600";"2";
"люк для колодца 600 мм";"2";
"люк железный для колодца";"2";
"пластиковый люк для канализационного колодца";"2";
"чугунный люк для колодца 600 мм";"2";
"квадратные люки для колодцев размеры пластиковые";"2";
"люк для колодца 315";"2";
"пластиковый квадратный люк для колодца";"2";
"размеры пластиковых люков для колодцев";"2";
"люк для кабельных колодцев";"2";
"люки для колодцев кабельной канализации";"2";
"конус люк для жб колодца";"2";
"люк полимерный для колодцев типы";"2";
"люк для колодца 1 метр";"1";
"уплотнитель для люка колодца";"1";
"полимерпесчаные люки для колодцев";"1";
"леруа люк для колодца";"1";
"люк для колодца полимерный купить в леруа";"1";
"люк полимерный для колодцев цена";"1";
"люк для газового колодца";"1";
"бетонное кольцо для люка колодца";"1";
"бетонные люки для колодцев купить";"1";
"герметичный люк для колодца";"1";
"купить люк для колодца из бетонных колец";"1";
"люк для ливневого колодца";"1";
"люк полимерный для колодцев квадратный";"1";
"ручка для люка колодца";"1";
"крючок для люка колодца";"1";
"крючок для открывания люков колодцев";"1";
"люк для кабельного колодца типа л";"1";
"люк для колодца водопровода";"1";
"люк для колодцев легкого типа л";"1";
"люк для телефонных колодцев легкого типа";"1";
"люк легкий для кабельных колодцев";"1";
"люки для кабельных колодцев телефонной канализации";"1";
"сколько стоит люк для колодца";"1";
"трубы железобетонные безнапорные";"29";
"трубы железобетонные безнапорные раструбные";"8";
"железобетонные трубы безнапорные 500";"5";
"трубы железобетонные безнапорные фальцевые";"5";
"труба безнапорная железобетонная 400";"4";
"труба безнапорная железобетонная куплю";"4";
"гост 6482 2011 трубы железобетонные безнапорные";"1";
"труба железобетонная безнапорная гост";"1";
"трубы железобетонные безнапорные гост 6482";"1";
"опорные подушки оп";"174";
"опорная подушка оп 2";"60";
"опорная подушка оп 1";"59";
"опорная подушка оп 4";"40";
"опорная подушка оп 1 серия";"31";
"опорная подушка оп 3";"27";
"опорная подушка оп 1 серия 3.006";"23";
"опорные подушки серии оп 3.006";"23";
"опорные подушки оп размеры";"18";
"опорная подушка оп 2 серия";"14";
"опорная подушка оп 8";"11";
"опорная подушка оп 4 4 гост екатеринбург";"10";
"оп 3 опорная подушка серия";"9";
"опорная подушка оп 4 серия";"9";
"опорная подушка оп 5";"9";
"опорная подушка оп 4 размеры";"8";
"опорная подушка оп 4.4";"8";
"опорные подушки оп 2 1";"7";
"опорная подушка оп 2 размеры";"5";
"оп 3 опорная подушка размеры";"4";
"оп 4.4 опорная подушка серия 1.225 2";"4";
"опорная подушка оп 2 объем";"3";
"опорная подушка оп 2 объем бетона";"3";
"опорная подушка оп 1 200х200х90";"3";
"купить опорные подушки оп";"3";
"опорная подушка оп 2 вес";"2";
"объем опорной подушки оп 1";"2";
"смета опорные подушки оп";"2";
"опорная подушка оп 2 купить";"2";
"опорная подушка оп 5 2";"1";
"опорная подушка оп 5 размеры";"1";
"оп 5.4 опорная подушка";"1";
"опорная подушка оп 1 купить";"1";
"опорная подушка оп 1 размеры";"1";
"опорная подушка оп 4.4 аiii";"1";
"опорная подушка оп 4.4 т";"1";
"опорная подушка оп 7";"1";
"лестничные марши жби";"8";
"лестничный марш жби";"8";
"лестничный марш жби размеры";"2";
"лестничный марш жби размеры и цена";"2";
"лестничный марш жби цена";"2";
"ступени жби";"9";
"купить жби ступени";"5";
"ступени для лестницы жби";"3";
"прогоны жби";"4";
"утяжелители убо";"48";
"утяжелитель убо 720";"10";
"утяжелители убо 1020";"8";
"утяжелитель убо 1420";"8";
"утяжелитель убо ум";"8";
"утяжелитель убо ум 1420";"6";
"убо утяжелители железобетонные";"5";
"железобетонный утяжелитель типа убо";"1";
"утяжелители железобетонные охватывающего типа убо";"1";
"утяжелители охватывающего типа убо";"1";
"утяжелители типа убо";"1";
"утяжелитель железобетонный охватывающий убо";"1";
"утяжелитель сборный железобетонный убо";"1";
"перемычки бп";"6";
"запуск бп перемычкой";"2";
"запустить бп перемычкой";"1";
"как запустить бп компьютера перемычкой";"1";
"перемычка бп компьютера";"1";
"запуск бп компа перемычкой";"1";
"перемычки пб";"111";
"перемычка пб 1";"33";
"перемычка пб 13";"23";
"перемычки пб размеры";"18";
"перемычка 2 пб";"17";
"перемычка 1 пб 13 1";"15";
"перемычки 3 пб";"14";
"брусковые перемычки пб";"13";
"перемычка пб 1 размеры";"11";
"перемычка 2 пб 13 1";"9";
"перемычка 1 пб 16 1";"8";
"перемычка 8 пб";"8";
"перемычки пб серия";"5";
"перемычка 1 пб 10 1";"5";
"перемычки 10 пб";"5";
"вес перемычек пб";"5";
"перемычка железобетонная брусковая пб";"4";
"перемычки железобетонные пб";"4";
"перемычка пб 18";"4";
"перемычка 4 пб";"4";
"перемычка пб 22";"4";
"перемычки пб серия 1.038 1 1";"4";
"перемычка 2 пб 13 1 п";"4";
"перемычка 3 пб 13 37";"3";
"перемычка пб 13 37";"3";
"1 пб 13 1 перемычки размеры";"3";
"перемычка 2 пб 16 2";"2";
"перемычка 2 пб 17 2";"2";
"перемычка 2 пб 17 3";"2";
"перемычка 2 пб 22 3";"2";
"перемычка 3 пб 18 37";"2";
"перемычка пб 18 37";"2";
"перемычки 3 пб 18";"2";
"перемычки пб 5";"2";
"перемычка 3 пб 16 37";"2";
"перемычки пб 16 37";"2";
"перемычка пб 19";"2";
"перемычка пб 19 3";"2";
"перемычки 3 пб размеры";"2";
"перемычки 8 пб размеры";"2";
"перемычка 2 пб 10 1";"2";
"перемычки пб 13 1п";"1";
"перемычка 5 пб 25 37";"1";
"перемычки 2 пб размеры";"1";
"перемычки пб цена";"1";
"перемычки пб купить";"1";
"объем перемычек пб";"1";
"опоры св";"388";
"опора св";"388";
"опора св 110";"132";
"опора св 95";"103";
"опора св 5";"88";
"опора св 110 5";"72";
"стойки опор св";"58";
"опора св 3";"53";
"опора веста св";"47";
"стойка опоры св 110";"34";
"опора св 95 3";"33";
"опоры железобетонные св";"31";
"опора св 105";"31";
"ж б опоры св";"29";
"опора св купить";"29";
"опора св цена";"28";
"стойка опора св 110 5";"27";
"вес опоры св";"25";
"опоры лэп св";"25";
"опора св 110 цена";"23";
"опора св 164";"22";
"ж б опоры св 110";"21";
"типы опор св";"20";
"размеры опор св";"19";
"опора лэп св 110 5";"19";
"опоры лэп св 110";"19";
"опоры лада веста св кросс";"18";
"опоры св характеристики";"16";
"опора св 2";"16";
"опора св 95 2";"15";
"опора св 110 3";"15";
"опора св 105 5";"15";
"опора железобетонная св 95";"14";
"опора св 110 3 5";"13";
"стойки опор лэп св";"13";
"опора св 95 3 екатеринбург";"13";
"шаровая опора веста св кросс";"12";
"шаровая опора св кросс";"12";
"опора св 110 вес";"12";
"стойка опоры лэп св 110";"11";
"опоры св 95 110";"11";
"ж б опора св 110 цена";"11";
"веста кросс св опора двигателя";"11";
"размер опоры св 110";"11";
"опора св 110 купить";"11";
"стойка опоры св 110 3";"10";
"опора св 110 5 купить";"9";
"опора св 12";"9";
"опора св 164 12";"9";
"стойка опоры св 164";"9";
"стойка опоры св 164 12";"9";
"опора св 105 3";"9";
"опора стойки веста св кросс";"9";
"опора стойки лада веста св кросс";"9";
"опора св 95 5";"9";
"размеры опоры св 110 5";"8";
"опоры лэп св купить";"8";
"стойка опоры св 110 3 5";"8";
"опора железобетонная св 110";"8";
"опора св 6";"8";
"установка опор св";"8";
"опора передней стойки веста кросс св";"8";
"опора передней стойки веста св";"8";
"опора передней стойки лада веста св";"8";
"опора передней стойки лада веста св кросс";"8";
"передние опоры лада веста св кросс";"8";
"опора св 95 3 екатеринбург элект строй";"7";
"опора амортизатора веста св кросс";"7";
"опора св 95 купить";"7";
"св 110 5 стойки опоры для лэп";"7";
"опора типа св 110";"7";
"вес опоры св 95";"7";
"опора лэп св 95";"7";
"опоры жб св";"7";
"шаровая опора лада веста св";"6";
"шаровые опоры лада веста св кросс";"6";
"опора св 22";"6";
"жби опоры св";"6";
"опора св 95 характеристики";"6";
"вес опоры св 110 5";"6";
"опора железобетонная св 164 12";"5";
"опора освещения св";"5";
"опоры серии св";"5";
"производители опор св";"5";
"опора св 95 3 5";"5";
"опора типа св 95";"5";
"опоры железобетонные св 95 3";"5";
"передние опоры амортизаторов веста св";"5";
"купить жби опоры нижний тагил св 95";"5";
"опора св 100";"4";
"опора св 110 3 5 цена";"4";
"опора св 110 3 цена";"4";
"опора св 110 5 цена";"4";
"стойка опоры св 110 5 цена";"4";
"опора ж б св 95";"4";
"бетонная опора св";"4";
"железобетонная опора св 5";"4";
"опора железобетонная св 110 5";"4";
"анкерная опора св";"4";
"купить опору св 105";"4";
"опора вл св 110";"4";
"опора освещения св 110";"4";
"опора освещения св 110 5";"4";
"опора освещения св 95";"4";
"опора освещения св 95 3";"4";
"опора св 105 5 купить";"4";
"опора св 164 характеристики";"4";
"опора св 105 3 5";"4";
"стойка опоры св 105";"4";
"опора св 105 3 6";"4";
"купить опоры св кросс веста";"4";
"опоры передних стоек веста св кросс купить";"4";
"размер опоры св 95";"4";
"замена шаровой опоры веста св кросс";"4";
"замена шаровой опоры лада веста св кросс";"4";
"нижняя опора веста св кросс";"3";
"опора ж б св 110 5";"3";
"сколько весит опора св 95";"3";
"длина опоры св";"3";
"длина опоры св 110";"3";
"масса опоры св 110";"3";
"опора св 164 20";"3";
"опора ж б св 105";"3";
"опора лэп св 95 2";"3";
"опора св 110 характеристики";"3";
"опора св гост";"3";
"стойка опора св 95 3";"3";
"стойка опора св 95 5";"3";
"стойка опоры св 95 3 5";"3";
"стойки опор св 95";"3";
"св 9 опора";"3";
"опора св 95 3 вес";"3";
"опора св 95 м3";"3";
"опора св 95 цена";"3";
"опоры бетонные св 95";"3";
"установка опоры св 95";"3";
"опора жб св 110";"3";
"опоры лэп железобетонные св";"3";
"опора св 110 установка";"3";
"опора двигателя веста св кросс 1.8";"2";
"опоры двигателя веста 1.8 св";"2";
"опора св 95 3с";"2";
"шаровая опора веста св кросс 1.8";"2";
"опора ж б св 95 2";"2";
"опоры железобетонные св купить";"2";
"анкерная опора св 110";"2";
"опора амортизатора лада веста св кросс";"2";
"опора жб св 95";"2";
"опора св 1";"2";
"опора св 1 5";"2";
"опора св 110 1";"2";
"опора св 164 20 характеристики";"2";
"стойка опоры св 110 5 вес";"2";
"схема опор св 110";"2";
"вес опоры св 105";"2";
"св 95 диаметр опоры";"2";
"заземление опоры св";"2";
"опора св 95 заземление";"2";
"опора св 10";"2";
"монтаж опор св 110";"2";
"монтаж опоры св";"2";
"шаровая опора на весту св";"2";
"вес жб опоры св 110";"2";
"железобетонная опора св 95 5";"2";
"опоры лэп железобетонные св 95";"2";
"опора железобетонная св 110 вес";"1";
"опора св 95 3 характеристики";"1";
"опора бетонная св 110";"1";
"опора железобетонная св 110 цена";"1";
"опора железобетонная св 164 20";"1";
"опора св 130";"1";
"вес опоры св 105 5";"1";
"вес опоры св 110 ж б";"1";
"длина опоры св 95";"1";
"жб опора св 110 5";"1";
"железобетонная опора св 105";"1";
"марки опор св";"1";
"опора жб св 95 3";"1";
"опора св 1 2";"1";
"опора св 105 3 5 вес";"1";
"опора св 110 3.5";"1";
"опора св 95 1";"1";
"опора св 95 2 характеристики";"1";
"опора св 95 3 размеры";"1";
"опора св завод";"1";
"опора св технические характеристики";"1";
"опоры жб св 95 2";"1";
"опоры марки св 95";"1";
"опоры св 110 2";"1";
"опоры св расшифровка";"1";
"опоры св фото";"1";
"св 164 опора жб характеристики";"1";
"св 95 опора технические характеристики";"1";
"шаровая опора лада веста св кросс артикул";"1";
"опора св 9 5";"1";
"опора св 95 20";"1";
"опора железобетонная св 95 цена";"1";
"опора св сертификат";"1";
"сколько весит опора св 110";"1";
"размеры опоры св 105";"1";
"опора св 110 5 установка";"1";
"опоры лэп жби";"17";
"опора лэп жби";"17";
"опоры лэп жби астрахань";"7";
"купить опору лэп жби";"5";
"вес опоры лэп 9 метров жби";"1";
"тротуарная плитка";"28847";
"тротуарная плитка купить";"6195";
"тротуарная плитка екатеринбург";"4154";
"укладка тротуарной плитки";"2238";
"тротуарная плитка купить в екатеринбурге";"2018";
"тротуарная плитка цена";"1260";
"тротуарная плитка своими руками";"1236";
"сколько тротуарной плитки";"794";
"тротуарная плитка 300х300х30";"770";
"тротуарная плитка под";"734";
"какая тротуарная плитка";"724";
"тротуарная плитка нижний";"695";
"тротуарная плитка тагил";"681";
"форма для тротуарной плитки";"668";
"тротуарная плитка недорого";"652";
"тротуарная плитка купить недорого";"638";
"тротуарная плитка нижний тагил";"620";
"швы тротуарной плитки";"573";
"тротуарная плитка город";"543";
"как укладывать тротуарную плитку";"525";
"поревит тротуарная плитка";"520";
"екатеринбург недорогая тротуарная плитка";"501";
"плитка тротуарная купить в екатеринбурге недорого";"498";
"тротуарная плитка как правильно";"491";
"плитка тротуарная 500х500х50";"488";
"бетонная тротуарная плитка";"458";
"старая тротуарная плитка";"451";
"бордюр для тротуарной плитки";"441";
"песок для тротуарной плитки";"440";
"тротуарная плитка фото";"433";
"храбрая тротуарная плитка";"425";
"ложу плитку тротуарную";"410";
"кладу тротуарную плитку";"409";
"плитка тротуарная сера";"405";
"тротуарная плитка серая";"405";
"тротуарная плитка области";"404";
"тротуарная плитка старый город";"400";
"тротуарная плитка свердловская область";"390";
"бехатон тротуарная плитка";"390";
"тротуарная плитка от производителя";"364";
"тротуарная плитка дома";"358";
"ольховка тротуарная плитка";"353";
"тротуарная плитка тагил купить";"339";
"купить тротуарную плитку от производителя";"333";
"квадратная тротуарная плитка";"328";
"тротуарная плитка кирпич";"328";
"как сделать тротуарную плитку";"325";
"тротуарная плитка 30 30";"325";
"укладка тротуарной плитки своими руками";"324";
"стоит тротуарная плитка";"320";
"вес тротуарной плитки";"313";
"тротуарная плитка каменск";"304";
"тротуарная плитка уральская";"303";
"екатеринбург купить тротуарную плитку от производителя";"303";
"сколько стоит тротуарная плитка";"302";
"завод тротуарной плитки";"298";
"плитка тротуарная 300 300";"297";
"тротуарная плитка каменск уральский";"295";
"тротуарная плитка арамиль";"294";
"тротуарная плитка сайт";"294";
"полимерная тротуарная плитка";"280";
"пластиковая тротуарная плитка";"277";
"производители тротуарной плитки в екатеринбурге";"276";
"тротуарная плитка купить недорого от производителя";"275";
"тротуарная плитка недорого от производителя";"275";
"размер тротуарной плитки";"274";
"лучшая тротуарная плитка";"269";
"тротуарная плитка м2";"265";
"тротуарная плитка 8";"263";
"изготовление тротуарной плитки";"262";
"тротуарная плитка бу";"261";
"тротуарная плитка официальный";"260";
"квадратный метр тротуарной плитки";"259";
"тротуарная плитка кирпичик";"259";
"тротуарная плитка официальный сайт";"251";
"тротуарная плитка 1";"249";
"форма для тротуарной плитки купить";"247";
"смесь для тротуарной плитки";"242";
"между тротуарной плиткой";"238";
"стоимость тротуарной плитки";"237";
"тротуарная плитка 400х400х50";"235";
"можно ли тротуарную плитку";"233";
"тротуарная плитка домашняя";"233";
"как класть тротуарную плитку";"232";
"толщина тротуарной плитки";"229";
"плитка тротуарная купить в нижнем";"227";
"пошаговая тротуарная плитка";"226";
"тротуарная плитка в домашних условиях";"224";
"раствор для тротуарной плитки";"223";
"производство тротуарной плитки";"221";
"авито тротуарная плитка";"220";
"белая тротуарная плитка";"218";
"укладка тротуарной плитки цена";"217";
"песок для швов тротуарной плитки";"217";
"тротуарная плитка во дворе";"213";
"тротуарная плитка екатеринбурге цена";"211";
"тротуарная плитка 40 40";"210";
"тротуарная плитка купить свердловская область";"209";
"купить тротуарную плитку в нижнем тагиле";"205";
"тротуарная плитка где";"199";
"плитка тротуарная цена за штуку";"197";
"как правильно укладывать тротуарную плитку";"196";
"пошаговая тротуарная плитка своими руками";"194";
"тротуарная плитка купить цена";"193";
"тротуарной плитки инструкция";"189";
"тротуарная плитка пошаговая инструкция";"188";
"как уложить тротуарную плитку своими руками";"186";
"тротуарная плитка калифорния";"181";
"как положить тротуарную плитку";"176";
"тротуарная плитка бу купить";"173";
"цвет тротуарной плитки";"173";
"тротуарная плитка своими руками пошаговая инструкция";"172";
"тротуарная плитка 8 кирпичей";"169";
"пропорции для тротуарной плитки";"167";
"тротуарная плитка 300х300х30 купить";"167";
"плитка тротуарная цена за м2";"167";
"полимерпесчаная тротуарная плитка";"163";
"тротуарная плитка коричневая";"163";
"тротуарная плитка видео";"163";
"тротуарная плитка клевер";"162";
"тротуарная плитка 50х50";"161";
"тротуарная плитка брусчатка";"159";
"песчаные тротуарные плитки";"155";
"купить бехатон плитку тротуарную";"155";
"где купить тротуарную плитку";"154";
"плитка тротуарная 30х30";"152";
"рисунок тротуарной плитки";"149";
"тротуарная плитка берит";"149";
"бехатон тротуарная плитка екатеринбург";"148";
"авант тротуарная плитка";"147";
"тротуарная плитка 100 100";"146";
"тротуарная плитка без";"145";
"плитка тротуарная 500х500х50 купить";"145";
"тротуарная плитка тучка";"142";
"пошаговая укладка тротуарной плитки";"141";
"храбрая тротуарная плитка екатеринбург";"141";
"бехатон тротуарная плитка екатеринбург купить";"141";
"тротуарная плитка уральск";"139";
"белая река плитка тротуарная";"139";
"река плитка тротуарная";"139";
"сом плитка тротуарная";"139";
"какая тротуарная плитка лучше";"136";
"плитка тротуарная первоуральск";"136";
"вибростол для тротуарной плитки";"134";
"укладка тротуарной плитки своими руками пошаговая";"134";
"тротуарная плитка 40х40";"133";
"тротуарную плитку на песок своими руками";"132";
"тротуарная плитка 80 80";"131";
"пошаговая инструкция укладки тротуарной плитки";"130";
"тротуарная плитка район";"128";
"тротуарная плитка березовский";"128";
"тротуарная плитка пышма";"128";
"тротуарная плитка екатеринбург белая";"127";
"частные дворы тротуарной плитки";"126";
"цемент для тротуарной плитки";"125";
"тротуарная плитка технология";"125";
"белая река екатеринбург тротуарная плитка";"124";
"тротуарная плитка укладка своими руками инструкция";"123";
"укладка плитки тротуарной своими руками пошаговая инструкция";"123";
"тротуарная плитка цена за метр";"123";
"купить плитка город тротуарная";"123";
"тротуарная плитка екатеринбург официальный сайт";"122";
"сколько весит тротуарная плитка";"120";
"тротуарная плитка для дачи";"118";
"плитка тротуарная полимерная купить";"118";
"тротуарная плитка 200 200";"117";
"вибропрессованная тротуарная плитка";"117";
"гаммаплит тротуарная плитка";"117";
"укладка тротуарной плитки в екатеринбурге";"117";
"купить песок для тротуарной плитки";"116";
"полимерный песок для тротуарной плитки";"116";
"поревит тротуарная плитка екатеринбург";"116";
"цена тротуарной плитки за квадратный";"115";
"как правильно тротуарную плитку своими руками";"113";
"тротуарная плитка во дворе дома";"113";
"м плитка тротуарный";"112";
"укладка тротуарной плитки на песок";"112";
"самому тротуарную плитку";"112";
"тротуарная плитка квадрат";"111";
"цена тротуарной плитки за квадратный метр";"110";
"кв тротуарной плитки";"110";
"тротуарная плитка во дворе частного дома";"109";
"стоимость укладки тротуарной плитки";"109";
"черная тротуарная плитка";"109";
"укладка тротуарной плитки за м2";"109";
"тротуарная плитка для дорожек";"109";
"укладка тротуарной плитки квадратный";"108";
"купить тротуарную плитку в каменске";"108";
"купить тротуарную плитку в каменске уральском";"108";
"купить тротуарную плитку в каменском";"108";
"озон тротуарная плитка";"108";
"тротуарная плитка верхняя пышма";"107";
"тротуарная плитка катушка";"107";
"установка тротуарной плитки";"107";
"отмостка из тротуарной плитки";"107";
"тротуарная плитка см";"107";
"новая тротуарная плитка";"106";
"тротуарная плитка нова";"106";
"тротуарная плитка на бетонное основание";"105";
"магазин тротуарной плитки";"105";
"вибропрессованная плитка";"189";
"вибропрессованная плитка купить";"36";
"размеры вибропрессованной плитки";"29";
"купить вибропрессованную тротуарную плитку";"27";
"плитка вибропрессованная тротуарная форма";"25";
"вибропрессованная тротуарная плитка размеры";"19";
"тротуарная плитка вибропрессованная екатеринбург";"16";
"плитка бетонная вибропрессованная";"15";
"плитка вибролитая или вибропрессованная";"14";
"вибропрессованная тротуарная плитка завод";"10";
"вибропрессованная тротуарная плитка завод гранит";"10";
"завод вибропрессованной плитки";"10";
"плитка тротуарная вибропрессованная 300х300х60";"9";
"вибропрессованная плитка какой";"8";
"плитка вибропрессованная квадрат";"8";
"плитка вибропрессованная тротуарная форма прямоугольник";"8";
"тротуарная плитка вибролитая вибропрессованная";"7";
"тротуарная плитка вибропрессованная купить в екатеринбурге";"7";
"гост вибропрессованная плитка";"7";
"плитка вибропрессованная тротуарная форма квадрат";"7";
"плитка тротуарная армированная вибропрессованная купить в екатеринбурге";"6";
"лучшая вибропрессованная плитка";"4";
"укладка вибропрессованной плитки";"3";
"вибропрессованная тротуарная плитка производители";"3";
"плитка вибропрессованная производитель";"3";
"плитка бетонная тротуарная вибропрессованная";"3";
"плитка вибропрессованная 500 500";"3";
"плитка вибропрессованная 60 мм";"3";
"плитка вибропрессованная farbstein";"3";
"стоимость плитки вибропрессованной";"3";
"плитка вибропрессованная тротуарная 300х200х40 мм";"3";
"вибропрессованная плитка своими руками";"2";
"плитка вибропрессованная брусчатка";"2";
"какая плитка лучше вибролитая или вибропрессованная";"2";
"вибролитая или вибропрессованная плитка что выбрать";"2";
"вибропрессованная тротуарная плитка или вибролитая какая";"2";
"вибропрессованная тротуарная плитка лучше";"2";
"плитка вибропрессованная тротуарная сертификат";"2";
"вибропрессованная тротуарная плитка цена";"2";
"плитки вибропрессованные цена";"2";
"вибропрессованная тротуарная плитка старый город";"1";
"какая плитка лучше литая или вибропрессованная";"1";
"вибропрессованная или литая тротуарная плитка";"1";
"вибропрессованная плитка 400 на 400";"1";
"купить плитку вибропрессованную 300х300х60";"1";
"плитка вибропрессованная 40х40";"1";
"плитка вибропрессованная тротуарная 40х40";"1";
"что лучше вибропрессованная или вибролитая тротуарная плитка";"1";
"плитка тротуарная от вибропрессованной отличия";"1";
"какая плитка лучше полимерпесчаная или вибропрессованная";"1";
"какая тротуарная плитка лучше вибролитая или вибропрессованная";"1";
"вибролитая и вибропрессованная тротуарная плитка отличие";"1";
"вибролитая плитка";"84";
"вибролитые плитки";"84";
"вибролитая тротуарная плитка";"52";
"тротуарная плитка вибролитая 300х300х30 мм";"11";
"тротуарная плитка вибролитая гладкая 300х300х30 мм серая";"9";
"вибролитая тротуарная плитка купить";"4";
"купить плитку вибролитую";"4";
"вибролитая бетонная плитка";"1";
"производство вибролитой плитки";"1";
"вибролитая тротуарная плитка отзывы";"1";
"тактильная плитка";"712";
"тактильная плитка бетонная";"106";
"тактильная плитка купить";"90";
"тактильная плитка екатеринбург";"76";
"тактильная плитка желтая";"68";
"рифы тактильной плитки";"52";
"тактильная плитка конусами";"45";
"гранитная тактильная плитка";"44";
"тактильная плитка пвх";"40";
"тактильная плитка 500 500";"33";
"тактильная плитка линейная";"30";
"тактильная тротуарная плитка";"30";
"плитка тактильная 500х500х50";"28";
"тактильная плитка 500х500";"27";
"цвет тактильной плитки";"27";
"тактильная плитка цена";"27";
"тактильная плитка купить в екатеринбурге";"23";
"тактильная плитка для инвалидов";"22";
"тактильная плитка желтая конус";"21";
"плитка тактильная конус линейный";"21";
"тактильная плитка гост";"20";
"тактильная плитка 50 50";"18";
"тактильная плитка пу";"17";
"где тактильную плитку";"17";
"клей для тактильной плитки";"16";
"тактильная плитка 500 500 50";"16";
"тактильная плитка полосы";"16";
"плитка тактильная 300х300";"15";
"тактильная плитка желтого цвета";"15";
"тактильная плитка препятствие";"15";
"тактильная плитка продольная";"15";
"направление тактильной плитки";"15";
"тактильная плитка 300 300";"14";
"конусообразная тактильная плитка";"12";
"тактильная плитка конусообразный риф";"12";
"тактильная плитка бетонная купить";"12";
"купить тактильную плитку желтую";"11";
"плитка тактильная бетонная желтая";"11";
"тактильная плитка для чего нужна";"11";
"тактильная плитка преодолимое препятствие";"11";
"плитка тактильная поле";"11";
"тактильная плитка пу конус";"11";
"тактильная плитка размеры";"11";
"тактильная плитка линейные рифы";"11";
"гост тактильной плитки 2018";"10";
"тактильная плитка 2018";"10";
"тактильная плитка внимание";"10";
"плитка тактильная пу конус линейный";"10";
"тактильная плитка 300х300х50";"10";
"купить плитку тактильную пвх";"10";
"тактильная плитка полиуретан";"10";
"пандус тактильная плитка";"10";
"конусная тактильная плитка";"10";
"пластиковая тактильная плитка";"10";
"тактильная плитка внимание препятствие";"9";
"тактильная плитка поле внимания";"9";
"тактильная плитка керамогранит";"9";
"плитка тактильная преодолимое препятствие конусы линейные";"9";
"тактильная бетонная плитка екатеринбург";"9";
"полиуретановой тактильной плитки";"8";
"тактильная плитка конусы бетонная";"8";
"бетонная тактильная плитка 500х500х50";"8";
"тактильная плитка 300х300 мм";"8";
"тактильная плитка расположение";"8";
"тактильная плитка направление движения";"8";
"гранитная тактильная плитка 500х500 цена";"7";
"тактильная плитка 500х500х80";"7";
"клей двухкомпонентный для тактильной плитки";"7";
"гост р тактильная плитка";"7";
"тактильная плитка бетонная цена";"7";
"металлические тактильные плитки";"7";
"плитка тротуарная тактильная желтая";"7";
"тактильная плитка 500х500х50 желтая";"7";
"тактильная плитка гост 52875";"7";
"тактильная плитка гост 52875 2018";"7";
"плитка тактильная 300х300 мм пвх";"7";
"тактильная плитка пвх 300х300";"7";
"высота тактильной плитки";"7";
"тактильная плитка тпу";"7";
"тактильная плитка конусный риф";"7";
"тактильная плитка на крыльце";"6";
"тактильная плитка для улицы";"6";
"тактильно контрастная плитка";"6";
"тактильная плитка 30 30";"6";
"шахматная тактильная плитка";"6";
"толщина тактильной плитки";"5";
"двухкомпонентный полиуретановый клей для тактильной плитки";"5";
"клей полиуретановый для тактильных полиуретановых плиток";"5";
"бетонная тактильная плитка 500х500х50 желтая";"5";
"полимерная тактильная плитка";"5";
"полимерно песчаная тактильная плитка";"5";
"расценка тактильная плитка";"5";
"тактильная бетонная плитка тендер";"5";
"тактильная плитка 500 500 80";"5";
"тактильная плитка 500х500х50 мм";"5";
"тактильная плитка 80";"5";
"тактильная плитка гост р 52875 2018";"5";
"тактильная плитка расценка в смете";"5";
"тактильная плитка смета";"5";
"тактильная плитка перед пандусом";"5";
"сп тактильная плитка";"5";
"как укладывать тактильную плитку";"5";
"тактильная плитка как правильно уложить";"5";
"тактильная плитка dwg";"5";
"установка тактильной плитки";"5";
"гранитная тактильная плитка 500х500х80 цена";"5";
"тактильная плитка 500 500 мм";"5";
"тактильная плитка брусяны";"5";
"тактильная плитка конус шахматный";"4";
"тактильная керамическая плитка";"4";
"тактильная плитка конус в ряд";"4";
"вес тактильной плитки";"4";
"тактильная плитка лобас";"4";
"тактильная плитка пвх конус";"4";
"окпд 2 тактильная плитка";"4";
"виды тактильной плитки";"4";
"плитка тактильная бетонная 500х500х50 мм";"4";
"тактильная напольная плитка";"4";
"тактильная плитка 500 500 бетонная";"4";
"тактильная плитка бетонная 500х500х50 мм желтая";"4";
"тактильная плитка челябинск";"4";
"тактильная плитка с продольными рифами";"4";
"тип тактильной плитки";"4";
"тактильная плитка бетон";"4";
"тактильная плитка перед дверью";"4";
"тактильная плитка для помещений";"4";
"производитель тактильной плитки";"4";
"плитка тактильная полимерпесчаная";"3";
"плитка тротуарная тактильная 500х500х50";"3";
"тактильные плитки усеченные конусы";"3";
"плитка тактильная контрастная со сменными рифами";"3";
"плитка тактильная со сменными рифами";"3";
"формы для тактильной плитки";"3";
"устройство тактильной плитки";"3";
"тактильная плитка 300 300 желтая";"3";
"тактильная плитка конус 300 300";"3";
"тактильная плитка на входе";"3";
"тактильная плитка пвх желтая";"3";
"бетонная тактильная плитка продольный риф";"3";
"купить тактильную плитку 300х300";"3";
"рельефная тактильная плитка";"3";
"тактильная плитка купить в москве";"3";
"тактильная плитка москва";"3";
"плитка пвх тактильная размером 300х300";"3";
"плитка тактильная пвх толщина";"3";
"размеры тактильной плитки пвх";"3";
"фото тактильных плиток";"3";
"где устанавливается тактильная плитка";"3";
"тактильная плитка наклейка";"3";
"тактильная плитка 500х500 мм";"3";
"тактильная плитка движение прямо";"3";
"тактильная плитка перед входом";"3";
"требования по тактильной плитке";"3";
"купить плитку тактильную 300 300";"3";
"клей для тактильной плитки для улицы";"2";
"пластфактор тактильная плитка";"2";
"тактильная плитка на тротуаре";"2";
"стоимость тактильной плитки";"2";
"плитка тактильная конус в линейном порядке";"2";
"клей для тактильной плитки пвх";"2";
"нормы тактильной плитки";"2";
"доступная среда тактильная плитка";"2";
"плитка тактильная 300х300 конусы";"2";
"тактильная плитка пвх конус линейный";"2";
"тактильная плитка ретайл";"2";
"бетонная тактильная плитка 300х300х50";"2";
"конус риф линейный тактильная плитка";"2";
"купить клей для тактильной плитки";"2";
"плитка тактильная 300х300 желтая";"2";
"плитка тактильная 300х300 желтая купить";"2";
"плитка тактильная направление движения полоса";"2";
"плитки тактильные для полов";"2";
"предупреждающие тактильные плитки";"2";
"тактильная плитка для инвалидов желтая";"2";
"тактильная плитка для инвалидов желтая купить";"2";
"тактильная плитка для слабовидящих";"2";
"тактильная плитка на переходе";"2";
"тактильная плитка непреодолимое препятствие";"2";
"тактильная плитка прямой риф";"2";
"тактильные плитки для инвалидов купить";"2";
"укладка тактильной плитки";"2";
"что значит тактильная плитка";"2";
"тактильная плитка схемы";"2";
"тактильная плитка для мгн";"2";
"ширина тактильной плитки";"2";
"купить тактильную плитку 500х500х50";"2";
"сколько стоит тактильная плитка";"2";
"тактильная плитка для чего она предназначена";"2";
"тактильная плитка пешеходный переход";"2";
"тактильная плитка шахматный порядок";"1";
"плитка тактильная конус в ряд пвх";"1";
"тактильная плитка 300 300 50";"1";
"тактильная плитка пвх желтый конус";"1";
"значение тактильной плитки";"1";
"тактильные плитки для слепых";"1";
"керамогранитная тактильная плитка";"1";
"материал тактильной плитки";"1";
"бетонная тактильная плитка линейный конус";"1";
"вертикаль тактильная плитка";"1";
"как укладывается тактильная плитка для инвалидов";"1";
"полимерпесчаная плитка";"584";
"полимерпесчаная плитка купить";"193";
"полимерпесчаная плитка екатеринбург";"98";
"полимерпесчаная плитка купить в екатеринбурге";"78";
"полимерпесчаная тротуарная плитка купить";"73";
"тротуарная полимерпесчаная плитка екатеринбург купить";"48";
"плитка полимерпесчаная 330х330";"41";
"укладка полимерпесчаной плитки";"34";
"купить полимерпесчаную плитку на валдбирисе";"26";
"плитка полимерпесчаная уличная";"24";
"плитка полимерпесчаная серая";"22";
"плитка полимерпесчаная 330х330х20";"20";
"полимерпесчаная плитка авито";"18";
"полимерпесчаная плитка верхний тагил";"15";
"плитка садовая полимерпесчаная";"15";
"полимерпесчаная плитка для садовых дорожек";"15";
"полимерпесчаная плитка своими руками";"13";
"какую полимерпесчаную плитку";"13";
"полимерпесчаная плитка на бетон";"12";
"полимерпесчаная плитка как укладывать";"10";
"полимерпесчаная плитка хорошо";"10";
"полимерпесчаная плитка что это за материал";"10";
"авито верхний тагил купить полимерпесчаную плитку";"10";
"плитка тротуарная полимерпесчаная 330х330х20";"9";
"плитка тротуарная полимерпесчаная 330х330х20 мм";"9";
"полимерпесчаная плитка омск";"9";
"укладка полимерпесчаной плитки своими руками";"9";
"плитка полимерпесчаная 330х330х20 мм купить";"9";
"полимерпесчаная плитка на бетонное основание";"8";
"полимерпесчаная плитка отзывы";"8";
"авито екатерю купить полимерпесчаную плитку";"7";
"полимерпесчаная плитка купить в каменске уральском";"7";
"укладка полимерпесчаной плитки на бетонное основание";"7";
"полимерпесчаная плитка производство";"7";
"плитка тротуарная полимерпесчаная 250х250х20";"7";
"полимерпесчаная плитка на фанеру";"6";
"полимерпесчаная плитка цена";"6";
"клей для полимерпесчаной плитки";"6";
"купить полимерпесчаная плитка в омске";"5";
"плитка тротуарная полимерпесчаная 250х250х20 мм";"5";
"плитка тротуарная полимерпесчаная купить в омске";"5";
"полимерпесчаная плитка от производителя";"5";
"полимерпесчаная плитка гладкая купить екатеринбург";"5";
"полимерпесчаная плитка для лестницы";"5";
"полимерпесчаная плитка обзор";"5";
"вес полимерпесчаной плитки";"4";
"плитка полимерпесчаная 330х330х35";"4";
"укладка полимерпесчаной плитки на бетон";"4";
"плитка полимерпесчаная 250х250х20 купить";"4";
"какая плитка лучше бетонная или полимерпесчаная";"4";
"полимерпесчаная плитка или бетонная";"4";
"полимерпесчаная тротуарная плитка отзывы";"4";
"плитка полимерпесчаная тротуарная садовая";"4";
"как сделать полимерпесчаную плитку";"3";
"плитка полимерпесчаная 330x330x35 мм";"3";
"плитка полимерпесчаная коричневая";"3";
"плитка полимерпесчаная в нижнем";"3";
"плитка полимерпесчаная купить нижний";"3";
"какая плитка лучше полимерпесчаная или бетонная тротуарная";"3";
"плитка садовая полимерпесчаная купить";"3";
"полимерпесчаная плитка для садовых дорожек купить";"3";
"плитка полимерпесчаная производителя купить";"3";
"полимерпесчаная плитка узкая";"3";
"как делают полимерпесчаную плитку";"2";
"как правильно укладывать полимерпесчаную плитку";"2";
"монтаж полимерпесчаной плитки";"2";
"полимерпесчаная плитка для крыльца";"2";
"полимерпесчаная плитка для ступеней";"2";
"полимерпесчаная плитка для ступеней крыльца";"2";
"полимерпесчаная плитка раствор";"2";
"укладка полимерпесчаной плитки на раствор";"2";
"чем покрасить полимерпесчаную плитку";"2";
"полимерпесчаные плитки 30 30";"2";
"полимерпесчаная тротуарная плитка как кладут";"2";
"на что клеить полимерпесчаную плитку";"2";
"дорожка из полимерпесчаной плитки";"2";
"укладка полимерпесчаной плитки своими руками пошаговая";"2";
"полимерпесчаная плитка как укладывать на бетон";"2";
"плитка полимерпесчаная 330 330 20";"2";
"полимерпесчаная плитка 330 330";"2";
"полимерпесчаная плитка размеры";"2";
"бордюр для полимерпесчаной плитки";"2";
"бордюр для тротуарной плитки полимерпесчаный";"2";
"плитка тротуарная полимерпесчаная отзывы покупателей";"2";
"полимерпесчаная плитка купить в орске";"2";
"полимерпесчаная плитка фото";"2";
"полимерпесчаный композит плитка";"2";
"технология укладки полимерпесчаной плитки";"2";
"плитка тротуарная полимерпесчаная 300х300х30";"2";
"плитка тротуарная полимерпесчаная 300х300х30 мм";"2";
"как укладывать полимерпесчаную плитку на землю";"2";
"полимерпесчаная плитка на землю";"2";
"на что класть полимерпесчаную плитку";"1";
"полимерпесчаная плитка дзержинск";"1";
"как положить полимерпесчаную плитку";"1";
"неокомпозит плитка полимерпесчаная";"1";
"плитка полимерпесчаная 330x330x35 мм коричневый";"1";
"плитка полимерпесчаная 450 450";"1";
"плитка тротуарная полимерпесчаная 450 450 30";"1";
"полимерпесчаная плитка характеристики";"1";
"как укладывать полимерпесчаную плитку на бетонное основание";"1";
"плитка полимерпесчаная 330x330 мм";"1";
"как уложить полимерпесчаную плитку своими руками";"1";
"полимерпесчаная плитка для отмостки";"1";
"полимерпесчаная плитка отзывы владельцев";"1";
"полимерпесчаная плитка плюсы и минусы";"1";
"плитка 50х50 полимерпесчаная";"1";
"плитка тротуарная 50х50 полимерпесчаная";"1";
"плитка тротуарная полимерпесчаная 250x250x20 мм";"1";
"плитка тротуарная полимерпесчаная 250x250x20 мм цвет серый";"1";
"полимерпесчаная плитка 500x500";"1";
"полимерпесчаная плитка 500x500 мм";"1";
"полимерпесчаная плитка для садовых дорожек отзывы";"1";
"полимерпесчаная плитка тюмень";"1";
"полимерпесчаная плитка челябинск";"1";
"чем резать полимерпесчаную плитку";"1";
"плитка 50 полимерпесчаная";"1";
"бехатон купить";"415";
"плитка бехатон купить";"214";
"бехатон купить в екатеринбурге";"165";
"купить тротуарный бехатон";"157";
"плитка бехатон купить в екатеринбурге";"38";
"бехатон бордюры купить в екатеринбурге";"9";
"купить песок для бехатона";"6";
"купить тротуарную плитку бехатон на маркетплейсах";"5";
"укладка бехатона";"175";
"укладка бехатона в екатеринбурге";"24";
"укладка бехатона цена за м2 в екатеринбурге";"15";
"укладка бехатона своими руками";"14";
"укладка бехатона технология";"13";
"укладка плитки бехатон";"7";
"геотекстиль при укладке бехатона";"6";
"брусчатка бетонная";"90";
"бетонная брусчатка";"90";
"брусчатка на бетонное основание";"26";
"бетонная тротуарная брусчатка";"16";
"укладка брусчатки на бетонное";"13";
"бетонная плитка брусчатка";"11";
"бетонная брусчатка купить";"8";
"укладка брусчатки на бетонное основание";"7";
"брусчатка бетонная м2";"7";
"брусчатка тротуарная бетонная декоративная";"5";
"плитка бетонная тротуарная брусчатка";"5";
"плитка бетонная тротуарная декоративная брусчатка";"5";
"бетонная брусчатка цена";"5";
"бетонная брусчатка цена за м2";"5";
"бетонная плита под брусчатку";"4";
"как укладывать брусчатку на бетонное";"4";
"клей для брусчатки на бетонное основание";"4";
"укладка брусчатки на клей на бетонное основание";"4";
"мощение бетонной брусчаткой";"3";
"бетонное основание под брусчатку";"3";
"брусчатка бетонная серая";"3";
"как положить брусчатку на бетонное";"3";
"как положить брусчатку на бетонное основание";"3";
"брусчатка на бетонную отмостку";"3";
"как укладывать брусчатку на бетонное основание";"2";
"монтаж брусчатки на бетонное основание";"2";
"как уложить брусчатку на бетонную отмостку";"2";
"бетонная брусчатка волна";"2";
"бетонная брусчатка своими руками";"2";
"брусчатка на бетонное основание своими руками";"2";
"укладка брусчатки на бетонную стяжку";"1";
"бетонная брусчатка цена укладки";"1";
"брусчатка на бетонное основание цена";"1";
"брусчатка на бетонную плиту";"1";
"укладка брусчатки на бетонное основание цена";"1";
"укладка брусчатки на бетонную плиту";"1";
"укладка гранитной брусчатки на бетонное основание";"1";
"брусчатка бетонная гост";"1";
"виды бетонной брусчатки";"1";
"гост брусчатка бетонная 17608 2017";"1";
"кладут ли брусчатку на бетонное основание";"1";
"можно класть брусчатку на бетонное основание";"1";
"можно ли класть брусчатку на бетонное";"1";
"можно ли класть брусчатку на бетонное основание";"1";
"плиты бетонные тротуарные брусчатка";"1";
"укладка брусчатки на бетонную отмостку";"1";
"бетонная плитка типа брусчатка";"1";
"вес бетонной брусчатки";"1";
"устройство покрытий из бетонной брусчатки";"1";
"бетонная брусчатка 60 мм";"1";
"плитка бетонная тротуарная декоративная брусчатка форма кирпичик";"1";
"на что кладут брусчатку на бетонное основание";"1";
"гранитная брусчатка";"343";
"гранитная брусчатка купить";"83";
"гранитная брусчатка екатеринбург";"58";
"брусчатка гранитная колотая";"38";
"брусчатка гранитная 100 100 100";"28";
"укладка гранитной брусчатки";"17";
"брусчатка гранитная пиленная";"14";
"гранитная брусчатка серая";"14";
"гранитная галтованная брусчатка";"12";
"брусчатка гранитная купить в екатеринбурге";"12";
"брусчатка тротуарная гранитная";"11";
"гранитная брусчатка москва";"11";
"сколько гранитной брусчатки";"10";
"гранитная брусчатка цена";"9";
"брусчатка гранитная колото пиленная";"9";
"брусчатки гранитной пилено колотой";"9";
"пиленая гранитная брусчатка";"9";
"гранитная брусчатка гост";"7";
"брусчатка гранитная темно серая";"7";
"гранитная брусчатка возрождение";"7";
"гранитная брусчатка закупки";"7";
"гранитная брусчатка купить в новосибирске";"6";
"гранитная брусчатка новосибирск";"6";
"сколько стоит гранитная брусчатка";"6";
"брусчатка гранитная за м2";"6";
"гранитная брусчатка цена за м2";"6";
"гранитная галтованная брусчатка москва";"6";
"брусчатка гранитная челябинская область купить";"5";
"гранитная брусчатка 80 мм";"5";
"гранитная брусчатка термообработанная";"5";
"вес гранитной брусчатки";"5";
"гранитная галтованная брусчатка екатеринбург";"4";
"толщина гранитной брусчатки";"4";
"гранитная брусчатка дымовская купить";"4";
"гранитная брусчатка дымовское";"4";
"гранитная дорожка брусчатка";"4";
"гранитная брусчатка мансуровская";"4";
"гранитная брусчатка на кладбище";"4";
"брусчатка гранитная черная";"3";
"гранитная брусчатка габбро";"3";
"гранитная брусчатка полнопиленная";"3";
"брусчатка из гранитной крошки";"2";
"брусчатка гранитная купить в москве цена";"2";
"брусчатка гранитная купить в спб";"2";
"брусчатка спб гранитная";"2";
"гранитная брусчатка в москве цена";"2";
"гранитная брусчатка купить в москве";"2";
"гранитная брусчатка цена купить";"2";
"как укладывать гранитную брусчатку";"2";
"брусчатка гранитная колотая 100х100х100";"2";
"брусчатка гранитная колотая купить";"2";
"гранитная брусчатка габбро диабаз";"2";
"гранитная брусчатка карелия";"2";
"гранитная брусчатка коричневая";"2";
"гранитная брусчатка размеры";"2";
"гранитная брусчатка термообработанная купить";"2";
"гранитная брусчатка цветок урала";"2";
"как делают гранитную брусчатку";"2";
"гранитная брусчатка 100х100х50";"2";
"брусчатка гранитная тротуарная цена";"2";
"гранитная брусчатка цена за м2 тротуарная";"2";
"стоимость гранитной брусчатки";"2";
"укладка гранитной колотой брусчатки";"1";
"брусчатка тротуарная гранитная купить";"1";
"клей для гранитной брусчатки";"1";
"мощение гранитной брусчаткой";"1";
"на что кладут гранитную брусчатку";"1";
"красная гранитная брусчатка";"1";
"монтаж гранитной брусчатки";"1";
"брусчатка гранитная колотая 100х100х50";"1";
"гранитная брусчатка камень";"1";
"гранитная брусчатка серая купить";"1";
"укладка гранитной брусчатки технология";"1";
"уфа брусчатка гранитная";"1";
"гранитные плиты мощения";"22";
"гранитные плиты для мощения";"8";
"гранитные плиты для мощения дорожек";"3";
"плиты гранитные для мощения тротуара";"2";
"бордюр гранитный";"365";
"гранитный бордюр";"365";
"гранитные бордюры гп";"70";
"купить гранитный бордюр";"61";
"гранитный бордюр екатеринбург";"55";
"гранитный бордюр гп 1";"34";
"гранитный бордюр вес";"31";
"гранитный бордюр гп1";"25";
"бордюр дорожный гранитный";"25";
"бордюр гранитный купить в екатеринбурге";"24";
"гранитный бордюр цена";"19";
"гранитный бордюр гп 4";"17";
"гранитный бордюр размеры";"17";
"сколько весит гранитный бордюр";"16";
"бордюр гранитный 5";"12";
"гранитный бордюр гп5";"12";
"гранитный бордюр гп 5";"11";
"вес гранитного бордюра 1000х300х150";"9";
"бордюр гранитный дорожный цена";"8";
"гранитные бордюры гост";"8";
"бордюр гранитный тротуарный";"8";
"гранитный бордюр садовый";"7";
"купить бордюр гп1 гранитный";"7";
"сколько весит метр гранитного бордюра гп5";"7";
"гранитный бордюр гп 1 вес";"7";
"радиусный гранитный бордюр";"5";
"гранитный бордюр гп 1 размеры";"5";
"резка гранитных и бетонных бордюров";"5";
"вес гранитного дорожного бордюра";"5";
"гранитный бордюр садовый екатеринбург";"5";
"сколько весит гранитный бордюр дорожный";"5";
"установка гранитного бордюра";"4";
"бордюр дорожный гранитный 1000х300х150";"4";
"бордюр дорожный гранитный 1000х300х150 цена";"4";
"бордюр гранитный гп 5 москва";"4";
"гранитный бордюр москва";"4";
"бордюр гранитный тротуарный купить";"4";
"укладка гранитных бордюров";"3";
"бордюр гранитный гп 1 купить";"3";
"гранитный бордюр гп4";"3";
"бордюр гранитный гп 3";"3";
"сколько стоит гранитный бордюр";"2";
"виды гранитных бордюров";"2";
"монтаж гранитного бордюра";"2";
"бордюр гранитный серый";"2";
"гранитный бордюр гп 2";"1";
"вес гранитного бордюра гп1 1 метра";"1";
"бордюры из гранитного камня";"1";
"устройство гранитного бордюра";"1";
"гранитный бордюр мансуровский";"1";
"стоимость гранитного бордюра";"1";
"захват для гранитного бордюра";"1";
"бордюр дорожный";"735";
"дорожный бордюр 1000х300х150";"148";
"купить бордюр дорожный";"132";
"бордюр дорожный цена";"67";
"вес дорожного бордюра";"59";
"бордюр дорожный 1000х300х150 цена";"46";
"размер дорожного бордюра";"40";
"бордюр дорожный 1000х300х150 купить";"32";
"бордюр дорожный купить в екатеринбурге";"30";
"бордюр бетонный дорожный";"29";
"установка дорожного бордюра";"20";
"бордюр дорожный 15";"20";
"сколько весит дорожный бордюр";"18";
"бордюр дорожный бетон";"17";
"бордюры дорожные и тротуарные";"14";
"дорожный бордюр цена 1000х300х150 купить";"14";
"купить бордюр дорожный цена";"14";
"дорожные бордюры бр";"14";
"дорожный бордюр 1000";"13";
"бордюр дорожный 100.30 15";"12";
"захват для дорожных бордюров";"12";
"бордюр дорожный гост";"11";
"бордюр дорожный камень";"10";
"бордюр дорожный 150";"10";
"бордюр дорожный 300";"10";
"вес бордюра дорожного 1000х300х150";"10";
"бордюр дорожный 3 метра";"10";
"купить бордюр дорожный 3 метра";"10";
"бордюры бетонные дорожные купить";"10";
"бордюр дорожный нижний новгород";"9";
"дорожный бордюр бр 15";"9";
"бордюр дорожный 1000х300х180";"8";
"вес бордюра дорожного 1000х300х180";"8";
"как устанавливать дорожный бордюр";"8";
"объем дорожного бордюра";"8";
"стоимость дорожного бордюра";"8";
"работа бордюр дорожный";"8";
"длина бордюра дорожного";"7";
"бордюр дорожный из архитектурного бетона екатеринбург";"7";
"укладка дорожного бордюра";"7";
"как называется бордюр дорожный";"7";
"вес дорожного бордюра 1000х30х15";"7";
"размеры бордюра дорожного и тротуарного";"7";
"сколько стоит бордюр дорожный";"7";
"бордюр дорожный 1000 300 150";"7";
"бордюр дорожный гранит";"7";
"бордюр дорожный серый";"7";
"бордюры дорожные высокие";"7";
"бордюр дорожный бр 100.30 15";"7";
"бордюр дорожный из архитектурного бетона купить";"6";
"держатель дорожных бордюров";"6";
"бордюр тротуарный дорожный цена";"6";
"бордюры дорожные и тротуарные размеры цена";"6";
"дорожные бордюры размеры и цены";"6";
"форма для дорожного бордюра";"6";
"монтаж дорожных бордюров";"5";
"бордюр дорожный бу";"5";
"бордюр дорожный бу купить";"5";
"бордюры дорожные бетонные нижний новгород";"5";
"бордюр дорожный черный";"5";
"где купить бэушный дорожный бордюр в екатеринбурге";"5";
"бордюр дорожный бетонный 1000х300х150 купить в истре";"5";
"дорожный бордюр купить в истре";"5";
"бордюр дорожный треугольный";"5";
"бордюры дорожные авито";"5";
"купить бордюр дорожный 3 метра авито";"5";
"бордюр дорожный у асфальта";"5";
"дорожный бордюр сколько вес";"5";
"сколько весит бордюр дорожный 1000х300х180 вес";"5";
"сколько весит дорожный бордюр 1000х300х180";"5";
"дорожный бордюр размеры 1000х300х150";"4";
"металлический бордюр дорожный";"4";
"объем дорожного бордюра 100.30 15";"4";
"стоимость установки дорожного бордюра";"4";
"как положить бордюры дорожные";"4";
"как правильно установить дорожный бордюр";"4";
"производство дорожных бордюров";"3";
"как одному поднять дорожный бордюр";"2";
"установка дорожного бордюра цена";"2";
"установка дорожного бордюра цена за работу";"2";
"дорожные бордюры новомосковск";"2";
"дорожный бордюр длиной 1000 мм";"2";
"дорожный бордюр угол";"2";
"купить дорожный бордюр 1000х300х150 в новомосковске";"2";
"правила дорожного движения бордюр";"2";
"укладка дорожного бордюра цена";"2";
"захват клещи для дорожных бордюров";"2";
"клещи для дорожного бордюра";"2";
"сколько стоит укладка дорожных бордюров";"2";
"высота дорожного бордюра";"2";
"какая высота дорожного бордюра";"2";
"разметка дорожного бордюра";"2";
"бордюр дорожный 1000х300х150 гост";"2";
"бордюр дорожный бр 100.30 15 серый";"2";
"бордюр дорожный серый 1000х300х150";"2";
"виды дорожных бордюров";"2";
"дорожная бордюры какой вес";"2";
"прямоугольный дорожный бордюр";"2";
"бордюр дорожный бр 100.30 15 цена";"2";
"бордюры дорожные москва";"2";
"краска для дорожных бордюров";"2";
"черная краска для дорожных бордюров";"2";
"бордюр дорожный вибропрессованный";"2";
"бордюр дорожный фото";"2";
"резка бордюра дорожного";"2";
"завод дорожных бордюров";"2";
"бордюр дорожный 500х300х150";"2";
"как смонтировать дорожный бордюр";"2";
"бордюр дорожный 1 метр";"1";
"бордюр дорожный скошенный";"1";
"дорожный бордюр на въезде";"1";
"как укладывать дорожный бордюр";"1";
"сколько стоит 1 дорожный бордюр";"1";
"сколько стоит установка дорожного бордюра";"1";
"захват для дорожных бордюров купить";"1";
"бордюр дорожный маркировка";"1";
"бордюр дорожный радиусный";"1";
"бордюр дорожный усиленный";"1";
"бордюр дорожный 1000х200х80";"1";
"бордюр дорожный 1000х300х150 вес 1 шт";"1";
"бордюр дорожный 200";"1";
"бордюр дорожный бр 100 30 15";"1";
"бордюр дорожный в поддон";"1";
"бордюр дорожный вес 1 шт";"1";
"бордюр дорожный коричневый";"1";
"бордюр дорожный на карте";"1";
"бордюр дорожный с доставкой";"1";
"вес 1 дорожного бордюра";"1";
"гост на бордюры дорожные и тротуарные";"1";
"дорожный бордюр 100 30 15";"1";
"какие бывают дорожные бордюры";"1";
"масса дорожного бордюра";"1";
"сколько дорожных бордюров в поддоне";"1";
"щипцы для бордюра дорожного";"1";
"бордюр дорожный 1000х300х150 объем бетона";"1";
"объем бордюра дорожного 1000х300х150";"1";
"бордюр дорожный бетонный 1000х300х150 цена";"1";
"бордюр дорожный 1000х300х150 характеристики";"1";
"бордюры дорожные и тротуарные купить";"1";
"лемана про бордюр дорожный";"1";
"как ставить дорожную бордюр";"1";
"монтаж дорожного бордюра цена";"1";
"монтаж дорожного бордюра цена за работу";"1";
"строительный дорожный бордюр";"1";
"бордюр тротуарный";"2697";
"купить бордюр тротуарный";"667";
"бордюр тротуарный екатеринбург";"362";
"бордюр тротуарный 1000х200х80";"309";
"бордюр тротуарный купить в екатеринбурге";"264";
"бордюр тротуарный цена";"231";
"установка тротуарного бордюра";"115";
"вес тротуарного бордюра";"99";
"укладка тротуарного бордюра";"92";
"тротуарный бордюр своими руками";"82";
"как установить тротуарный бордюр";"76";
"тротуарный бордюр размеры";"76";
"пластиковый бордюр для тротуарной";"75";
"установка бордюров для тротуарной плитки";"70";
"купить бордюр тротуарный 1000х200х80";"67";
"бордюр для тротуарной плитки своими руками";"65";
"пластиковый бордюр для тротуарной плитки";"63";
"вес бордюра тротуарного 1000х200х80";"62";
"бордюр тротуарный 1000х200х80 цена";"60";
"бордюр тротуарный металлический";"59";
"бордюр тротуарный недорого";"59";
"купить тротуарный бордюр недорого";"57";
"купить бордюр тротуарный в екатеринбурге недорого";"54";
"бордюр тротуарный 500х200х50";"53";
"бордюр для тротуарной дорожки";"53";
"бордюр тротуарный 1";"53";
"тротуарные бордюры нижний";"51";
"бордюр тротуарный бетонный";"51";
"бордюр тротуарный цена за штуку";"50";
"бордюр тротуарный какой";"47";
"купить бордюры для тротуарной плитки";"46";
"металлический бордюр для тротуарной плитки";"46";
"бордюр тротуарный 1000";"43";
"бордюр тротуарный для садовых дорожек";"42";
"как установить бордюр для тротуарной плитки";"41";
"купить бордюр тротуарный цена";"36";
"бордюр тротуарный купить в полевском";"36";
"бордюры для тротуарной плитки цена";"36";
"стоим бордюра тротуарного";"36";
"бордюр тротуарный весит";"36";
"сколько весит тротуарный бордюр";"36";
"бордюр тротуарный серый";"35";
"сколько стоит бордюр тротуарный";"35";
"вес 1 бордюра тротуарного";"33";
"купить бордюр тротуарный в нижнем";"33";
"тротуарные бордюры размеры и цены";"31";
"бордюры тротуарные 200";"30";
"вес 1 бордюра тротуарного 1000х200х80";"30";
"купить бордюр тротуарный в нижнем тагиле";"29";
"бордюр тротуарный от производителя";"29";
"установка бордюров для тротуарной плитки своими руками";"29";
"установка тротуарного бордюра своими руками";"29";
"бордюр тротуарный коричневый";"27";
"тротуарная бордюр цена екатеринбург";"24";
"бордюр тротуарный 1000х200х80 в екатеринбурге";"24";
"бордюр тротуарный 1000х200х80 купить в екатеринбурге";"24";
"установка тротуарного бордюра цена";"24";
"бордюр тротуарный черный";"23";
"бордюр тротуарный для садовых дорожек бетонный";"22";
"бордюр пластиковый тротуарный купить";"22";
"как установить тротуарный бордюр своими руками";"22";
"бордюр тротуарный фото";"21";
"бордюр тротуарный для садовых дорожек цена";"20";
"укладка бордюра для тротуарной плитки";"20";
"установить бордюры для тротуарной плитки своими руками";"20";
"тротуарная плитка без бордюра";"20";
"бордюр тротуарный метр";"20";
"бордюр тротуарный 1000х200х80 вес 1 штуки";"19";
"бордюр тротуарный шарнирный";"19";
"какие бывают тротуарные бордюры";"19";
"бордюр тротуарный оцинкованный";"19";
"бордюр тротуарный строительный двор";"19";
"бордюр тротуарный бетонный цена";"18";
"бордюр тротуарный для садовых дорожек бетонный цена";"18";
"как правильно установить тротуарный бордюр";"18";
"высота тротуарного бордюра";"18";
"бордюр тротуарный 1000х200х80 цена екатеринбург";"18";
"бордюр тротуарный работа";"17";
"стоимость тротуарного бордюра";"17";
"цена бордюра тротуарного 1";"16";
"бордюр тротуарный полимерпесчаный";"16";
"бордюр тротуарный 500х200х50 купить";"16";
"как сделать тротуарный бордюр";"16";
"бордюр тротуарный арамиль";"16";
"пластиковый бордюр для тротуарной плитки купить";"15";
"тротуарный бордюр в березовском цена за штуку";"15";
"тротуарный бордюр для дачи";"15";
"форма для тротуарного бордюра";"15";
"размеры тротуарного бордюра купить";"14";
"размер бордюра для тротуарной плитки";"14";
"бордюры тротуарные производство";"14";
"бордюр под тротуарную плитку";"14";
"бордюр тротуарный 1000 200 80";"14";
"углы бордюры тротуарные";"13";
"бордюр тонкий тротуарный";"13";
"бордюр тротуарный 500";"13";
"укладка тротуарного бордюра своими руками";"13";
"бордюр тротуарный метровый";"13";
"производство бордюров и тротуарной плитки";"13";
"тротуарный бордюр купить в красноуфимске";"13";
"бордюр тротуарный технология";"13";
"бордюр уголок для тротуарной плитки";"13";
"бордюр тротуарный 1000х300х80";"12";
"бордюр тротуарный 100";"12";
"технология укладки бордюра тротуарного";"12";
"тротуарный бордюр бетон";"11";
"положить тротуарный бордюр";"11";
"бордюр цена за штуку бетонный тротуарный";"11";
"бордюры тротуарные пластиковые купить в екатеринбурге";"11";
"купить тротуарный бордюр для плитки в екатеринбурге";"11";
"как уложить тротуарный бордюр";"11";
"тротуарный бордюр 1000х200х80 цена купить";"11";
"бордюр тротуарный бетонный купить";"10";
"бордюр тротуарный для дачи купить в екатеринбурге";"10";
"бордюр тротуарный 1000х200х80 вес 1 шт";"10";
"бордюр тротуарный вес 1 шт";"10";
"самый тонкий тротуарный бордюр какой бывает";"10";
"бордюр тротуарный 50";"10";
"оцинкованный бордюр для тротуарной плитки";"10";
"укладка бордюра для тротуарной плитки своими руками";"10";
"формы для бордюра тротуарного купить";"10";
"установка бордюров для тротуарной плитки цена";"10";
"купить бордюр тротуарный метровый";"9";
"бордюр тротуарный 1000х200х50";"9";
"бордюр тротуарный стальной";"9";
"установка тротуарного бордюра цена за работу";"9";
"тротуарный бордюр 8";"9";
"авито бордюр тротуарный";"9";
"где купить тротуарный бордюр";"9";
"бордюр тротуарный цвета";"9";
"бордюр тротуарный сургут";"9";
"сколько стоит установка бордюра тротуарного";"9";
"сколько стоит установка бордюра тротуарного за 1мп";"9";
"бордюр тротуарный масса";"8";
"бордюр тротуарный цена за штуку купить";"8";
"купить бордюр тротуарный садовый";"8";
"укладка тротуарной плитки без бордюра";"8";
"бордюр тротуарный 1 метр";"8";
"как поставить тротуарный бордюр";"8";
"раствор для бордюра тротуарного";"8";
"раствор для бордюров тротуарной плитки";"8";
"сколько весит тротуарный бордюр 1000х200х80";"8";
"вес бордюра тротуарного 500х200х50";"8";
"бордюр черный тротуарный невьянск";"8";
"пластиковый бордюр для тротуарной плитки отзывы";"8";
"бордюр тротуарный в каменске уральском";"8";
"бордюр тротуарный бр";"8";
"бордюр тротуарный гост";"8";
"линия по производству тротуарной плитки и бордюров";"8";
"бордюры тротуарные бу";"8";
"какой размер тротуарного бордюра";"8";
"коричневая тротуарная плитка с серыми бордюрами";"7";
"бордюр тротуарный 1000х200х80 цена вес";"7";
"тротуарный бордюр 1000х200х80 цена за штуку";"7";
"тротуарный бордюр 1000х200х80 цена сургуте";"7";
"тротуарный бордюр 40";"7";
"бордюр тротуарный 1000х200х80 масса";"7";
"вес тротуарного бордюра 1000х200х80 масса";"7";
"бордюр тротуарный серый 500х200х50 мм";"7";
"ольховка тротуарная плитка сысертский район бордюры";"7";
"бордюр тротуарный и садовый";"7";
"бордюр тротуарный полукруглый";"7";
"бордюр тротуарный коричневый купить";"7";
"бордюры тротуарные высокие";"7";
"бордюр тротуарный 1000х200х80 серый";"7";
"бордюр тротуарный 100.20 8";"7";
"длина бордюра тротуарного";"6";
"выложить тротуарный бордюр";"6";
"бордюр тротуарный для садовых дорожек пластиковый";"6";
"пластиковый бордюр для тротуарной дорожки";"6";
"бордюр тротуарный какие бывают размеры";"6";
"сколько стоит тротуарный бордюр в нижнем тагиле";"6";
"бордюр тротуарный графит";"6";
"бордюр тротуарный цвет графит";"6";
"гибкий тротуарный бордюр";"6";
"разрез бордюра тротуарного под углом";"6";
"бордюры тротуарные камень";"6";
"металлический бордюр для тротуарной плитки купить";"6";
"расценки укладки тротуарных бордюров";"6";
"бордюр шарнирный тротуарный купить";"6";
"как правильно установить бордюр для тротуарной плитки";"6";
"бордюр тротуарный полимерпесчаный купить";"6";
"бордюр тротуарный вибропрессованный";"6";
"бордюр тротуарный 1000х200х80 мм";"5";
"бордюр тротуарный серый 1000х200х80 мм";"5";
"бордюр тротуарный 300";"5";
"виды тротуарных бордюров";"5";
"как ложат тротуарные бордюры";"5";
"бордюр тротуарный поревит";"5";
"вес бордюра 1000 тротуарного";"5";
"вес бордюра тротуарного 1000 80 200";"5";
"тротуарный бордюр 1000х200х80 в полевском купить";"5";
"бордюр тротуарный гранит";"5";
"бордюр тротуарный 1м";"5";
"бордюр садовый";"1286";
"бордюр садовый купить";"305";
"бордюр садовый пластиковый";"286";
"бордюр для садовой дорожки";"184";
"бордюр садовый бетонный";"131";
"садовый бордюр канта";"86";
"купить бордюр для садовой дорожки";"73";
"высота садового бордюра";"68";
"бордюр садовый черный";"67";
"бордюр садовый купить в екатеринбурге";"66";
"бордюр садовый пластиковый купить";"66";
"пластиковый бордюр для садовых дорожек";"64";
"садовые бордюры для клумб";"63";
"бордюры садовые геопластборд";"41";
"бордюр садовый цена";"40";
"бордюр садовый бетонный купить";"38";
"бордюр садовый своими руками";"36";
"пластиковый бордюр для садовых дорожек купить";"35";
"купить бордюр садовый канта";"33";
"как установить садовый бордюр";"33";
"бордюр садовый оцинкованный";"28";
"озон бордюр садовый";"27";
"бордюр садовый купить на озоне";"24";
"бордюр садовый металлический";"23";
"бордюр садовый серый";"23";
"бордюр садовый для дорожек бетонный";"22";
"садовые пластиковые бордюры геопластборд";"22";
"купить бордюр садовый оцинкованный";"22";
"садовый бордюр из оцинкованной стали";"22";
"садовый бордюр из стали";"22";
"лучший садовый бордюр";"21";
"садовые бордюры для дорожек цена";"21";
"садовые бордюры для дорожек и клумб";"21";
"бордюр пластиковый садовый для клумб";"21";
"садовый бордюр пластиковый цена";"20";
"бордюр садовый 20";"19";
"бордюр садовый 10 см";"18";
"бордюр садовый 10 см высота";"18";
"бетонные бордюры для садовых дорожек цена";"18";
"бордюры садовые бетонные цена";"18";
"садовый бордюр 1000х200х80";"18";
"бордюр садовый фото";"18";
"купить бордюр садовой клумбы";"17";
"установка садового бордюра";"17";
"длина садового бордюра";"17";
"бордюр 8 садовый";"16";
"бордюр садовый геопластборд 1000x78 мм";"16";
"бордюр садовый леруа";"16";
"купить садовые бордюры для дорожек и клумб";"15";
"бетонный бордюр садовый купить в березовском свердловской";"15";
"садовый бордюр канта 10";"14";
"садовый бордюр про";"14";
"как правильно устанавливать садовый бордюр";"14";
"бордюр садовый 15";"14";
"бордюр садовый 10 м";"13";
"бордюр садовый канта 10 м";"13";
"бордюр садовый standartpark";"13";
"бордюр садовый standartpark канта";"13";
"какой садовый бордюр лучше";"13";
"садовый бордюр канта черный";"13";
"бордюр садовый для дачи";"12";
"бордюр садовый пластиковый для дачи";"12";
"монтаж садового бордюра";"12";
"бордюр садовый бетонный екатеринбург";"12";
"садовый бордюр kanta";"12";
"бордюр садовый пластиковый стафф";"11";
"бордюр садовый стафф";"11";
"бордюр садовый своими руками для клумбы";"11";
"бордюр садовый бетонный фото";"11";
"бордюр садовый бетонный цена за штуку";"11";
"купить садовый пластиковый бордюр в екатеринбурге";"11";
"форма для садового бордюра";"10";
"бордюр садовый 15 см";"10";
"бордюр садовый для грядок";"10";
"бордюр садовый пластиковый манго";"10";
"садовый бордюр манго";"10";
"бордюр садовый 35";"10";
"бордюр садовый 1000";"10";
"бордюр садовый 20 см";"10";
"бордюр садовый пластиковый черный";"10";
"standartpark бордюр садовый канта kanta";"9";
"бордюр садовый standartpark kanta";"9";
"бордюр садовый канта kanta";"9";
"бордюр садовый стандартпарк";"9";
"бордюр садовый стандартпарк канта";"9";
"бордюр садовый леруа мерлен";"9";
"мерлен бордюр садовый";"9";
"бордюр садовый бетонный купить в екатеринбурге";"9";
"применение садового бордюра";"8";
"бордюр садовый бетонный тонкий";"8";
"бордюр садовый тонкий";"8";
"как крепить садовый бордюр";"8";
"бордюр садовый канта 10 см";"8";
"садовый бордюр длиной 10 м";"8";
"садовые дорожки без бордюра";"8";
"как установить садовый бордюр пластиковый";"8";
"бордюр садовый выбрать";"8";
"какой садовый бордюр выбрать";"8";
"какой садовый бордюр лучше выбрать";"8";
"садовый пластиковый бордюр геопластборд стафф";"8";
"садовый бордюр пластиковый для грядок";"8";
"бордюр садовый 500";"8";
"алюминиевый бордюр для садовых дорожек";"8";
"алюминиевый бордюр для садовых дорожек купить";"8";
"алюминиевый садовый бордюр";"8";
"бордюр на садовом участке";"8";
"бордюр садовый алюминиевый купить";"8";
"бордюр садовый 1000 210 35";"7";
"какие бывают бордюры для садовых дорожек";"7";
"какие бывают садовые бордюры";"7";
"бордюр садовый растения";"7";
"садовое ограждение бордюр";"7";
"бордюр садовый 45 мм";"7";
"бордюр садовый пластиковый высотой 45 мм";"7";
"бордюр садовый 1 м";"7";
"купить садовый бордюр 10 м";"7";
"бордюр садовый стандартпарк канта standartpark";"7";
"бордюр садовый стандартпарк канта standartpark kanta";"7";
"бордюр садовый лемана";"7";
"лемана про бордюр садовый";"7";
"бордюр садовый канта про";"7";
"бордюр садовый 20 метров";"7";
"бордюр садовый пластиковый 10 см";"7";
"бордюр садовый 20 м";"7";
"бордюр садовый пластиковый как правильно установить";"7";
"пластиковые бордюры для садовых клумб и грядок";"7";
"дорожка садовая бордюры из шифера";"6";
"бордюр садовый полимерпесчаный";"6";
"бордюр садовый оформление";"6";
"оформление бордюра садовой дорожки";"6";
"садовый бордюр своими руками фото";"6";
"бордюр садовый 50 см";"6";
"бордюр садовый круглый";"6";
"бордюры садовые пластиковые для дорожек и клумб";"6";
"гибкий садовый бордюр";"6";
"бордюр садовый длиной 1 м";"6";
"бордюр садовый канта kanta длина 10 м";"6";
"бордюр садовый коричневый";"6";
"как устанавливается садовый бордюр";"6";
"бордюр садовый пластиковый леруа";"5";
"бордюр садовый манго 55 мм";"5";
"бордюр садовый пластиковый манго 55 мм";"5";
"бордюр садовый 500 210";"5";
"бордюр садовый бетонный размеры";"5";
"размер садового бордюра";"5";
"бордюр волна черный садовый";"5";
"бордюр садовый волна";"5";
"бордюр садовый каменный";"5";
"бордюр садовый пластиковый 20 см";"5";
"бордюр садовый пластиковый для клумб 20 см";"5";
"бордюр садовый advaplast";"5";
"бордюр садовый из кирпича";"5";
"бордюр садовый пластиковый advaplast";"5";
"крепление садового бордюра";"5";
"садовый бордюр advaplast 45 мм";"5";
"бордюр садовый вес";"5";
"вес садового бордюра 1000х200х80";"5";
"какой бордюр лучше для садовой дорожки";"5";
"как соединить садовый бордюр";"4";
"бордюр садовый 15 см высотой";"4";
"бордюр садовый 3 м";"4";
"бордюр садовый канта 15 см";"4";
"бордюр садовый канта про 15";"4";
"бордюр садовый канта про 15 см";"4";
"садовый бордюр канта высота 15";"4";
"бордюр садовый пластик";"4";
"бордюр садовый 20 см высота";"4";
"бордюр садовый канта 20";"4";
"бордюр садовый канта 20 м";"4";
"бордюр садовый канта 20 м черный";"4";
"бордюры садовые бетонные в леруа";"4";
"бордюры садовые бетонные в леруа мерлен";"4";
"садовый бордюр aquadrenag 8411b 1000x11 см черный";"4";
"бордюр садовый kanta pro";"4";
"бордюр садовый 10 метров";"4";
"бордюр садовый усиленный";"4";
"бордюр садовый металлический для дорожек";"4";
"бордюр садовый высота 30";"4";
"сколько садовый бордюр";"4";
"садовая лента бордюр";"4";
"бордюр садовый бетонный тонкий размеры";"4";
"бордюр садовый бетонный тонкий размеры 1000х210х35";"4";
"бордюр садовый пластиковый фото";"4";
"бордюр садовый тонкий размеры";"4";
"форма для бордюра садовой дорожки купить";"4";
"форма для садового бордюра купить";"4";
"между собой садовый бордюр";"4";
"бордюр для садовой дорожки своими руками";"4";
"угол садового бордюра";"4";
"бордюр садовый производитель";"3";
"бордюр пвх садовый";"3";
"поребрик бетонный";"50";
"бетонный поребрик";"50";
"купить бетонные поребрики";"27";
"поребрик бетонный купить екатеринбург";"9";
"купить бетонные поребрики в нижнем тагиле";"5";
"бетонный поребрик цена";"2";
"сколько весит бетонный поребрик";"1";
"бетонный поребрик для дорожек";"1";
"купить садовый бетонный поребрик";"1";
"поребрик садовый бетонный";"1";
"камень бортовой бр";"430";
"бортовой камень бр";"430";
"бортовой камень бр 100.30";"131";
"бортовой камень бр 100.20";"126";
"бортовой камень бр 100.20 8";"116";
"бр 15 бортовой камень";"112";
"камень бетонный бортовой бр";"108";
"бортовой камень бр 100.30 15";"98";
"марки бортовых камней бр";"79";
"камни бортовые бетонные марки бр";"75";
"камни бортовые бр бв";"66";
"камни бортовые бетонные бр бв";"64";
"камни бортовые бетонные марки бр бв";"64";
"камни бортовые марки бр бв";"64";
"бортовой камень бр 18";"42";
"камни бортовые бр гост";"42";
"камень бортовый бр 100.30 15";"40";
"камни бортовые бр в30";"38";
"камень бортовой бр 20";"33";
"бортовой камень бр гост 6665 91";"30";
"камни бортовые бр 100.20 8 бетон";"30";
"бортовой камень бр 100.30 18";"29";
"камень бортовой бр 100.20 8 м300";"29";
"камень бортовой бр 100";"24";
"объем бортового камня бр 100.30 15";"24";
"объем бортового камня бр 100.20 8";"24";
"камень бортовой бр бв бетон в22 5";"22";
"бортовой камень бр 100.20 8 м3";"22";
"камни бортовые бр 100.20 8 объем бетона";"19";
"м3 бортового камня бр 100.30 15";"18";
"бортовой камень бр цена";"17";
"бортовой камень бр 300.60 20";"16";
"купить бортовой камень бр 100.20 8";"15";
"бортовой камень бр 100.20 8 гост";"15";
"бортовой камень бр 1";"14";
"объем бортового камня бр 100.30 18";"14";
"бортовой камень бр 100 20";"13";
"бортовой камень бр размеры";"12";
"камни бортовые бр 100 20 8";"11";
"камень бортовой дорожный бр";"10";
"камни бортовые бр 100.30 15 бетон";"10";
"купить бортовой камень бр 100.30 15";"9";
"бортовой камень бр 100.30 15 гост";"9";
"стоимость бортового камня бр 100.20 8";"8";
"дорожный бортовой камень бр 100.30 15";"8";
"вес бортового камня бр 100.30 15";"8";
"бортовой камень бр 300.45 18";"8";
"бетонный бортовой камень бр 100.20 8";"8";
"вес бортового камня бр 100.20 8";"7";
"бортовой бетонный камень бр 100.30 15";"7";
"бортовой камень бр 100 30";"7";
"бортовой камень бр 100 30 15";"7";
"бортовой камень бр 300";"6";
"камни бортовые бр 100.30 15 цена";"5";
"камни бортовые бетонные бр 100.30 18";"5";
"бортовой камень бр 80";"5";
"камни бортовые бр 100.30 15 объем бетона";"4";
"камень бортовой типа бр";"4";
"бортовой камень бордюр бр 100.30 15";"3";
"бортовой камень бр 100.20 8 размеры";"3";
"камень бортовой бр 300.30 15";"2";
"бортовой камень бр 100.20 80";"2";
"бортовой камень бр 100.30 15 серый";"2";
"бортовой камень бр 100.30 18 объем бетона";"2";
"бортовой камень бр 100.60";"2";
"бортовой камень бр 100.60 20";"2";
"камень бортовой бр 100.20 8 серый";"2";
"камень бортовой бр 100.30 15 характеристики";"2";
"камни железобетонные бортовые бр 300.45 18";"2";
"бортовой камень бр установка";"2";
"бортовой камень марки бр 100.30 15";"2";
"установка бортового камня бр 100.20 8";"2";
"бортовой камень тротуарный бр";"2";
"тротуарный бортовой камень бр 100.20 8";"2";
"бортовой камень бр 60.20 8";"2";
"бортовой камень бр 100.30 18 гост";"2";
"бортовой камень бр 100.20 8 цена";"2";
"бортовой камень бр 100.20 08";"1";
"стоимость бортового камня бр 100.30 15";"1";
"камни бортовые бр 22.5 м300";"1";
"бортовой камень бр 100.45 18";"1";
"бортовой камень бр 100.20 10";"1";
"камень бортовой марки бр 100.20 8";"1";
"камни бетонные бортовые бр гост";"1";
"устройство бортового камня бр";"1";
"устройство бортового камня бр 100.30 15";"1";
"бортовой камень бр 100.30 15 размеры";"1";
"камни бортовые бетонные марки бр 100.30 15";"1";
"камни бортовые бр 300.30 18";"1";
"камни железобетонные бортовые бр 300.30 15";"1";
"бордюр бр 100.30.15";"46";
"бордюр бр 100.30 15";"46";
"бордюр бр 100.30 15 купить";"5";
"бордюр бетонный бр 100.30 15";"3";
"бордюр бр 100.30 15 цена";"3";
"бордюр бр 100.30 15 размеры";"2";
"бордюр бр 100.30 15 гост";"2";
"бордюр бр 100.30 15 гост 6665 91";"2";
"вес бордюра бр 100.30 15";"1";
"установка бордюра";"421";
"установка бордюров";"421";
"установка бордюров плитки";"80";
"установка бордюра цена";"66";
"установка бордюров своими руками";"48";
"установка бордюра метр";"34";
"установка бордюров работ";"32";
"установка бордюра своими руками для плитка";"29";
"установка бордюров цена за работу";"27";
"установка бордюра цена за метр";"24";
"сколько установка бордюра";"23";
"установка акрилового бордюра";"21";
"установка пластикового бордюра";"18";
"бордюр погонный установка";"15";
"установка бордюра погонный метр";"15";
"сколько стоит установка бордюров";"15";
"стоимость установки бордюров";"13";
"цена установки бордюра за погонный";"10";
"цена установки бордюра за погонный метр";"10";
"установка бордюров цена за работу за метр";"10";
"установка бордюра на участке";"9";
"установка бордюра на ванну";"9";
"пошаговая инструкция установки бордюра";"8";
"установка бордюров своими руками пошаговая";"8";
"установка бордюров своими руками пошаговая инструкция";"8";
"установка бордюра поребрика";"7";
"раствор для установки бордюров";"7";
"установка бордюра в ванной";"7";
"технология установки бордюра";"7";
"установка керамического бордюра";"6";
"якорь для пластикового бордюра установка";"6";
"способы установки бордюров";"6";
"установка бетонных бордюров";"6";
"бетон для установки бордюров";"5";
"установка бордюров для брусчатки";"5";
"установка керамического бордюра ванной";"5";
"смесь для установки бордюров";"5";
"бордюр резиновый установка";"4";
"стоимость установки тротуарного бордюра";"4";
"установка мягкого бордюра";"4";
"установка бордюра на ванну своими руками";"4";
"установка керамического бордюра на ванну";"4";
"установка керамического бордюра на ванну своими руками";"4";
"установка бордюров под брусчатку";"3";
"схема установки бордюра";"3";
"установка бордюра и укладка плитки";"3";
"цемент для установки бордюров";"3";
"инструмент для установки бордюров";"3";
"установка бордюра канта";"3";
"установка садового бордюра канта";"3";
"установка тротуарного бордюра своими руками пошаговая инструкция";"3";
"установка тротуарных бордюров своими руками пошаговая";"3";
"установка акрилового бордюра в ванной";"2";
"установка акрилового бордюра на ванну";"2";
"установка бордюра без бетона";"2";
"установка бордюра кантри";"2";
"установка бордюров видео";"2";
"установка пластикового бордюра на ванну";"2";
"установка стального бордюра";"2";
"смета установку бордюров";"2";
"установка бордюра на цпс";"2";
"установка бордюров расценка";"2";
"установка бордюров расценка в смете";"2";
"установка садового бордюра своими руками";"2";
"оборудование для установки бордюров";"2";
"установка бордюра гэсн";"2";
"установка бордюров на дорожке";"2";
"установка бордюров сп";"2";
"стоимость работ по установке бордюра";"2";
"установка бордюра гост";"2";
"установка метровых бордюров";"2";
"установка бордюров на отмостку";"1";
"нормы установки бордюра";"1";
"раствор для установки бордюров пропорции";"1";
"что нужно для установки бордюров";"1";
"установка бордюров на бетонное основание";"1";
"видео установки садового бордюра";"1";
"установка бетонного бордюра технология";"1";
"установка бордюров фото";"1";
"установка бордюров для клумбы";"1";
"узел установки бордюра";"1";
"укладка тротуарной плитки и бордюров установка";"1";
"установка бордюра на плантер";"1";
"установка бордюра под плитку";"1";
"установка бордюров на кладбище";"1";
"установка бордюров на могилу";"1";
"установка бордюров под тротуарную плитку";"1";
"установка пвх бордюра";"1";
"установка полимерпесчаного бордюра";"1";
"приспособление для установки бордюров";"1";
"пропорции бетона для установки бордюра";"1";
"сколько стоит работа по установке бордюра";"1";
"стоимость установки бордюра тротуарного за погонный";"1";
"стоимость установки бордюра тротуарного за погонный метр";"1";
"технология установки тротуарных бордюров";"1";
"установка бордюра в ванной своими руками";"1";
"установка бордюров для тротуарной плитки технология";"1";
"бетонные полусферы";"221";
"полусфера бетонная";"221";
"полусфера бетонная купить";"93";
"бетонные полусферы екатеринбург";"67";
"полусфера бетонная купить в екатеринбурге";"39";
"полусферы бетонные антипарковочные";"27";
"полусферы бетонные антипарковочные купить";"25";
"полусферы бетонные антипарковочные купить в екатеринбурге";"22";
"бетонные полусферы для парковки";"19";
"форма для бетонных полусфер";"10";
"диаметр полусферы бетонные";"9";
"бетонные полусферы со столбиками";"9";
"бетонные полусферы для парковки купить";"7";
"полусфера бетонная вес";"7";
"полусфера бетонная 1 метр диаметр купить екатеринбург";"6";
"бетонные полусферы ограничители";"5";
"бетонный ограничитель полусфера купить";"5";
"полусфера бетонная ограничитель парковки";"5";
"полусфера бетонная ограничитель парковки купить";"5";
"авито бетонные полусферы";"4";
"бетонное ограждение полусфера";"4";
"форма для полусферы бетонной купить";"3";
"сколько весит бетонная полусфера";"3";
"бетонные ограждения для парковки полусфера";"3";
"бетонные ограждения для парковки полусфера купить";"3";
"купить бетонные ограждения полусферы";"3";
"полусфера бетонная 500";"3";
"установить бетонные полусферы";"3";
"полусфера бетонная 500х300";"3";
"полусферы бетонные диаметром 400 мм";"2";
"бетонная полусфера нижний новгород";"2";
"бетонные полусферы купить в нижнем новгороде";"2";
"бетонный дом полусфера";"2";
"наехал на бетонную полусферу";"1";
"сколько весит бетонная полусфера на парковке";"1";
"установка бетонной полусферы";"1";
"установка защитных ограждений тротуаров бетонных полусфер";"1";
"желтые бетонные полусферы";"1";
"бетонные полусферы во дворах";"1";
"бетонные полусферы фото";"1";
"полусфера бетонная окоф";"1";
"полусферы бетонные диаметром 500 мм";"1";
"стоимость полусферы бетонной";"1";
"парковочные полусферы";"14";
"парковочный барьер полусфера";"3";
"парковочные полусферы купить";"2";
"изготовление парковочных полусфер";"1";
"ограничители парковки бетонные";"21";
"бетонные ограничители парковки";"21";
"бетонный ограничитель парковки купить";"5";
"бетонный ограничитель парковки столбик";"2";
"бетонные вазоны";"132";
"вазон бетонный";"132";
"вазон бетонный купить";"57";
"вазон бетонный уличный";"33";
"бетонные вазоны екатеринбург";"27";
"вазон бетонный уличный купить";"23";
"бетонные вазоны для цветов";"16";
"бетонные вазоны для улицы";"15";
"бетонный уличный вазон купить екатеринбург";"15";
"вазон бетонный таллин 30 купить";"13";
"бетонные вазоны цены";"11";
"бетонные вазоны для улицы цена";"10";
"цветочницы вазоны бетонные";"9";
"бетонные вазоны для цветов купить";"8";
"вазон для цветов уличный бетонный";"7";
"вазон для цветов уличный бетонный купить";"5";
"бетонный вазон новоуральск";"5";
"кашпо бетонный вазон";"5";
"купить бетонные вазоны и цветочницы от производителя";"4";
"бетонный вазон своими руками";"1";
"большой бетонный вазон";"1";
"чем покрасить бетонный вазон";"1";
"вес бетонного вазона";"1";
"формы для бетонных вазонов";"1";
"как залить квадратные бетонные вазоны";"1";
"уличные вазоны для цветов";"161";
"вазоны для цветов уличные";"161";
"вазон для цветов уличный купить";"66";
"вазоны для цветов уличные екатеринбург";"49";
"вазоны для цветов уличные купить в екатеринбурге";"41";
"большие вазоны для цветов уличные";"36";
"вазоны пластик для цветов уличные";"17";
"вазон для цветов цена уличный";"14";
"вазоны для цветов уличные пластиковые";"11";
"купить вазон из бетона для цветов уличные";"10";
"уличные вазоны для цветов из бетона";"10";
"купить большие вазоны для уличных цветов";"8";
"вазон для цветов уличный пластиковый большой";"8";
"вазон для цветов уличный своими руками";"8";
"вазон для цветов уличный пластиковый купить";"4";
"вазоны для цветов уличные на озоне";"3";
"купить вазоны для цветов уличные озон";"3";
"озон вазоны для цветов уличные пластиковые";"3";
"вазоны для цветов уличные из дерева";"2";
"металлические вазоны для цветов уличные";"2";
"большие вазоны для цветов уличные пластиковые купить";"1";
"большие вазоны для цветов уличные своими руками";"1";
"прямоугольные вазоны для цветов уличные";"1";
"вазон для цветов уличный из цемента";"1";
"деревянные вазоны для цветов уличные";"1";
"деревянные вазоны для цветов уличные своими руками";"1";
"цветники из бетона";"5";
"цветник из бетона";"5";
"цветники из бетона купить";"2";
"фасадная бетонная плитка";"9";
"бетонная фасадная плитка";"9";
"фасадные системы бетонная плитка";"2";
"плитка бетонная для навесных фасадных систем";"1";
"накладные проступи";"3";
"ступени бетонные";"272";
"ступень бетонная купить";"51";
"бетонные ступени купить в екатеринбурге";"36";
"ступень бетонная размеры";"36";
"бетонные ступени для лестниц";"27";
"бетонная ступень 120 купить";"17";
"ступень рядовая бетонная";"17";
"бетонные ступени для крыльца";"14";
"ремонт бетонных ступеней";"13";
"ступень бетонная гост";"10";
"купить бетонные ступени для лестницы";"10";
"бетонная плитка ступени";"9";
"ступени уличные бетонные";"9";
"расценки ступени бетонные";"9";
"бетонные ступени фото";"7";
"бетонно мозаичные ступени";"6";
"как сделать бетонные ступени";"5";
"устройство бетонных ступеней";"5";
"бетонные ступени железобетонные";"5";
"монтаж бетонных ступеней";"5";
"краска для бетонных ступеней";"5";
"стандартные бетонные ступени";"5";
"стандартный размер бетонной ступени";"5";
"крашеные бетонные ступени фото";"5";
"бетонные ступени в дом";"5";
"ступени бетонные лс";"4";
"гост ступени железобетонные и бетонные";"4";
"железобетонные и бетонные ступени размеры";"4";
"ступени бетонные размеры гост";"4";
"установка бетонных ступеней";"4";
"чем покрыть бетонные ступени";"4";
"бетонные ступени расценка в смете";"4";
"как восстановить бетонные ступени";"4";
"облицовка бетонных ступеней";"4";
"резиновое покрытие бетонных ступеней";"4";
"высота бетонных ступеней";"3";
"укладка бетонных ступеней";"3";
"выравнивание бетонных ступеней";"3";
"ступени для крыльца уличные бетонные";"3";
"устройство бетонных ступеней гэсн";"3";
"бетонные ступени работа";"3";
"стоимость бетонных ступеней";"3";
"гост 8717 2016 ступени бетонные";"3";
"гост 8717 2016 ступени бетонные и железобетонные";"3";
"монтаж ступеней на бетонную лестницу";"3";
"лестничная ступень бетонная";"3";
"бетонные ступени своими руками";"3";
"бетонные ступени на крыльце дом";"2";
"покрасить бетонные ступени";"2";
"чем обработать бетонные ступени";"2";
"бетонные ступени на участок";"2";
"подсветка бетонных ступеней";"2";
"чем облицевать ступени бетонные";"2";
"выравнивание ступеней бетонной лестницы";"2";
"бетонные накладки на ступени";"2";
"лестница бетонная размеры ступеней";"2";
"бетонные ступени для крыльца купить";"2";
"ступени бетонные крыльца уличные купить";"2";
"устройство бетонной ступени расценка";"2";
"ремонт ступеней бетонных расценка";"2";
"бетонные марши ступеней";"2";
"покрытие для бетонных ступеней";"2";
"бетонные ступени на для улицы";"2";
"краска для бетонных ступеней на улице";"2";
"ремонт бетонных ступеней лестницы";"2";
"бетонная лестница три ступени";"2";
"бетонные ступени в частном доме";"2";
"ступени бетонной лестницы в доме";"2";
"бетонная смесь для ступеней";"1";
"ремонтная смесь для ступеней бетонных";"1";
"армирование бетонных ступеней";"1";
"заливка бетонных ступеней";"1";
"как закрепить бетонные ступени";"1";
"как закрепить ступени на бетонную лестницу";"1";
"фанера на бетонные ступени";"1";
"бетонные ступени для крыльца своими руками";"1";
"высота ступени бетонной лестницы";"1";
"как выровнять бетонные ступени";"1";
"как выровнять ступени бетонной лестницы";"1";
"крепим ступени на бетонную лестницу";"1";
"толщина бетонных ступеней";"1";
"чем покрыть бетонные ступени на улице";"1";
"восстановление бетонных ступеней";"1";
"чем облицевать ступени бетонной лестницы на улице";"1";
"ширина бетонных ступеней";"1";
"бетонные накладки на ступени лестницы";"1";
"бетонные плиты ступени";"1";
"деревянные ступени на бетонную лестницу";"1";
"как отремонтировать бетонные ступени";"1";
"как отремонтировать бетонные ступени лестницы";"1";
"как отремонтировать бетонные ступени лестницы на улице";"1";
"как отремонтировать бетонные ступени на улице";"1";
"как уложить бетонные ступени";"1";
"металлическая лестница с бетонными ступенями";"1";
"монтаж ступеней из дпк на бетонную лестницу";"1";
"накладки на бетонные ступени уличные";"1";
"расчет бетонных ступеней";"1";
"установка деревянных ступеней на бетонную лестницу";"1";
"установка ступеней на бетонную лестницу";"1";
"чем покрыть уличные бетонные ступени";"1";
"бетонные ступени 1 1";"1";
"бетонные ступени серия";"1";
"как залить бетонные ступени";"1";
"форма для бетонных ступеней";"1";
"ремонт бетонных ступеней лестницы на улице";"1";
"монтаж бетонных ступеней расценка";"1";
"сборные бетонные ступени";"1";
"ремонт бетонных ступеней расценка в смете";"1";
"ремонт ступеней бетонных смета";"1";
"краска для ступеней бетонной лестницы";"1";
"отделка бетонных ступеней";"1";
"отделка ступеней бетонной лестницы";"1";
"бетонные заборы";"1056";
"бетонный забор";"1056";
"купить бетонный забор";"165";
"бетонные столбы для забора";"141";
"бетонные блоки для забора";"117";
"бетонный забор под заборы";"68";
"бетонные столбы для забора купить";"58";
"бетонный забор секционный";"46";
"бетонные блоки для забора купить";"41";
"бетонный забор в екатеринбурге";"29";
"бетонные блоки для столбов забора";"25";
"бетонные опоры для забора";"24";
"бетонная лента под забор";"23";
"бетонные забор бу";"22";
"бетонный забор купить в екатеринбурге";"22";
"купить бетонный блоки для столбов забора";"21";
"бетонный забор своими руками";"20";
"бетонный забор ссср";"20";
"куплю бетонные заборы бу";"19";
"купить бетонные модульные блоки для столбов забора";"18";
"модульный забор бетонный";"18";
"как называется бетонный забор";"16";
"литые бетонные заборы";"15";
"блок бетонный пустотелый для забора";"15";
"бетонные колпаки на забор";"14";
"заборы бетонные сделать";"13";
"установка бетонного забора";"13";
"бетонный забор касли";"13";
"колпак бетонный на столб забора";"12";
"бетонный забор цена";"12";
"сборный бетонный забор";"12";
"металлические бетонные заборы";"11";
"залить бетонный забор";"11";
"чем покрасить бетонный забор";"11";
"бетонный забор ссср как называется";"11";
"забор бетонный заливка";"11";
"бетонный забор ромбиком";"10";
"авито бетонный забор";"10";
"бетонный забор 3 метра";"10";
"чем покрасить бетонную ленту забора";"10";
"ремонт бетонных заборов";"10";
"красим бетонный забор";"10";
"забор на бетонной ленте";"9";
"бетонный забор на участке";"9";
"бетонная опора для столба забора";"9";
"бетонный забор со 24.25";"9";
"бетонный забор со 24.25 160";"9";
"бетонный забор сысерть";"9";
"бетонный забор по 2";"8";
"бетонные панели для забора";"8";
"стоимость бетонного забора";"8";
"бетон бетонные заборы";"8";
"бетонные столбы для забора своими руками";"8";
"высота бетонного забора";"8";
"3д забор бетонный";"8";
"забор с бетонным основанием";"8";
"бетонные заборы москва";"8";
"как обделать бетонные столбики у забора";"7";
"блок для забора пустотелый бетонный купить екатеринбург";"7";
"бетонный забор город касли";"7";
"бетонная крышка на забор";"7";
"купить бу бордюры бетонные забора в среднеуральске";"7";
"столбы для забора бетонные 3 метра";"7";
"вес бетонного забора";"7";
"бетонные стойки для забора";"7";
"блоки бетонные для забора royal";"7";
"краска для бетонного забора";"7";
"установим бетонный забор";"7";
"бетонный ростверк для забора";"7";
"монтаж бетонного забора";"6";
"купить бетонный забор цена заборы";"6";
"производство бетонных заборов";"6";
"наборный бетонный забор";"6";
"поставить бетонный забор";"6";
"бетонный забор жалюзи";"6";
"купить забор бетонный секционный";"6";
"виды бетонных заборов";"6";
"бетонное основание под забор";"6";
"длина бетонных заборов";"5";
"купить опоры бетонные для столбов забора";"5";
"декоративный бетонный забор";"5";
"купить наборной бетонный забор";"5";
"стоимость бетонной плиты забора";"5";
"столбы бетонные для забора купить на wb";"5";
"бетонный забор с надписью";"5";
"глухой бетонный забор";"5";
"бетонные столбы для забора отзывы";"5";
"отзывы бетонного забора";"5";
"бетонный забор гост";"5";
"бетонный забор фото";"5";
"красивый бетонный забор";"5";
"высокие бетонные заборы";"5";
"забор бетонный какой краски";"4";
"бетонный парапет для забора";"4";
"бетонная перемычка для забора";"4";
"бетонные трубы для забора";"4";
"краска для бетонного забора на улице";"4";
"облицовка бетонного забора";"4";
"окраска бетонного забора";"4";
"бетонный забор размеры";"4";
"расценки бетонные заборы";"4";
"ворота к бетонному забору";"4";
"забор бетонный самостоящий";"4";
"забор бетонный самостоящий эо";"4";
"забор на бетонных сваях";"4";
"забор из бетонных секций";"4";
"бетонный фигурный забор";"4";
"забор из бетонных плит";"4";
"бетонные столбы для забора купить в нальчике";"3";
"формы под забор бетонный";"3";
"бетонный забор доска";"3";
"чем закрыть бетонный забор";"3";
"какой краской покрасить бетонный забор";"3";
"советский бетонный забор";"3";
"бетонные секции для забора купить";"3";
"бетонный забор в частном доме";"3";
"типы бетонных заборов";"3";
"бетонный фундамент для забора";"3";
"серые бетонные заборы";"3";
"забор бетонный секционный сборный";"3";
"забор бетонный секционный сборный купить";"3";
"сборные бетонные заборы купить";"3";
"бетонный забор расценка в смете";"3";
"смета бетонный забор";"3";
"бетонные столбики для забора";"3";
"сколько стоит бетонный забор";"3";
"бетонное ограждение забор";"3";
"бетонные заборы заказать";"3";
"бетонный забор пермь";"3";
"бетонный забор пермь купить";"3";
"бетонный забор чертеж";"3";
"купить бетонные блоки для забора в перми";"3";
"толщина бетонного забора";"3";
"покраска бетонного забора";"3";
"бетонный забор работа";"3";
"лента под забор своими руками бетонная";"3";
"тумба под бетонный забор";"2";
"тумбы бетонного забора";"2";
"бетонные заборы в бресте цена и фото";"2";
"бетонный забор в бресте";"2";
"бетонный забор цена брест";"2";
"купить бетонный забор в бресте";"2";
"фото бетонного забора купить";"2";
"цена бетонного забора фото";"2";
"отливы на бетонный забор";"2";
"бетонные цокольные панели для забора";"2";
"бетонный забор видео";"2";
"бетонный раствор для забора";"2";
"панельный бетонный забор";"2";
"установка бетонных блоков для забора";"2";
"установка бетонных плит забора";"2";
"забор бетонный дешево";"2";
"бетонные столбы для заборов цена";"2";
"купить бетонные плиты для забора";"2";
"купить бетонные столбы для забора цена";"2";
"купить панели бетонные забора";"2";
"форма для бетонного забора";"2";
"формы для бетонного забора купить";"2";
"бетонные заборы технология";"2";
"заборы из архитектурного бетона бетонные";"2";
"заборы из архитектурного бетона бетонные екатеринбург";"2";
"бетонные столбы под забор";"2";
"готовые бетонные заборы";"2";
"бетонный забор с колючей проволокой";"2";
"бетонный забор с проволокой";"2";
"бетонный парапет для забора купить";"2";
"светильник на бетонный забор";"2";
"сколько весит бетонный забор";"2";
"опора под бетонный забор";"2";
"бетонный блок для основания забора";"2";
"бетонный забор ссср размеры";"2";
"бетонный забор челябинск";"2";
"бетонный стакан для забора";"2";
"бетонный цоколь забора";"2";
"забор с бетонными столбами и цоколем";"2";
"стяжка бетонные заборы";"2";
"текстура бетонного забора";"2";
"строительство бетонных заборов";"2";
"бетонный столб забора декоративный";"2";
"блок декоративный бетонный для заборов";"2";
"блоки для забора бетонные декоративные столбы";"2";
"бетонные столбики под забор";"2";
"бетонная лента под забор цена";"2";
"бетонные колонны для забора";"2";
"бетонные секции для столбов забора";"2";
"бетонный желоб для канавы вдоль забора";"2";
"забор на бетонной ленте плюсы и минусы";"2";
"конструкция бетонного забора";"2";
"серии бетонных заборов";"2";
"авито бетонный столб для забора";"2";
"бетонные столбы для заборов область";"2";
"заливка столбов бетонных забора";"2";
"как ставить бетонный забор";"2";
"стакан под бетонный забор";"2";
"бетонные основания для временного забора";"1";
"декор бетонного забора";"1";
"чем обработать бетонный забор";"1";
"чем обработать ленту бетонную забора";"1";
"бетонные заборы снежинск";"1";
"купить бетонную основу под забор";"1";
"бетонно железный забор";"1";
"печи барбекю из бетона";"6";
"печь барбекю из бетона";"6";
"стационарная печь барбекю из бетона в челябинске";"3";
"бетонные лотки водоотводные";"1489";
"лоток водоотводный бетонный";"1489";
"купить лоток водоотводный бетонный";"322";
"лотки водоотводные бетонные в екатеринбурге";"255";
"лоток водоотводный бетонный купить в екатеринбурге";"155";
"лоток водоотводный бетонный с решеткой";"141";
"лоток водоотводный бетонный betomax";"64";
"водоотводные лотки бетонные высота";"61";
"лоток водоотводный 1000 бетонный";"55";
"лоток бетонный водоотводной лв";"50";
"водоотводные лотки бетонные с чугунными";"50";
"лоток водоотводный бетонный с чугунной решеткой";"49";
"бетонные водоотводные лотки с решетками купить";"39";
"лоток водоотводный бетонный лвб";"37";
"лоток бетонный водоотводный сечение";"35";
"лотки бетонные водоотводные 400";"34";
"дорожный лоток водоотводный бетонный";"33";
"устройство бетонного водоотводного лотка";"33";
"лоток водоотводный бетонный открытый";"33";
"лоток водоотводной бетонный 1000 мм";"31";
"объем лотка водоотводного бетонного";"30";
"лоток водоотводный бетонный е600";"30";
"лоток водоотводный бетонный с решеткой екатеринбург";"29";
"лоток водоотводный бетонный размеры";"29";
"лоток водоотводный бетонный d400";"28";
"лоток водоотводный бетонный dn100";"27";
"лоток водоотводный бетонный коробчатый";"26";
"лоток водоотводный бетонный цена";"26";
"лотки водоотводные бетонные betomax drive";"23";
"лоток водоотводный бетонный класса d400";"23";
"лоток бетонный водоотводный длиной 1000";"22";
"лоток водоотводный бетонный длиной 1000 мм";"22";
"бетонные водоотводные коробчатые лотки со";"22";
"лоток водоотводный бетонный optima";"20";
"лоток водоотводный бетонный лвб optima";"20";
"лоток бетонный водоотводной basic";"19";
"лоток водоотводный betomax basic бетонный";"19";
"лоток водоотводный бетонный dn200";"19";
"лоток водоотводный бетонный aquastok";"19";
"монтаж лотков водоотводных бетонных";"18";
"купить лоток водоотводный бетонный с чугунной";"18";
"купить лоток водоотводный бетонный с чугунной решеткой";"18";
"купить лоток водоотводный бетонный 1000";"18";
"лоток водоотводный бетонный класс нагрузки c250";"17";
"лоток водоотводный бетонный лвб norma";"16";
"лоток водоотводный бетонный dn150";"16";
"лоток бетонный водоотводный 150";"15";
"лоток водоотводный бетонный 300";"15";
"лотки бетонные водоотводные с решеткой щелевой";"15";
"лоток бетонный водоотводный с решеткой чугунной щелевой";"15";
"расчет бетонного водоотводного лотка";"14";
"лоток водоотводный бетонный 50";"14";
"лотки водоотводные бетонные высотой 1000";"14";
"лоток водоотводный бетонный 500";"13";
"лоток водоотводный бетонный на авито свердловская область";"13";
"лоток водоотводный бетонный 200";"12";
"лоток водоотводный бетонный 1000х140х130мм betomax basic";"12";
"лоток водоотводный бетонный лвб aquastok optima";"12";
"как установить лотки водоотводные бетонные";"12";
"лоток водоотводный бетонный dn500";"12";
"водоотводной лоток бетонный с решеткой betomax";"11";
"лоток водоотводный бетонный расценка";"11";
"лоток тротуарный водоотводный бетонный";"10";
"лоток бетонный водоотводной размеры цена";"10";
"лоток водоотводный бетонный с оцинкованной насадкой";"10";
"лоток водоотводный бетонный 100";"10";
"лоток бетонный водоотводный пластиковый";"9";
"лоток водоотводный бетонный 300мм";"9";
"лоток водоотводный бетонный расценка в смете";"9";
"лоток водоотводный бетонный смета";"9";
"лоток водоотводный бетонный с250";"9";
"лоток водоотводный бетонный steepro";"9";
"лоток водоотводный бетонный optima dn200";"9";
"лотки водоотводные бетонные гост";"8";
"лотки бетонные водоотводные фото";"8";
"лоток водоотводный бетонный dn300";"8";
"лоток водоотводный бетонный коробчатый со 300мм";"8";
"лоток водоотводный бетонный серия";"8";
"бетонная обойма водоотводного лотка";"8";
"лоток бетонный для водоотводной канавы";"7";
"лоток водоотводный бетонный форма";"7";
"лоток бетонный водоотводный владивосток";"7";
"установка бетонных лотков водоотводных";"7";
"лоток водоотводный бетонный своими руками";"7";
"водоотводные лотки бетонные с решетками цена";"7";
"лоток водоотводный бетонный steepro m dn200";"7";
"лоток водоотводный бетонный steepro m dn200 h230";"7";
"лоток водоотводный бетонный dn400";"7";
"бетонный водоотводный лоток dn200 размеры";"6";
"лотки водоотводные бетонные в новоуральске";"6";
"лоток водоотводный бетонный дорожный цена";"6";
"лоток водоотводный бетонный купить в каменск уральском";"6";
"лоток водоотводный бетонный коробчатый со 150";"6";
"лоток водоотводный бетонный объем бетона";"6";
"лоток водоотводный бетонный 1 метр";"6";
"лоток водоотводный бетонный л 300";"5";
"лоток водоотводный бетонный аквасток";"5";
"лоток водоотводный бетонный gidrolica";"5";
"лоток бетонный водоотводной размеры цена фото";"5";
"лоток водоотводный бетонный купить в первоуральске";"5";
"бетонная обойма под водоотводные лотки";"5";
"водоотводный лоток бетонный дорожный гост";"5";
"лотки водоотводные бетонные bgu";"4";
"лоток водоотводный бетонный 500х200х60";"4";
"лоток водоотводный бетонный dn";"4";
"лоток водоотводный бетонный steeplus";"4";
"лоток водоотводный бетонный вес";"4";
"лотки бетонные водоотводные лвб 100";"4";
"бетонные водоотводные лотки лв betomax basic";"4";
"лоток водоотводный бетонный gidrolica dn100";"4";
"лотки бетонные водоотводные 3м";"3";
"лоток водоотводный бетонный со стальной решеткой";"3";
"лотки водоотводные бетонные челябинск";"3";
"лоток водоотводный бетонный купить в челябинске";"3";
"лоток водоотводный бетонный дорожный купить";"3";
"бетонный лоток водоотводный с металлической";"3";
"лотки бетонные водоотводные с металлической решеткой";"3";
"лоток бетонный водоотводный bgf";"3";
"лоток водоотводный бетонный лвб 300";"3";
"лоток водоотводный бетонный лвб optima 300";"3";
"устройство бетонных водоотводных лотков расценка";"3";
"лоток бетонный водоотводной 10.14 13";"3";
"лоток водоотводный бетонный лв 10.14 13 б";"3";
"лоток водоотводный лв 10.14 13 бетонный";"3";
"лоток водоотводный бетонный без уклона";"3";
"лоток водоотводный бетонный в нижнем тагиле";"3";
"бетонные каналы и лотки водоотводные";"2";
"лоток водоотводный бетонный для тротуарной плитки";"2";
"производитель бетонных водоотводных лотков";"2";
"лоток бетонный водоотводный узкий";"2";
"лоток водоотводный бетонный 400 мм";"2";
"устройство бетонной обоймы для водоотводного лотка";"2";
"лотки водоотводные бетонные bgu z";"2";
"лоток бетонный водоотводной со 100мм";"2";
"лоток бетонный водоотводный 165 ширина";"2";
"лоток водоотводный бетонный 100мм";"2";
"лоток водоотводный бетонный без решетки";"2";
"лоток водоотводный бетонный гидролика";"2";
"лоток водоотводный бетонный иркутск";"2";
"лоток водоотводный бетонный коробчатый со 100мм";"2";
"лоток водоотводный бетонный лвб aquastok optima 300";"2";
"стоимость водоотводного бетонного лотка";"2";
"устройство водоотводного лотка бетонного смета";"2";
"устройство водоотводных лотков бетонных расценка в смете";"2";
"лоток водоотводный бетонный с уклоном";"2";
"лоток водоотводный бетонный лвб optima 150";"2";
"лоток водоотводный бетонный м3";"2";
"лоток водоотводный бетонный лвб optima 400";"2";
"лоток водоотводный бетонный купить в саратове";"2";
"лоток водоотводный бетонный саратов";"2";
"лоток водоотводный бетонный бу";"2";
"лоток бетонный водоотводный в кирове";"1";
"лоток водоотводный бетонный купить в кирове";"1";
"бетонная крышка на водоотводный лоток";"1";
"лотки водоотводные стандартпарк бетонные";"1";
"лотки бетонные водоотводные широкие";"1";
"лотки водоотводные бетонные гост 32955 2014";"1";
"лоток бетонный 200мм водоотводный";"1";
"лоток водоотводный бетонный дорожный с решеткой";"1";
"лоток водоотводный бетонный дорожный с чугунной решеткой";"1";
"лоток водоотводный бетонный коробчатый со 150мм";"1";
"лоток водоотводный бетонный коробчатый со 200мм";"1";
"лоток водоотводный бетонный леруа";"1";
"установка лотка водоотводного бетонного расценка в смете";"1";
"водоотводный лоток бетонный гидравлическое сечение dn500";"1";
"лоток бетонный водоотводный лв 15.21 21";"1";
"лоток бетонный водоотводный п образный";"1";
"лоток водоотводный бетонный 500х160х50";"1";
"лоток водоотводный для отмостки бетонный";"1";
"кирпич бетонный";"411";
"бетонный кирпич";"411";
"купить бетонный кирпич";"92";
"бетонный кирпич купить в екатеринбурге";"58";
"кирпич бетонный полнотелый";"39";
"бетонные серые кирпичи";"29";
"бетонный кирпич гост";"24";
"кирпич бетонный полуторный";"22";
"бетонная плитка кирпич";"21";
"бетонный кирпич цена";"19";
"кладка бетонного кирпича";"18";
"кирпич бетонный м150";"16";
"размер бетонного кирпича";"14";
"бетонный кирпич м200";"11";
"бетонный кирпич 250х120х88";"10";
"бетонный кирпич полнотелый купить";"9";
"вес бетонного кирпича";"9";
"кирпич бетонный пр 25";"9";
"кирпич бетонный полнотелый купить в екатеринбурге цена";"5";
"сколько весит бетонный кирпич";"4";
"бетонные изделия кирпич";"4";
"кирпич или бетонный блок";"4";
"бетонный фасадный кирпич";"4";
"пустотелые бетонные кирпичи";"4";
"бетонный кирпич для цоколя";"4";
"бетонные кирпичи для фундамента";"3";
"бетонные кирпичи hbm";"3";
"раствор для бетонного кирпича";"3";
"кирпич бетонный декоративный";"3";
"как сделать бетонный кирпич";"3";
"бетонный раствор для кладки кирпича";"2";
"декоративный бетонный кирпич фасадный";"2";
"кирпич бетонный облицовочный";"2";
"кирпич бетонный м100";"2";
"кирпич бетонный полнотелый 250х120х88";"2";
"кирпич бетонный полнотелый 250х120х88 цена";"2";
"кирпич бетонный и керамический";"2";
"марка бетонного кирпича";"2";
"строительный бетонный кирпич";"2";
"кирпич бетонный полый";"2";
"дом бетонный блок кирпич";"1";
"производства бетонной кирпич";"1";
"кирпич бетонный сертификат";"1";
"кирпич вибропрессованный бетонный";"1";
"бетонные кирпичи для стен";"1";
"бетонный кирпич применение";"1";
"стена кирпич бетонный блок";"1";
"кладка столбов из бетонных кирпичей";"1";
"бетонный кирпич своими руками";"1";
"кирпичи под бетонные кольца";"1";
"полистиролбетонные блоки";"525";
"купить полистиролбетонные блоки";"167";
"полистиролбетонные блоки екатеринбурге";"69";
"полистиролбетонные блоки купить в екатеринбурге";"58";
"полистиролбетонные блоки цена";"26";
"минус полистиролбетонного блока";"23";
"полистиролбетонные блоки плюсы";"23";
"полистиролбетонные блоки плюсы и минусы";"23";
"полистиролбетонные блоки формы";"23";
"сколько полистиролбетонных блоков";"21";
"как срезать верх в формах полистиролбетонные блоки";"19";
"клей для полистиролбетонных блоков";"19";
"размеры полистиролбетонных блоков";"17";
"полистиролбетонные блоки купить в асбесте";"14";
"купить полистиролбетонные блоки цена";"13";
"полистиролбетонные блоки купить в екатеринбурге цена";"13";
"полистиролбетонный блок характеристики";"11";
"дюбель для полистиролбетонных блоков";"10";
"укладка полистиролбетонных блоков";"10";
"производство полистиролбетонных блоков";"9";
"полистиролбетонные блоки отзывы";"8";
"кладка полистиролбетонных блоков";"8";
"полистиролбетонные блоки строительство";"8";
"полистиролбетонные блоки размером 200на 60 на 40";"7";
"полистиролбетонные блоки купить в сухом логу";"7";
"купить полистиролбетонные блоки в асбест свердловской";"7";
"стены из полистиролбетонных блоков";"7";
"полистиролбетонные блоки минусы отзывы";"5";
"полистиролбетонные блоки отзывы владельцев";"5";
"полистиролбетонные блоки отзывы плюсы и минусы";"5";
"полистиролбетонные блоки плюсы и минусы отзывы владельцев";"5";
"дом из полистиролбетонных блоков";"5";
"полистиролбетонные блоки пиленные";"5";
"клей пена для полистиролбетонных блоков расход";"5";
"полистиролбетонные блоки цена за 1 шт";"5";
"полистиролбетонный блок купить в петровиче";"5";
"сколько полистиролбетонных блоков в 1м3";"5";
"армированные полистиролбетонные блоки";"4";
"полистиролбетонные блоки 200 300 600 цена";"4";
"отзывы полистиролбетонных блоков владельцев домов";"4";
"полистиролбетонные блоки для бани";"4";
"полистиролбетонный блок d500";"3";
"строительство дома из полистиролбетонных блоков";"3";
"полистиролбетонные блоки вес";"2";
"изготовления полистиролбетонные блоки";"2";
"полистиролбетонные блоки оборудование";"2";
"сколько весит полистиролбетонный блок";"2";
"сколько весит полистиролбетонный блок 600х300х200";"2";
"на что кладут полистиролбетонные блоки";"2";
"блоки стеновые полистиролбетонные";"2";
"полистиролбетонные блоки 250";"2";
"дюбель для полистиролбетона полистиролбетонных блоков";"1";
"купить клей для полистиролбетонных блоков";"1";
"нужно ли армировать стену из полистиролбетонных блоков";"1";
"полистиролбетона полистиролбетонные блоки";"1";
"блоки полистиролбетонные плотность d600";"1";
"плотность полистиролбетонных блоков";"1";
"полистиролбетонные блоки гараж";"1";
"вентиляционные блоки жби";"2";
"вентиляционный блок жби";"2";
"пескоблоки";"341";
"пескоблок";"341";
"пескоблоки купить";"97";
"пескоблоки екатеринбург";"43";
"пескоблок купить в екатеринбурге";"28";
"пескоблок цена";"24";
"купить пескоблок в верхней пышме";"18";
"шлакоблок пескоблок";"17";
"пескоблок полнотелый";"13";
"баня из пескоблока";"12";
"пескоблок размеры";"12";
"сколько пескоблоков";"11";
"как правильно соединять пескоблок клеем";"10";
"пескоблок полнотелый купить";"10";
"пескоблок 400х200х200 цена екатеринбург";"9";
"купить пескоблок цена";"8";
"производство пескоблока";"8";
"стена из пескоблока";"7";
"вес пескоблока";"7";
"пескоблок своими руками";"6";
"что лучше шлакоблок или пескоблок";"6";
"раствор для кладки пескоблоков";"6";
"раствор для пескоблока";"6";
"завод по производству пескоблоков в верхней пышме";"6";
"пескоблок сколько в кубе";"5";
"сколько стоит пескоблок";"5";
"пескоблоки стоимость";"5";
"пескоблоки стоимость в екатеринбурге за куб";"5";
"купить пескоблок в камышлове";"5";
"мангал из пескоблока";"4";
"забор пескоблок";"4";
"пескоблок цена за штуку";"4";
"вес пескоблока 400х200х200";"4";
"кирпич пескоблок";"4";
"утепленный пескоблок";"3";
"фундамент из пескоблока";"3";
"пескоблок минусы";"3";
"пескоблок плюсы минусы";"3";
"пескоблоки плюсы";"3";
"пескоблок подвал";"3";
"сделать пескоблок";"3";
"размер пескоблока стандартный";"3";
"стандартный пескоблок";"3";
"станок для пескоблока";"3";
"как класть пескоблок";"3";
"пескоблок с фаской";"3";
"пропорции для пескоблока";"3";
"сколько стоит куб пескоблоков";"3";
"клей для пескоблоков";"2";
"пескоблок и шлакоблок разница";"2";
"пескоблок бишкек";"2";
"пескоблок фундаментный";"2";
"пескоблоки в домашних условиях";"2";
"гараж из пескоблока";"2";
"калькулятор пескоблока";"2";
"расчет пескоблока калькулятор";"2";
"расчет пескоблоков";"2";
"строим из пескоблока";"2";
"беседка из пескоблоков";"1";
"вес пескоблока 400х200х200 пустотелые";"1";
"вес пустотелого пескоблока";"1";
"кладка из пескоблока";"1";
"пескоблок пустотелый";"1";
"пескоблок толщина";"1";
"укладка пескоблоков";"1";
"дом из пескоблока";"1";
"дом из пескоблока плюсы и минусы";"1";
"купить пескоблоки в иркутске";"1";
"пескоблок иркутск";"1";
"пескоблоки купить в иркутске цена";"1";
"рассчитать пескоблок";"1";
"цена пескоблока в иркутске";"1";
"сколько весит 1 пескоблок";"1";
"сколько весит пескоблок";"1";
"блок пескоблок";"1";
"пескоблок для строительства дома";"1";
"сколько нужно пескоблоков";"1";
"смесь для пескоблоков";"1";
"как укладывать пескоблок";"1";
"пескоблок поддон";"1";
"сколько пескоблока в поддоне штук";"1";
"сколько пескоблоков в поддоне";"1";
"станок для производства пескоблока";"1";
"строительство из пескоблока";"1";
"чертеж станка для производства пескоблоков";"1";
"арболитовые блоки";"1131";
"арболитовые блоки купить";"249";
"арболитовые блоки свердловская область";"118";
"арболитовые блоки цена";"117";
"арболитовые блоки купить в свердловской";"103";
"арболитовые блоки купить в свердловской области";"103";
"арболитовый блок екатеринбург";"55";
"сколько арболитовых блоков";"52";
"арболитовые блоки купить цена";"46";
"куб арболитовых блоков";"43";
"арболитовые блоки купить от производителя";"40";
"производители арболитовых блоков";"40";
"арболитовые блоки размеры";"36";
"арболитовые блоки от производителя цена";"35";
"купить арболитовые блоки от производителя цены";"35";
"кладка арболитовых блоков";"32";
"арболитовые блоки цена за куб";"31";
"цена куба арболитовых блоков";"31";
"лучшие арболитовые блоки";"31";
"арболитовые блоки минусы";"30";
"арболитовые блоки плюсы";"30";
"арболитовые блоки плюсы и минусы";"30";
"купить арболитовый блок цена за куб";"29";
"нужны арболитовые блоки";"27";
"производство арболитовых блоков";"26";
"сколько стоит арболитовый блок";"24";
"дом из арболитовых блоков";"17";
"станок для арболитовых блоков";"16";
"изготовление арболитовых блоков";"16";
"арболитовые блоки цена за штуку";"16";
"как класть арболитовые блоки";"16";
"арболитовые блоки купить в екатеринбурге";"16";
"какие арболитовые блоки лучше";"16";
"арболитовые блоки в челябинске";"15";
"баня из арболитовых блоков";"15";
"арболитовые блоки своими руками";"15";
"арболитовые блоки что это за материал";"14";
"арболитовые блоки купить в красноуфимске";"13";
"крепление стропил на арболитовые блоки";"11";
"пропорции для арболитовых блоков";"10";
"арболитовые блоки отзывы";"10";
"как правильно класть арболитовые блоки";"10";
"клей для арболитовых блоков";"9";
"арболитовые блоки тюмень";"9";
"штукатурка для арболитовых блоков";"9";
"сколько нужно арболитовых блоков";"8";
"кладка арболитовых блоков цена за работу";"8";
"сколько весит арболитовый блок";"7";
"оборудование для арболитовых блоков";"7";
"оборудование для производства арболитовых блоков";"7";
"арболитовый блок цена в екатеринбурге";"7";
"чем штукатурить арболитовые блоки";"7";
"размер арболитового блока для стен";"7";
"авито арболитовый блок";"6";
"цена арболитового блока 200х300х600";"6";
"цена арболитового блока 200х300х600 за штуку";"6";
"какая пропорция нужна для арболитовых блоков";"6";
"сколько арболитовых блоков в поддоне";"6";
"сколько арболитовых блоков в поддоне штук";"6";
"смесь для арболитовых блоков";"6";
"арболитовые блоки 500";"6";
"как укладывать арболитовые блоки";"6";
"арболитовые блоки плюсы и минусы при строительстве";"6";
"сколько арболитовых блоков в кубе";"6";
"строительство из арболитовых блоков";"5";
"арболитовые блоки самому";"5";
"как класть арболитовые блоки самому";"5";
"как класть арболитовые блоки самому правильно";"5";
"арболитовые блоки купить в нижнем";"5";
"арболитовые блоки купить в нижнем тагиле";"5";
"арболитовый блок в серове";"5";
"арболитовый блок крепче пеноблока";"5";
"чем пилить арболитовые блоки";"5";
"арболитовые блоки для гаража";"5";
"арболитовые блоки уфа";"5";
"арболитовые блоки цена в челябинске";"5";
"арболитовые блоки цена за штуку в уфе";"5";
"цена арболитовых блоков в уфе";"5";
"арболитовые блоки 500 300 20 штук поддоне";"5";
"арболитовые блоки подойдут ли для строительства бани";"5";
"арболитовый блок 300 300 500";"5";
"арболитовый блок 500мм на 400мм";"5";
"кладочная смесь для арболитовых блоков";"5";
"купить оборудование арболитовые блоки";"5";
"оборудование для производства арболитовых блоков купить";"5";
"производство арболитовых блоков купить";"5";
"технология арболитовых блоков";"5";
"баня арболитовые блоки минусы";"4";
"арболитовый блок гост";"4";
"арболитовые блоки что это за материал отзывы";"4";
"линия арболитовых блоков";"4";
"арболитовые блоки из чего сделаны";"4";
"вес арболитового блока";"4";
"где купить арболитовые блоки";"4";
"из чего делают арболитовые блоки";"4";
"арболитовые блоки купить авито";"4";
"арболитовые блоки для строительства дома";"4";
"посчитать арболитовые блоки";"4";
"кладка арболитовых блоков своими руками";"4";
"сколько весит арболитовый блок 200х300х500";"3";
"сколько весит арболитовый блок 200х300х500 сухой";"3";
"арболитовые блоки стоимость";"3";
"рассчитать арболитовые блоки";"3";
"арболит арболитовые блоки";"3";
"арболитовые блоки сколько штук в кубе";"3";
"брус на арболитовый блок";"3";
"куб арболитовых блоков сколько штук";"3";
"покажи арболитовые блоки";"3";
"станок изготовление арболитовых блоков";"3";
"калькулятор арболитовых блоков";"3";
"арболитовых блоков под фундамент";"3";
"линия по производству арболитовых блоков";"3";
"на что класть арболитовые блоки лучше";"3";
"строить из арболитовых блоков";"3";
"завод арболитовых блоков";"3";
"арболитовые блоки в домашних условиях";"3";
"арболитовые блоки своими руками в домашних";"3";
"арболитовые блоки своими руками в домашних условиях";"3";
"1 арболитовый блок цена";"3";
"кладка арболитовых блоков своими руками пошаговая инструкция";"3";
"арболитовые блоки характеристики";"2";
"на какой раствор кладут арболитовые блоки";"2";
"продажа арболитовых блоков";"2";
"арболитовые блоки на клей пену";"2";
"арболитовые блоки на пену";"2";
"арболитовые блоки в кургане";"2";
"арболитовые блоки купить томске";"2";
"арболитовый блок томск";"2";
"арболитовый блок или газоблок";"2";
"технология изготовления арболитовых блоков";"2";
"что лучше газоблок или арболитовый блок";"2";
"баня из арболитовых блоков плюсы и минусы";"2";
"арболитовые блоки стандарт";"2";
"калькулятор арболитовых блоков на дом";"2";
"размер арболитового блока стандарт";"2";
"баня из арболитовых блоков своими руками";"2";
"вес арболитового блока 600х300х200";"2";
"арболитовые блоки пермь";"2";
"купить арболитовые блоки пермь";"2";
"строим дом из арболитовых блоков";"2";
"клей для арболитовых блоков цена";"2";
"арболитовые блоки состав";"2";
"арболитовые блоки с облицовкой";"2";
"арболитовые блоки с облицовкой купить";"2";
"блок арболитовый цена тюмень";"2";
"арболитовые блоки г";"2";
"размеры арболитовых блоков для наружных стен";"2";
"сколько стоит куб арболитовых блоков";"2";
"арболитовые блоки или газобетонные";"2";
"арболитовые или газобетонные блоки что лучше";"2";
"дом из арболитовых блоков минусы";"2";
"дом из арболитовых блоков плюсы и минусы";"2";
"дом из арболитовых блоков своими руками";"2";
"из чего делают арболитовые блоки для строительства";"2";
"плюсы дома из арболитовых блоков";"2";
"рецепт арболитовых блоков";"2";
"фундамент из арболитовых блоков";"2";
"чем резать арболитовые блоки";"1";
"арболитовые блоки расчет";"1";
"арболитовый блок дом одноэтажный";"1";
"калькулятор расчета арболитовых блоков";"1";
"нужно ли армировать арболитовые блоки";"1";
"построить дом из арболитовых блоков";"1";
"рассчитать арболитовые блоки на дом";"1";
"арболитовые блоки 500х300х200";"1";
"арболитовые блоки прочность";"1";
"сколько в кубе арболитовых блоков 500х300х200";"1";
"фасадная штукатурка для арболитовых блоков";"1";
"чем лучше пилить арболитовые блоки";"1";
"чем распилить арболитовый блок";"1";
"армопояс на арболитовые блоки";"1";
"как сделать армопояс арболитовых блоков";"1";
"построить баню из арболитового блока";"1";
"арболитовые блоки плиты";"1";
"арболитовые блоки ширина";"1";
"раствор для арболитовых блоков";"1";
"раствор для кладки арболитовых блоков";"1";
"смесь для кладки арболитовых блоков";"1";
"цена арболитовый блок отзывы";"1";
"арболитовые блоки размеры и цена";"1";
"арболитовые блоки сколько нужно на дом";"1";
"размер арболитового блока стандарт и цена";"1";
"арболитовые блоки фото";"1";
"какие размеры блоков арболитовые";"1";
"арболитовые блоки отзывы владельцев";"1";
"арболитовые блоки отзывы владельцев домов минусы";"1";
"арболитовые блоки отзывы владельцев минусы";"1";
"арболитовые блоки отзывы минусы";"1";
"арболитовые блоки плюсы и минусы отзывы";"1";
"дом из арболитовых блоков отзывы";"1";
"дом из арболитовых блоков отзывы владельцев";"1";
"завод по производству арболитовых блоков";"1";
"можно ли строить баню из арболитовых блоков";"1";
"можно строить баню из арболитовых блоков";"1";
"строим баню из арболитовых блоков";"1";
"строю баню из арболитовых блоков";"1";
"строят ли бани из арболитовых блоков";"1";
"перегородочные блоки";"597";
"блок перегородочный";"597";
"купить блок перегородочный";"104";
"силикатный перегородочный блок";"86";
"блок перегородочный размеры";"69";
"блок перегородочный 100";"49";
"блоки перегородочные екатеринбург";"43";
"перегородочные блоки купить екатеринбурге";"34";
"газобетонные блоки перегородочные";"28";
"блок перегородочный газосиликатный";"27";
"поревит перегородочный блок";"25";
"блок силикатный перегородочный поревит";"24";
"блок перегородочный 100 мм";"23";
"перегородочный блок газобетон";"23";
"блок стеновой перегородочный";"21";
"блок гипсовый перегородочный";"20";
"блок межкомнатный перегородочный";"19";
"блок межкомнатный перегородочный размеры";"13";
"блок силикатный перегородочный купить";"13";
"перегородочный блок газобетон размеры";"12";
"цена перегородочного блока";"12";
"блок силикатный перегородочный поревит 498x80x248";"11";
"блок перегородочный 150";"11";
"блок силикатный перегородочный поревит 498x80x248 мм";"10";
"погреб из перегородочного блока";"10";
"блок стеновой перегородочный гипсовый оппозитный";"10";
"блок перегородочный 200";"9";
"блок перегородочный влагостойкий";"9";
"кладка перегородочных блоков";"9";
"пенополистирол блоки перегородочные в екатеринбурге";"8";
"сколько весит перегородочный блок";"8";
"перегородочный блок d500";"8";
"блок перегородочный газосиликатный 150";"8";
"размеры стеклянных перегородочных блоков";"8";
"керамический блок перегородочный купить";"7";
"перегородочные керамические блоки";"7";
"купить перегородочный блок на 100";"7";
"как называются перегородочные блоки";"7";
"блок перегородочный газосиликатный 100";"7";
"блок перегородочный газосиликатный 100 мм";"7";
"блок перегородочный 80";"7";
"блок перегородочный 80 мм";"7";
"вес перегородочного блока";"7";
"перегородка из перегородочного блока";"7";
"газобетонный блок перегородочный d500 625х100х250 мм купить";"7";
"купить перегородочные газобетонные блоки";"7";
"перегородочные блоки полнотелые";"5";
"сколько стоит перегородочный блок";"5";
"сколько стоит перегородочный блок свердловская область";"5";
"блок гипсовый перегородочный 100";"5";
"блок стеновой перегородочный гипсовый оппозитный 100 мм";"5";
"силикатный блок перегородочный нижний тагил";"5";
"перегородочные блоки из арболита";"5";
"перегородочные блоки оренбург";"5";
"перегородочный блок оренбург купить";"5";
"продам блок перегородочный тюмень";"5";
"блок перегородочный 100 мм цена";"5";
"блок перегородочный 100 цена";"5";
"блок перегородочный газосиликатный 100 мм цена";"5";
"блоки перегородочные газосиликатные цена";"5";
"блоки перегородочные межкомнатные стеновые";"4";
"блок керамзитобетонный перегородочный";"4";
"газобетон 80 мм перегородочные блоки";"4";
"блок перегородочный керамзитобетон";"4";
"купить блок газосиликатный перегородочный";"4";
"блок перегородочный газоблок";"4";
"пазогребневые перегородочные блоки";"4";
"перегородочные блоки гост";"4";
"блок перегородочный 80мм";"4";
"чем резать силикатный блок перегородочный";"3";
"стена из перегородочного блока";"3";
"перегородочные блоки в квартиру";"3";
"блок перегородочный 75 мм";"3";
"перегородочный блок 75";"3";
"сколько в кубе перегородочных блоков";"3";
"сколько кубов в перегородочном блоке";"3";
"блок бетонный перегородочный";"3";
"каких размеров бывают перегородочные блоки";"2";
"какой размер перегородочного блока";"2";
"блок перегородочный 120";"2";
"блоки перегородочные газобетон цена";"2";
"блоки перегородочные межкомнатные стеновые размеры";"2";
"перегородочный блок газобетон цена за штуку";"2";
"цена перегородочного блока за штуку";"2";
"строительные перегородочные блоки";"2";
"блок перегородочный газосиликатный 75 мм";"2";
"блок перегородочный пазогребневый";"2";
"укладка перегородочного блока";"2";
"блоки перегородочные 90";"2";
"блоки перегородочные межкомнатные купить";"2";
"блоки перегородочные межкомнатные стеновые купить";"2";
"инси блок перегородочный";"2";
"купить блок стеновой перегородочный";"2";
"блок перегородочный пустотелый";"2";
"блок перегородочный купить нижний";"2";
"авито блок перегородочный";"2";
"виды перегородочных блоков";"2";
"перегородочный блок 10";"1";
"расчет перегородочных блоков";"1";
"сколько весит перегородочный блок из газобетона";"1";
"блок бетонный перегородочный пазогребневый";"1";
"блоки перегородочные пазогребневые бетонные";"1";
"блок перегородочный 50";"1";
"блок перегородочный керамзитобетонный полнотелый";"1";
"гараж из перегородочного блока";"1";
"калькулятор перегородочных блоков";"1";
"перегородочный блок бетонный полнотелый";"1";
"перегородочный кирпич блок";"1";
"силикатный перегородочный блок 80";"1";
"силикатный перегородочный блок 80 мм";"1";
"ширина газобетонного блока перегородочного";"1";
"ширина перегородочного блока";"1";
"блок гипсовый перегородочный 80";"1";
"блок гипсовый перегородочный 80 мм";"1";
"купить керамзитобетонные блоки перегородочные";"1";
"силикатный блок перегородочный 100";"1";
"вес перегородочного блока керамзитобетона";"1";
"кладка перегородочных блоков цена";"1";
"сколько перегородочных блоков на поддоне";"1";
"стеновые блоки для дома";"0";
"наливной промышленный пол";"33";
"промышленные наливные полы";"33";
"промышленные наливные полы купить";"10";
"наливные промышленные полимерные полы";"5";
"наливной пол для промышленных помещений";"5";
"наливной пол для промышленных помещений купить";"2";
"промышленный полиуретановый наливной пол";"2";
"промышленный наливной пол цены";"2";
"промышленный наливной пол толщина";"2";
"наливной промышленный пол самовыравнивающийся";"1";
"промышленные эпоксидный наливной пол";"1";
"наливной пол промышленных слои";"1";
"промышленные наливные полы устройство";"1";
"промышленный наливной бетонный пол";"1";
"промышленный наливной пол элакор";"1";
"элакор пу наливной пол промышленный";"1";
"топпинг для бетонного пола";"32";
"топпинг для бетонных полов купить";"11";
"топпинг для бетонного пола купить в екатеринбурге";"8";
"жидкий топпинг для бетонного пола";"3";
"расход топпинга для бетонных полов";"1";
"толщина топпинга для бетонного пола";"1";
"топпинг для бетонного пола технология";"1";
"топпинг для бетонного пола технология производства работ";"1";
"топпинг для упрочнения бетонных полов";"1";
"упрочнитель топпинг для бетонных полов";"1";
"упрочнитель топпинг для бетонных полов sika";"1";
"эпоксидное покрытие для пола";"47";
"эпоксидное двухкомпонентное покрытие для пола";"10";
"эпоксидное покрытие для бетонного пола";"10";
"эпоксидная смола для покрытия пола";"8";
"состав двухкомпонентный эпоксидный самовыравнивающийся для покрытия пола";"7";
"эпоксидный самовыравнивающийся для покрытия пола";"7";
"эпоксидное покрытие для пола сделай пол";"4";
"эпоксидное наливное покрытие для пола";"3";
"эпоксидное покрытие для пола в гараже";"2";
"эпоксидное покрытие для пола в гараже бетонного";"2";
"эпоксидное покрытие для пола купить";"1";
"эпоксидное покрытие для пола серое";"1";
"эпоксидное покрытие для пола цена";"1";
"гидроизоляция бетона";"2306";
"гидроизоляция для бетона";"1797";
"гидроизоляция бетона пенетрон";"666";
"проникающая гидроизоляция для бетона";"624";
"проникающая гидроизоляция для бетона пенетрон";"240";
"купить гидроизоляцию для бетона";"232";
"жидкая гидроизоляция для бетона";"169";
"проникающая гидроизоляция для бетона купить";"126";
"пенетрон гидроизоляция для бетона купить";"87";
"гидроизоляция для бетона акватрон";"86";
"лучшая гидроизоляция для бетона";"86";
"применение пенетрона для гидроизоляции бетона";"84";
"проникающая гидроизоляция для бетона акватрон";"76";
"добавка в бетон для гидроизоляции";"74";
"пенетрон гидроизоляция для бетона инструкция";"72";
"гидроизоляция под бетон";"66";
"гидроизоляция бетона цена";"63";
"битумная гидроизоляция для бетона";"61";
"пенетрон проникающая гидроизоляция бетона купить";"60";
"пенетрон гидроизоляция для бетона инструкция по применению";"60";
"пенетрон гидроизоляция для бетона проникающая инструкция";"57";
"проникающая гидроизоляция для бетона какая";"56";
"гидроизоляция бетона работы";"55";
"жидкое стекло как гидроизоляция для бетона";"55";
"пенетрон гидроизоляция для бетона цена";"54";
"гидроизоляция бетона наружная";"52";
"гидроизоляция глубокого проникновения для бетона";"50";
"гидроизоляция для бетона глубокого";"50";
"мастика для гидроизоляции бетона";"49";
"лучшая проникающая гидроизоляция для бетона";"44";
"гидроизоляция для бетона какая лучше";"44";
"обмазочная гидроизоляция для бетона";"44";
"гидроизоляция пола бетона";"43";
"пенетрон проникающая гидроизоляция бетона цена";"39";
"проникающая гидроизоляция бетона цена";"39";
"проникающая гидроизоляция для бетона какая лучше";"38";
"гидроизоляция бетона на улице";"37";
"купить гидроизоляция проникающая для бетона цена";"36";
"купить пенетрон гидроизоляция проникающая для бетона цена";"36";
"проникающая гидроизоляция для бетона купить в екатеринбурге";"32";
"битумная мастика для гидроизоляции бетона";"29";
"гидроизоляция бетона от влаги";"29";
"гидроизоляция для бетона глубокого проникновения от влаги";"29";
"гидроизоляция глубокого проникновения для бетона купить";"27";
"гидроизоляция для бетона морозостойкая";"26";
"смесь для гидроизоляции бетона";"26";
"гидроизоляция поверхности бетона";"25";
"гидроизоляция фундамента бетоном";"23";
"пенекрит гидроизоляция для бетона";"22";
"купить жидкую гидроизоляцию для бетона";"20";
"гидроизоляция для швов в бетоне";"20";
"внутренняя гидроизоляция бетона";"20";
"праймер для гидроизоляции бетона";"19";
"проникающая гидроизоляция для бетона пенетрон описание";"18";
"бетон контакт гидроизоляция";"18";
"гидроизоляция бетона на улице морозостойкая";"18";
"гидроизоляция бетона на улице морозостойкая для наружных";"18";
"мастика резино битумная для бетона гидроизоляции";"17";
"гидроизоляция между бетоном и бетоном";"17";
"гидроизоляция стены бетона";"17";
"гидроизоляция бетона ремонтная";"17";
"жидкая резина для гидроизоляции бетона";"16";
"гидроизоляция бетона балкона";"16";
"полимерная гидроизоляция для бетона";"16";
"ремонт гидроизоляции бетона";"16";
"гидроизоляция для бетона церезит";"15";
"гидроизоляция проникающая пенетрон для бетона 5 кг";"15";
"как использовать жидкое стекло для гидроизоляции бетона";"15";
"гидроизоляция бетона бассейна";"14";
"жидкая гидроизоляция для бетона для наружных";"14";
"гидроизоляция отмостки из бетона";"14";
"гидроизоляция бетона отзывы";"13";
"пенетрон гидроизоляция для бетона как пользоваться";"13";
"гидроизоляция для заливки бетона";"13";
"какую гидроизоляции на бетон";"13";
"сухая гидроизоляция по бетону";"13";
"шовная гидроизоляция для бетона";"13";
"пенетрон гидроизоляция для бетона 25 кг";"13";
"гидроизоляция для бетона в подвале";"12";
"полиуретановая гидроизоляция для бетона";"12";
"гидроизоляция жидкая для бетона наружных работ";"12";
"какую гидроизоляцию нанести на бетон";"12";
"обмазочная гидроизоляция для бетона битумная";"11";
"инъекционная гидроизоляция для бетона";"11";
"средство для гидроизоляции бетона";"11";
"акватрон гидроизоляция для бетона проникающая инструкция";"11";
"состав для гидроизоляции бетона";"11";
"битумный праймер для гидроизоляции бетона";"10";
"гидроизоляция отверстий в бетоне";"10";
"акватрон гидроизоляция для бетона купить";"10";
"проникающая гидроизоляция для бетона акватрон купить";"10";
"гидроизоляция элемент для бетона";"10";
"гидроизоляция трещин в бетоне";"10";
"гидроизоляция бетона изнутри";"10";
"гидроизоляция перед заливкой бетона";"10";
"гидроизоляция для бетона технониколь";"10";
"проникающая гидроизоляция для бетона для подвалов";"10";
"краска для гидроизоляции бетона";"10";
"стык бетона гидроизоляция";"9";
"рейтинг гидроизоляции для бетона";"9";
"проникающий состав для гидроизоляции бетона";"9";
"гидроизоляция швов и примыканий бетона";"9";
"расход гидроизоляции бетона";"9";
"сухие смеси для гидроизоляции бетона";"9";
"озон гидроизоляция для бетона";"9";
"гидроизоляция бетона аналог пенетрона";"9";
"ремонт и гидроизоляция швов бетон";"8";
"пенетрон гидроизоляция для бетона отзывы";"8";
"эластичная гидроизоляция для бетона";"8";
"пенетрон гидроизоляция для бетона как работает";"8";
"шнур для гидроизоляции швов бетона";"8";
"пенетрон гидроизоляция для бетона проникающая 25 кг";"8";
"проникающая гидроизоляция для бетона элемент";"8";
"гидроизоляция жидкая для бетона внутренних работ";"8";
"пенетрон адмикс гидроизоляция для бетона";"8";
"акватрон 6 гидроизоляция для бетона проникающая";"7";
"купить гидроизоляцию для бетона на улице";"7";
"гидроизоляция для швов в бетоне при заливке";"7";
"полиуретановая мастика для гидроизоляции бетона";"7";
"добавка в бетон для гидроизоляции бассейна";"7";
"проникающая гидроизоляция для бетона для фундамента";"7";
"гидроизоляция для бетона для ванной";"7";
"гидроизоляция бетона сп";"7";
"цементная гидроизоляция для бетона";"7";
"гидроизоляция для наружной бетона купить";"7";
"купить жидкую гидроизоляцию для бетона для наружных";"7";
"гидроизоляция для бетона проникающая w16";"7";
"элемент гидроизоляция для бетона проникающая w16";"7";
"гидроизоляция пола в гараже по бетону";"7";
"защита бетона гидроизоляция";"7";
"добавки в бетон для гидроизоляции погреба";"6";
"пенетрон гидроизоляция для бетона цена 25 кг";"6";
"жидкое стекло как гидроизоляция для бетона купить";"6";
"плитонит грунт бетон контакт это гидроизоляция";"6";
"гидроизоляция бетона в бане";"6";
"гидроизоляция бетона пола в бане";"6";
"оклеечная гидроизоляция бетона";"6";
"проникающая гидроизоляция для бетона церезит";"6";
"гидроизоляция бетона и кирпича";"6";
"пенетрон гидроизоляция для бетона расход";"6";
"гидроизоляция на сырой бетон";"6";
"пенетрон адмикс гидроизоляция для бетона проникающая";"5";
"гидроизоляция потолка бетона";"5";
"краска для гидроизоляции бетона купить в екатеринбурге";"5";
"гидроизоляция пола под бетон";"5";
"гидроизоляция для бетона сикатоп501";"5";
"заделать щели в бетоне гидроизоляция купить";"5";
"полимерная гидроизоляция для бетона для наружных работ";"5";
"гидроизоляция для стыков и швов по бетону";"5";
"защитный слой бетона гидроизоляция";"5";
"защитный слой бетона на оклеечной гидроизоляции";"5";
"пенетрон гидроизоляция для бетона проникающая расход";"4";
"проникающая гидроизоляция для бетона рейтинг";"4";
"пена для гидроизоляции швов в бетоне";"4";
"гидроизоляция для бетона фундамента проникающая элемент w16";"4";
"гидроизоляция на основе цемента для бетона";"4";
"как наносить гидроизоляцию на бетон";"4";
"гидроизоляция холодного шва бетона";"4";
"гидроизоляция бетона гэсн";"4";
"гидроизоляция бетона изнутри помещения";"4";
"ремонтная смесь для бетона гидроизоляция";"4";
"гидроизоляция бетон крыша";"4";
"чем сделать гидроизоляцию бетона";"4";
"купить гидроизоляцию для бетона наружных работ";"4";
"гидроизоляция подпорной стены из бетона";"4";
"бетон без гидроизоляции";"4";
"гидроизоляцию бетона под плитку";"4";
"гидроизоляция на влажный бетон";"4";
"жидкая гидроизоляция бетона на улице";"4";
"гидроизоляция после заливки бетона";"4";
"гидроизоляция под заливку бетона";"3";
"проникающая гидроизоляция для бетона какие бывают";"3";
"виды гидроизоляции бетона";"3";
"обмазочная гидроизоляция для бетона для наружных работ";"3";
"гидроизоляция бетона снаружи";"3";
"что добавить в бетон для гидроизоляции";"3";
"нужна ли гидроизоляция бетона";"3";
"пенетрон гидроизоляция для бетона проникающая отзывы";"3";
"проникающая гидроизоляция для бетона отзывы";"3";
"двухкомпонентная гидроизоляция для бетона";"3";
"растворы для гидроизоляции бетона";"3";
"смесь для ремонта и гидроизоляции бетона";"3";
"устройство гидроизоляции бетона";"3";
"гидроизоляция металл бетон";"3";
"гидроизоляция проникающего действия для бетона";"3";
"гидроизоляция бетона от грунтовых вод";"3";
"чем обработать бетон для гидроизоляции";"3";
"гидроизоляция для бетона рулонная";"3";
"материал для гидроизоляции бетона";"3";
"гидроизоляция бетона жидким стеклом пропорции";"3";
"гидроизоляция бетона рубероидом";"3";
"гидроизоляция пола бетона под плитку";"3";
"как сделать гидроизоляцию под бетон";"3";
"гидроизоляция аэрозольная для бетона";"2";
"гидроизоляция по мокрому бетону";"2";
"пенетрон гидроизоляция для бетона способ применения";"2";
"способы гидроизоляции бетона";"2";
"акриловая гидроизоляция для бетона";"2";
"жидкая проникающая гидроизоляция для бетона";"2";
"пенетрон сухая смесь для гидроизоляции бетона";"2";
"гидроизоляция мауэрлата в бетоне";"2";
"ремонтная смесь для бетона";"349";
"ремонтная смесь для бетона мбр";"63";
"ремонтная смесь для бетона гора хрустальная";"44";
"ремонтная смесь для бетона купить";"31";
"ремонтная смесь для бетона 25кг";"30";
"ремонтная смесь для бетона 25 кг";"30";
"ремонтная смесь для бетона мбр 300";"24";
"ремонтная смесь для бетона гора хрустальная мбр";"24";
"ремонтная смесь для бетона церезит";"24";
"ремонтная смесь для бетона 400";"24";
"ремонтная смесь для бетона мбр 400";"24";
"ремонтная смесь для трещин в бетоне";"24";
"тиксотропная ремонтная смесь для бетона";"18";
"готовая ремонтная смесь для бетона";"16";
"ремонтная смесь для трещин в бетоне готовая";"16";
"морозостойкая ремонтная смесь для бетона";"16";
"ремонтная смесь для бетона cn83";"15";
"ремонтная смесь для бетона церезит cn83";"14";
"ремонтная безусадочная смесь для бетона";"14";
"цементная ремонтная смесь для бетона";"12";
"ремонтная смесь для бетона скрепа";"12";
"ремонтная смесь по бетону для наружных";"11";
"ремонтная смесь по бетону для наружных работ";"11";
"смесь ремонтная для бетона мбр500м морозостойкая 25кг";"9";
"ремонтная смесь для восстановления бетона";"9";
"ремонтная смесь для бетона 500";"8";
"ремонтная смесь для бетона мбр 500";"8";
"сухая ремонтная смесь для бетона";"7";
"лучшая ремонтная смесь для бетона";"6";
"ремонтная смесь для бетона м500";"5";
"ремонтная смесь для бетона скрепа м500";"5";
"ремонтная смесь для бетона отзывы";"5";
"ремонтно строительная смесь для бетона";"5";
"ремонтные смеси для бетона и железобетона";"5";
"ремонтная смесь для бетона r3";"5";
"ремонтная смесь для бетона на улице";"5";
"цементная ремонтная смесь для бетона мбр 500";"5";
"ремонтная смесь для бетона бирсс";"5";
"монопол ремонтная смесь для бетона";"4";
"ремонтная смесь для пола бетона";"4";
"ремонтные смеси для бетона цена";"3";
"ceresit ремонтная смесь для бетона";"3";
"смесь ремонтная для бетона мбр 400 морозостойкая";"3";
"рейтинг ремонтных смесей для бетона";"2";
"ремонтная смесь для бетона фундамент";"2";
"мапей ремонтная смесь для бетона";"2";
"cn 83 ремонтная смесь для бетона";"2";
"мастер эмако ремонтная смесь для бетона";"2";
"полимерные ремонтные смеси для бетона";"2";
"ремонтная смесь для бетона быстротвердеющая";"2";
"ремонтная смесь для бетона церезит cn 83";"2";
"ремонтная смесь для бетона церезит купить";"2";
"ремонтная смесь для бетона эмако";"2";
"ремонтная смесь для ремонта бетона";"2";
"скрепа ремонтная смесь для бетона сухая";"2";
"церезит 83 ремонтная смесь для бетона";"2";
"ремонтная смесь для бетона наливной";"2";
"озон смесь ремонтная для бетона";"2";
"ремонтная смесь для бетона своими руками";"2";
"консолит барс ремонтная смесь для бетона";"1";
"консолит ремонтная смесь для бетона";"1";
"ремонтная смесь для бетона r4";"1";
"ремонтная смесь для бетона барс";"1";
"ремонтная смесь для бетона состав";"1";
"рекс ремонтная смесь для бетона";"1";
"ремонтная смесь для бетона rk";"1";
"торкрет смесь";"7";
"ремонтная смесь гидроцем торкрет";"1";
"ремонтная смесь гидроцем торкрет 25 кг";"1";
"самовыравнивающаяся смесь";"218";
"самовыравнивающаяся смесь для пола";"80";
"выравнивание пола самовыравнивающейся смесью";"25";
"выравнивание самовыравнивающейся смесью";"25";
"наливные самовыравнивающиеся смеси";"24";
"смесь наливной пол самовыравнивающийся";"21";
"самовыравнивающейся смесью купить";"18";
"заливка самовыравнивающейся смеси";"15";
"самовыравнивающаяся смесь на цементной основе";"14";
"цементная самовыравнивающаяся смесь";"14";
"универсальная самовыравнивающаяся смесь";"12";
"заливка пола самовыравнивающейся смесью";"10";
"самовыравнивающаяся смесь расход";"10";
"смесь самовыравнивающаяся для пола на цементной основе";"9";
"цементные самовыравнивающиеся смеси для пола";"9";
"самовыравнивающаяся смесь для плитки";"8";
"самовыравнивающаяся смесь стяжка";"8";
"самовыравнивающаяся смесь для наружных работ";"8";
"смесь самовыравнивающаяся цена";"7";
"самовыравнивающаяся смесь для пола под плитку";"7";
"бетонная самовыравнивающаяся смесь";"7";
"выравнивание бетонных полов самовыравнивающейся смесью";"7";
"смесь самовыравнивающаяся церезит cn";"7";
"смесь самовыравнивающаяся церезит cn 175";"7";
"церезит самовыравнивающаяся смесь";"7";
"лучшие самовыравнивающиеся смеси";"6";
"хорошая самовыравнивающаяся смесь пол";"6";
"самовыравнивающаяся смесь для пола для наружных работ";"5";
"смеси сухие самовыравнивающиеся";"5";
"самовыравнивающийся смесь своими руками";"5";
"заливка самовыравнивающейся смеси в ванной";"5";
"смесь для стяжки пола самовыравнивающаяся";"5";
"самовыравнивающаяся смесь для технического пола";"5";
"самый лучший самовыравнивающаяся смесь наливной пол";"4";
"самовыравнивающиеся смеси ceresit";"4";
"универсальная самовыравнивающаяся смесь церезит cn 175";"4";
"гипсовые самовыравнивающиеся смеси";"4";
"самовыравнивающейся смеси для бетонного пола";"4";
"самовыравнивающиеся смеси под линолеум";"4";
"самовыравнивающийся пол под линолеум самовыравнивающейся смесью";"4";
"самовыравнивающийся смесь для пола цена";"4";
"самовыравнивающаяся смесь для бетона";"3";
"самовыравнивающаяся смесь расход на м2";"3";
"толщина самовыравнивающейся смеси";"3";
"самовыравнивающиеся смеси быстротвердеющие";"3";
"смесь сухая напольная самовыравнивающаяся";"3";
"выравнивание пола самовыравнивающейся смесью своими руками";"3";
"самовыравнивающаяся смесь для теплого";"3";
"самовыравнивающиеся полимерные смеси";"2";
"самовыравнивающаяся смесь для пола купить";"2";
"как залить пол на балконе самовыравнивающейся смесью";"2";
"самовыравнивающаяся смесь на балконе";"2";
"стоимость самовыравнивающейся смеси";"2";
"самовыравнивающиеся смеси инструкция";"2";
"как залить пол самовыравнивающейся смесью своими руками";"2";
"расход самовыравнивающейся смеси на 1 м2";"1";
"готовая самовыравнивающейся смесью";"1";
"выровнять полы самовыравнивающейся смесью";"1";
"самовыравнивающаяся смесь для пола ветонит";"1";
"самовыравнивающиеся смеси ветонит";"1";
"какие самовыравнивающиеся смеси";"1";
"устройство стяжек самовыравнивающимися смесями";"1";
"финишные самовыравнивающиеся смеси";"1";
"выравнивание пола самовыравнивающейся смесью расценка в смете";"1";
"самовыравнивающаяся смесь для пола инструкция";"1";
"самовыравнивающаяся смесь для улицы";"1";
"заливать полы самовыравнивающейся смесью видео";"1";
"как залить пол в квартире самовыравнивающейся смесью";"1";
"самовыравнивающаяся смесь для пола видео";"1";
"самовыравнивающаяся смесь для пола своими руками";"1";
"самовыравнивающиеся смеси видео";"1";
"самовыравнивающиеся смеси для пола как заливать";"1";
"смесь для заливки пола самовыравнивающейся смесью быстросохнущие";"1";
"пропитка для бетона";"638";
"глубокая пропитка для бетона";"102";
"пропитка для бетона глубокого проникновения";"100";
"укрепляющая пропитка для бетона";"64";
"пропитка для бетона от влаги";"60";
"пропитка для бетона купить";"55";
"пропитка для бетона от разрушения";"44";
"глубокая пропитка для бетона укрепляющая";"44";
"пропитка для бетона на улице";"43";
"укрепляющие пропитки для бетона глубокого проникновения";"42";
"пропитка для бетона на улице от разрушения";"40";
"пропитки для бетона для наружных";"40";
"пропитка для бетона пенетрон";"31";
"полиуретановая пропитка для бетона";"27";
"упрочняющая пропитка для бетона";"26";
"купить пропитку для бетона от влаги";"24";
"водоотталкивающая пропитка для бетона";"22";
"пропитка для бетона глубокого проникновения от влаги";"18";
"пропитка для бетона от проникновения влаги";"18";
"обеспыливающая пропитка для бетона";"18";
"гидрофобизатор для бетона пропитка";"16";
"пропитка для бетона глубокого проникновения укрепляющая уличная";"16";
"пропитка для бетона уличная";"16";
"пропитка для уличного бетона укрепляющая";"16";
"пропитка для защиты бетона";"16";
"пропитка по бетону для наружных работ";"15";
"гидрофобная пропитка для бетона";"15";
"силиконовая пропитка для бетона";"15";
"гидрофобизирующая пропитка для бетона";"15";
"этераль пропитка для бетона";"14";
"пропитка для бетона пола";"14";
"гидрофобизирующая пропитка для бетона для наружных работ";"13";
"литиевая пропитка для бетона";"13";
"пропитка для бетона на улице купить";"13";
"лак пропитка для бетона";"12";
"протексил пропитка для бетона";"12";
"глубокая пропитка для бетона купить";"11";
"пропитка для бетона укрепляющая купить";"11";
"пропитка для бетона укрепляющая уличная купить";"11";
"пропитки для бетона глубокого проникновения купить";"11";
"пропитка для бетона отмостки";"10";
"пропитка для бетона глубокого проникновения номер 5";"10";
"акриловая пропитка для бетона";"10";
"акриловые пропитки с наполнителем для бетона";"9";
"влагоудерживающая пропитка для бетона";"9";
"пропитка антиплесень для бетона";"9";
"пропитка для бетона и бетонных полов";"8";
"пропитки для бетона для внутренних работ";"7";
"пропитка для бетона от воды";"7";
"пропитка для бетона монолит";"7";
"супер бетон защита пропитка для бетона";"7";
"пропитка для бетона дифенс праймер mps";"6";
"пропитка универсальная для бетона";"6";
"пропитка для бетона отзывы";"6";
"обеспыливающая пропитка для бетона selkor";"6";
"церезит пропитка для бетона";"5";
"пропитки для кирпича и бетона";"5";
"пропитка для бетона под плитку";"5";
"водоотталкивающая пропитка для бетона для улицы";"5";
"пропитка для бетона и дерева";"5";
"водоотталкивающая пропитка для бетона глубокого проникновения";"5";
"глубокая водоотталкивающая пропитка для бетона";"5";
"пропитка антиплесень для бетона лемано про екатеринбург";"5";
"влагостойкая пропитка для бетона";"4";
"гидроизоляционная пропитка для бетона";"4";
"гидрофобная пропитка для бетона глубокого";"4";
"гидрофобная пропитка для бетона глубокого проникновения";"4";
"купить полиуретановую пропитку для бетона";"4";
"пропитка для прочности бетона";"4";
"пропитка грунтовка для бетона";"4";
"пропитка для бетона от пыли";"3";
"жидкие пропитки для бетона";"3";
"farbitex пропитка для бетона";"3";
"пропитка от плесени для бетона";"3";
"полиуретан пропитка для бетона";"3";
"литурин пропитка для бетона";"3";
"пропитка для бетона виды";"3";
"лучшая пропитка для бетона";"3";
"обеспыливающая пропитка для бетона и бетонных полов";"3";
"обеспыливающая упрочняющая пропитка для бетона";"3";
"пропитка для бетона 20м";"3";
"пропитка для бетона монолит 20м";"3";
"пропитка для бетона типром";"3";
"монолит м пропитка для бетона";"3";
"полимерная пропитка для бетона";"3";
"протексил пропитка для бетона купить";"2";
"качественная пропитка для бетона";"2";
"гидроизоляционная пропитка для бетона глубокого проникновения";"2";
"защитные пропитки для бетона";"2";
"красящая пропитка для бетона";"2";
"пропитка для бетона монопол";"2";
"пропитка для бетона своими руками";"2";
"пропитка для бетона серая";"2";
"пропитка для крошащегося бетона";"2";
"пропитка для старого бетона";"2";
"силикатная пропитка для бетона";"2";
"силикатная пропитка для бетона глубокого проникновения";"2";
"состав пропитки для бетона";"2";
"упрочняющая пропитка для бетона глубокого проникновения";"2";
"упрочняющая пропитка для старого бетона";"2";
"пропитка для бетона жидкое стекло";"2";
"колерованная пропитка для бетона";"2";
"пенетрон пропитка для бетона купить";"2";
"пропитка для бетона после шлифовки";"2";
"рейтинг пропиток для бетона";"2";
"какая пропитка для бетона лучше";"2";
"пропитка для упрочнения бетона";"2";
"топ пропиток для бетона";"2";
"литурин пропитка для бетона купить";"2";
"пропитка для гидроизоляции бетона";"2";
"аквастоун пропитка для бетона";"2";
"ашфорд формула пропитка для бетона";"2";
"декоративная пропитка для бетона";"2";
"пропитка ашфорд для бетона";"2";
"пропитка для бетона формула";"2";
"пропитка для свежеуложенного бетона";"2";
"пропитка протексил для бетона и бетонных полов";"2";
"пропитки для бетона глубокого проникновения водозащитные";"2";
"монолит 20 м пропитка для бетона";"2";
"пропитка для бетона монолит 20";"2";
"пропитка для бетона мокрый камень";"2";
"пропитка для бетона с мокрым эффектом";"2";
"пропитка для бетона с эффектом мокрого камня";"2";
"пропитка для камня и бетона";"2";
"пропитка для мокрого бетона";"2";
"пропитка бетона от воды для наружных";"2";
"пропитка бетона от воды для наружных работ";"2";
"пропитка для бетона водоотталкивающая наружных";"2";
"пропитка для бетона водоотталкивающая наружных работ";"2";
"гидроизолирующая пропитка для бетона";"2";
"гидроизолирующая пропитка для бетона глубокого проникновения";"2";
"проникающая пропитка для бетона";"2";
"литиевые пропитки для бетона купить";"1";
"пропитка для обеспыливания бетона";"1";
"как сделать пропитку для бетона";"1";
"флюатирующая пропитка для бетона";"1";
"флюатирующая пропитка для бетона купить";"1";
"флюатирующие пропитки для бетона";"1";
"monopol sealer 2e пропитка для бетона";"1";
"водонепроницаемая пропитка для бетона";"1";
"мастер пол пропитка для бетона";"1";
"пропитка для бетона monopol";"1";
"пропитка для бетона refloor ac s200";"1";
"пропитка для бетона sealer";"1";
"пропитка для бетона бетостоун";"1";
"пропитка для бетона мастер";"1";
"пропитка для бетона под покраску";"1";
"пропитка для бетона после заливки";"1";
"пропитка для бетона расход";"1";
"пропитка для бетона расценка";"1";
"пропитка для бетона расценка в смете";"1";
"пропитка для бетона цена";"1";
"пропитка химком гидрофобизатор для бетона";"1";
"пропитка для бетона от плесени и грибка";"1";
"пропитка от грибка для бетона";"1";
"купить полимерную пропитку для бетона";"1";
"протексил пропитка для бетона отзывы";"1";
"самодельная пропитка для бетона";"1";
"обеспыливающая пропитка для бетона selkor betactol";"1";
"пропитка для бетона selkor betactol";"1";
"эпоксидная пропитка для бетона";"1";
"грунтовка по бетону";"119";
"грунтовка по бетону глубокого";"39";
"грунтовка по бетону глубокого проникновения";"39";
"расход грунтовки по бетону";"12";
"грунтовка для наружных работ по бетону";"10";
"грунтовка по бетону для наружных";"10";
"краска грунтовка по бетону";"9";
"грунтовка по бетону для пола";"7";
"грунтовка по бетону для внутренних";"6";
"грунтовка по бетону для внутренних работ";"6";
"грунтовка по бетону глубокого проникновения для пола";"6";
"какие грунтовки по бетону";"5";
"расход грунтовки по бетону на 1м2";"5";
"грунтовка по бетону под шпаклевку";"5";
"антигрибковая грунтовка глубокого проникновения по бетону";"4";
"грунтовка по бетону расход на 1 м2";"4";
"грунтовка по бетону по плесени";"4";
"купить грунтовку по бетону";"4";
"какая грунтовка по бетону лучше";"4";
"лучшая грунтовка по бетону";"4";
"грунтовка по бетону под краску";"4";
"грунтовка под резиновую краску по бетону";"4";
"грунтовка глубокого проникновения расход по бетону";"3";
"грунтовка по бетону металлу";"2";
"акриловые грунтовки по бетону";"2";
"грунтовка по штукатурке бетону";"2";
"грунтовка по бетону под плитку";"2";
"грунтовка полиуретановая по бетону";"2";
"грунтовка от плесени и грибка по бетону";"2";
"грунтовка против плесени и грибка по бетону";"2";
"купить грунтовку по бетону для пола";"2";
"грунтовка для наружных работ по бетону морозостойкая";"2";
"грунтовка по бетону серая";"2";
"гидроизоляционная грунтовка по бетону";"2";
"сколько сохнет грунтовка по бетону";"1";
"цена грунтовки по бетону";"1";
"грунтовка по бетону под штукатурку";"1";
"клей пва как грунтовка по бетону";"1";
"купить грунтовку глубокого проникновения по бетону";"1";
"опоры лэп деревянные";"138";
"деревянные опоры лэп";"138";
"опора лэп 9 5 метров деревянная";"20";
"деревянные опоры лэп купить";"19";
"деревянные опоры лэп екатеринбург";"13";
"опоры лэп деревянные пропитанные";"10";
"деревянная опора лэп в жб кольце";"6";
"деревянная опора лэп 10 кв";"5";
"деревянные опоры лэп нижний тагил";"5";
"деревянная опора лэп гост";"3";
"деревянная опора лэп цена";"2";
"деревянные опоры лэп 9.5";"2";
"купить опоры деревянные 9.5 пропитанные для лэп";"2";
"опора лэп деревянная пропитанная купить";"2";
"высота деревянной опоры лэп";"2";
"требования к деревянным опорам лэп";"2";
"демонтаж деревянной опоры лэп";"1";
"деревянная опора лэп установка";"1";
"опоры деревянные для лэп размеры";"1";
"деревянная опора лэп 11 м";"1";
"деревянная опора лэп красноярск";"1";
"деревянные опоры лэп 11";"1";
"вес деревянной опоры лэп";"1";
"опора лэп деревянная пропитанная вес";"1";
"столбы опоры лэп деревянные";"1";
"шпалы пропитанные";"291";
"шпалы деревянные пропитанные";"160";
"чем пропитывают шпалы";"84";
"шпала пропитанная купить";"84";
"шпалы деревянные пропитанные купить";"73";
"купить шпалы деревянные пропитанные екб";"24";
"шпала деревянная пропитанная тип";"24";
"шпала пропитанная тип 2";"21";
"чем пропитывают железнодорожные шпалы";"20";
"чем пропитывают шпалы деревянные железнодорожные";"17";
"шпала деревянная пропитанная купить в екатеринбурге";"16";
"шпалы деревянные пропитанные 2 типа";"14";
"шпала пропитанная гост";"13";
"шпалы пропитанные цена";"13";
"закупки шпалы пропитанной";"12";
"шпалы пропитанные креозотом";"11";
"гост шпалы деревянные пропитанные";"10";
"сколько весит шпала пропитанная";"8";
"шпала пропитанная 1 типа";"8";
"цена пропитанных шпал в екб";"8";
"купить шпалу деревянную пропитанную 2 типа";"7";
"купить шпалу пропитанную тип 2";"7";
"чем пропитаны шпалы на железной дороге";"7";
"чем пропитывают шпалы на железной";"7";
"сколько весит шпала деревянная пропитанная";"6";
"шпала деревянная пропитанная тип 1";"6";
"шпалы деревянные пропитанные цена";"4";
"шпалы деревянные пропитанные креозотом";"3";
"шпала пропитанная вес";"3";
"шпала деревянная пропитанная ii тип";"3";
"шпала тип ii пропитанная";"3";
"вес шпал деревянных пропитанных";"2";
"купить шпалы деревянные пропитанные новые";"2";
"шпалы деревянные пропитанные новые";"2";
"шпалы железнодорожные деревянные пропитанные антисептическими средствами";"2";
"шпалы железнодорожные деревянные пропитанные антисептическими средствами отработанные";"2";
"шпалы пропитанные новые";"2";
"шпалы пропитанные б у";"2";
"вес шпалы деревянной железнодорожной пропитанной";"1";
"сколько весит шпала железнодорожная деревянная пропитанная";"1";
"чем пропитывают шпалы на железной дороге деревянные";"1";
"вес 1 шпалы деревянной пропитанной";"1";
"купить шпалы деревянные пропитанные бу";"1";
"куплю шпалу пропитанную бу";"1";
"шпалы деревянные пропитанные бу";"1";
"шпалы деревянные пропитанные вредны ли";"1";
"шпалы деревянные пропитанные вредны ли для здоровья";"1";
"сколько весит шпала деревянная пропитанная 2.70";"1";
"чем пропитывали шпалы в ссср";"1";
"чем пропитывали шпалы в ссср деревянные";"1";
"чем пропитывают шпалы деревянные железнодорожные в ссср";"1";
